-- phpMyAdmin SQL Dump
-- version 4.9.2
-- https://www.phpmyadmin.net/
--
-- Servidor: 127.0.0.1:3306
-- Tiempo de generación: 23-12-2021 a las 01:42:23
-- Versión del servidor: 10.4.10-MariaDB
-- Versión de PHP: 7.3.12

SET SQL_MODE = "NO_AUTO_VALUE_ON_ZERO";
SET AUTOCOMMIT = 0;
START TRANSACTION;
SET time_zone = "+00:00";


/*!40101 SET @OLD_CHARACTER_SET_CLIENT=@@CHARACTER_SET_CLIENT */;
/*!40101 SET @OLD_CHARACTER_SET_RESULTS=@@CHARACTER_SET_RESULTS */;
/*!40101 SET @OLD_COLLATION_CONNECTION=@@COLLATION_CONNECTION */;
/*!40101 SET NAMES utf8mb4 */;

--
-- Base de datos: `bd_elconde`
--

-- --------------------------------------------------------

--
-- Estructura de tabla para la tabla `asignaciones`
--

DROP TABLE IF EXISTS `asignaciones`;
CREATE TABLE IF NOT EXISTS `asignaciones` (
  `id` int(11) NOT NULL AUTO_INCREMENT,
  `empleado` int(11) DEFAULT NULL,
  `cantidad` int(11) DEFAULT 1,
  `producto_id` int(11) DEFAULT NULL,
  `fecha` date DEFAULT NULL,
  `created_at` datetime DEFAULT NULL,
  `updated_at` datetime DEFAULT NULL,
  PRIMARY KEY (`id`),
  KEY `fk_asignaciones_empleados` (`empleado`),
  KEY `fk_asignaciones_herramienta` (`producto_id`)
) ENGINE=InnoDB AUTO_INCREMENT=19 DEFAULT CHARSET=utf8;

--
-- Volcado de datos para la tabla `asignaciones`
--

INSERT INTO `asignaciones` (`id`, `empleado`, `cantidad`, `producto_id`, `fecha`, `created_at`, `updated_at`) VALUES
(2, 1, 1, 3, '2020-08-01', '2020-08-01 06:10:21', '2020-08-01 06:10:21'),
(3, 1, 1, 4, '2020-08-01', '2020-08-01 06:10:30', '2020-08-01 06:10:30'),
(4, 2, 1, 5, '2020-08-01', '2020-08-01 06:12:16', '2020-08-01 06:12:16'),
(5, 2, 1, 6, '2020-08-01', '2020-08-01 06:12:26', '2020-08-01 06:12:26'),
(6, 2, 1, 3, '2020-08-01', '2020-08-01 06:12:37', '2020-08-01 06:12:37'),
(7, 1, 1, 5, '2020-11-10', '2020-11-10 11:31:08', '2020-11-10 11:31:08'),
(8, 4, 1, 5, '2020-11-10', '2020-11-10 11:31:14', '2020-11-10 11:31:14'),
(9, 2, 1, 4, '2020-11-10', '2020-11-10 11:31:31', '2020-11-10 11:31:31'),
(10, 4, 1, 4, '2020-11-10', '2020-11-10 11:31:59', '2020-11-10 11:31:59'),
(11, 4, 1, 6, '2020-11-10', '2020-11-10 11:34:07', '2020-11-10 11:34:07'),
(12, 1, 1, 6, '2020-11-10', '2020-11-10 11:34:22', '2020-11-10 11:34:22'),
(13, 1, 1, 3, '2020-11-10', '2020-11-10 11:34:45', '2020-11-10 11:34:45'),
(14, 4, 1, 3, '2020-11-10', '2020-11-10 11:34:54', '2020-11-10 11:34:54'),
(17, 2, 2, 98, '2021-01-03', '2021-01-03 11:14:21', '2021-01-03 11:14:21'),
(18, 2, 4, 98, '2021-01-03', '2021-01-03 11:40:26', '2021-01-03 11:40:26');

-- --------------------------------------------------------

--
-- Estructura de tabla para la tabla `caja_aperturas`
--

DROP TABLE IF EXISTS `caja_aperturas`;
CREATE TABLE IF NOT EXISTS `caja_aperturas` (
  `id` int(11) NOT NULL AUTO_INCREMENT,
  `fecha` date DEFAULT NULL,
  `total` decimal(10,2) DEFAULT NULL,
  `created_by` int(11) DEFAULT NULL,
  `created_at` datetime DEFAULT NULL,
  `updated_at` datetime DEFAULT NULL,
  PRIMARY KEY (`id`),
  KEY `fk_caja_aperturas_usuarios` (`created_by`)
) ENGINE=InnoDB AUTO_INCREMENT=133 DEFAULT CHARSET=utf8;

--
-- Volcado de datos para la tabla `caja_aperturas`
--

INSERT INTO `caja_aperturas` (`id`, `fecha`, `total`, `created_by`, `created_at`, `updated_at`) VALUES
(1, '2020-07-22', '300.00', 1, '2020-07-22 07:17:45', '2020-07-22 07:17:45'),
(2, '2020-08-01', '300.00', 1, '2020-08-01 06:37:16', '2020-08-01 06:37:16'),
(3, '2020-08-03', '300.00', 2, '2020-08-03 10:20:58', '2020-08-03 10:21:10'),
(4, '2020-08-04', '300.00', 2, '2020-08-04 10:38:46', '2020-08-04 10:38:46'),
(5, '2020-08-05', '300.00', 2, '2020-08-05 10:27:47', '2020-08-05 10:29:16'),
(6, '2020-08-06', '300.00', 2, '2020-08-06 12:01:46', '2020-08-06 12:01:46'),
(7, '2020-08-07', '300.00', 2, '2020-08-07 10:31:36', '2020-08-07 10:36:19'),
(8, '2020-08-08', '300.00', 2, '2020-08-08 10:54:16', '2020-08-08 10:54:40'),
(9, '2020-08-10', '300.00', 2, '2020-08-10 11:14:31', '2020-08-10 11:14:31'),
(10, '2020-08-11', '300.00', 2, '2020-08-11 11:02:23', '2020-08-11 11:02:23'),
(11, '2020-08-12', '300.00', 2, '2020-08-12 10:06:06', '2020-08-12 10:06:06'),
(12, '2020-08-13', '300.00', 2, '2020-08-13 10:16:18', '2020-08-13 10:16:18'),
(13, '2020-08-14', '300.00', 2, '2020-08-14 10:37:16', '2020-08-14 10:37:16'),
(14, '2020-08-15', '300.00', 2, '2020-08-15 10:43:10', '2020-08-15 10:43:10'),
(15, '2020-08-17', '300.00', 2, '2020-08-17 10:19:04', '2020-08-17 10:19:04'),
(16, '2020-08-18', '300.00', 2, '2020-08-18 10:22:57', '2020-08-18 10:25:10'),
(17, '2020-08-19', '300.00', 2, '2020-08-19 11:08:33', '2020-08-19 11:08:33'),
(18, '2020-08-20', '300.00', 2, '2020-08-20 10:20:38', '2020-08-20 10:32:10'),
(19, '2020-08-21', '300.00', 1, '2020-08-22 10:21:20', '2020-08-22 10:21:20'),
(20, '2020-08-22', '300.00', 2, '2020-08-22 10:35:57', '2020-08-22 10:36:20'),
(21, '2020-08-24', '300.00', 2, '2020-08-24 10:22:44', '2020-08-24 10:24:52'),
(22, '2020-08-25', '300.00', 2, '2020-08-25 10:16:27', '2020-08-25 10:17:34'),
(23, '2020-08-26', '300.00', 2, '2020-08-26 10:30:06', '2020-08-26 10:30:11'),
(24, '2020-08-27', '300.00', 2, '2020-08-27 10:26:49', '2020-08-27 10:31:53'),
(25, '2020-08-28', '300.00', 2, '2020-08-28 10:33:28', '2020-08-28 10:40:32'),
(26, '2020-08-29', '300.00', 2, '2020-08-29 10:58:09', '2020-08-29 11:06:21'),
(27, '2020-08-31', '300.00', 2, '2020-08-31 10:17:00', '2020-08-31 10:17:00'),
(28, '2020-09-01', '300.00', 2, '2020-09-01 10:21:04', '2020-09-01 10:22:00'),
(29, '2020-09-02', '300.00', 2, '2020-09-02 10:39:38', '2020-09-02 10:39:38'),
(30, '2020-09-03', '300.00', 2, '2020-09-03 10:14:20', '2020-09-03 10:17:28'),
(31, '2020-09-04', '300.00', 2, '2020-09-04 10:53:35', '2020-09-04 10:53:40'),
(32, '2020-09-05', '300.00', 2, '2020-09-05 10:41:53', '2020-09-05 10:41:59'),
(33, '2020-09-07', '300.00', 2, '2020-09-07 10:16:33', '2020-09-07 10:17:46'),
(34, '2020-09-08', '300.00', 2, '2020-09-08 10:38:17', '2020-09-08 10:41:39'),
(35, '2020-09-09', '300.00', 2, '2020-09-09 10:21:00', '2020-09-09 10:27:53'),
(36, '2020-09-10', '300.00', 2, '2020-09-10 10:37:36', '2020-09-10 10:41:00'),
(37, '2020-09-11', '300.00', 2, '2020-09-11 10:31:18', '2020-09-11 10:42:36'),
(38, '2020-09-12', '300.00', 2, '2020-09-12 10:13:25', '2020-09-12 10:19:16'),
(39, '2020-09-14', '300.00', 2, '2020-09-14 10:38:20', '2020-09-14 10:38:26'),
(40, '2020-09-15', '300.00', 2, '2020-09-15 10:40:42', '2020-09-15 10:40:48'),
(41, '2020-09-16', '300.00', 2, '2020-09-16 10:31:06', '2020-09-16 10:32:16'),
(42, '2020-09-17', '300.00', 2, '2020-09-17 10:28:48', '2020-09-17 10:29:12'),
(43, '2020-09-18', '300.00', 2, '2020-09-18 10:15:37', '2020-09-18 10:19:06'),
(44, '2020-09-19', '300.00', 2, '2020-09-19 10:43:23', '2020-09-19 11:34:17'),
(45, '2020-09-21', '300.00', 2, '2020-09-21 10:22:23', '2020-09-21 10:23:32'),
(46, '2020-09-22', '300.00', 2, '2020-09-22 10:32:34', '2020-09-22 10:32:38'),
(47, '2020-09-23', '300.00', 2, '2020-09-23 12:44:20', '2020-09-23 12:44:24'),
(48, '2020-09-24', '300.00', 2, '2020-09-24 12:03:11', '2020-09-24 12:03:49'),
(49, '2020-09-25', '300.00', 2, '2020-09-25 10:31:09', '2020-09-25 10:31:19'),
(50, '2020-09-26', '300.00', 2, '2020-09-26 10:38:19', '2020-09-26 10:59:54'),
(51, '2020-09-28', '300.00', 2, '2020-09-28 10:34:12', '2020-09-28 10:57:01'),
(52, '2020-09-29', '300.00', 2, '2020-09-29 10:33:51', '2020-09-29 10:33:55'),
(53, '2020-09-30', '300.00', 2, '2020-09-30 10:24:35', '2020-09-30 10:25:05'),
(54, '2020-10-01', '300.00', 2, '2020-10-01 11:04:16', '2020-10-01 11:04:18'),
(55, '2020-10-02', '300.00', 2, '2020-10-02 10:36:37', '2020-10-02 10:39:42'),
(56, '2020-10-03', '300.00', 2, '2020-10-03 10:15:06', '2020-10-03 10:18:07'),
(57, '2020-10-05', '300.00', 2, '2020-10-05 10:58:06', '2020-10-05 10:59:44'),
(58, '2020-10-06', '300.00', 2, '2020-10-06 11:42:57', '2020-10-06 11:44:15'),
(59, '2020-10-08', '300.00', 2, '2020-10-08 10:32:37', '2020-10-08 10:35:10'),
(60, '2020-10-07', '300.00', 1, '2020-10-08 13:36:20', '2020-10-08 13:36:20'),
(61, '2020-10-09', '300.00', 2, '2020-10-09 10:31:26', '2020-10-09 10:31:35'),
(62, '2020-10-10', '300.00', 2, '2020-10-10 10:54:14', '2020-10-10 10:54:18'),
(63, '2020-10-12', '300.00', 2, '2020-10-12 10:57:13', '2020-10-12 10:57:15'),
(64, '2020-10-13', '300.00', 2, '2020-10-13 10:34:43', '2020-10-13 10:34:47'),
(65, '2020-10-14', '300.00', 2, '2020-10-14 11:17:55', '2020-10-14 11:19:37'),
(66, '2020-10-15', '300.00', 2, '2020-10-15 11:29:21', '2020-10-15 11:29:26'),
(67, '2020-10-16', '300.00', 2, '2020-10-16 10:15:07', '2020-10-16 11:02:15'),
(68, '2020-10-17', '300.00', 2, '2020-10-17 10:38:53', '2020-10-17 10:38:57'),
(69, '2020-10-19', '300.00', 2, '2020-10-19 10:50:49', '2020-10-19 11:11:57'),
(70, '2020-10-20', '300.00', 2, '2020-10-20 10:42:40', '2020-10-20 10:42:42'),
(71, '2020-10-21', '300.00', 2, '2020-10-21 10:18:49', '2020-10-21 10:20:46'),
(72, '2020-10-22', '300.00', 2, '2020-10-22 10:41:56', '2020-10-22 10:41:59'),
(73, '2020-10-23', '300.00', 2, '2020-10-23 12:02:27', '2020-10-23 12:02:33'),
(74, '2020-10-24', '300.00', 2, '2020-10-24 10:32:28', '2020-10-24 10:35:11'),
(75, '2020-10-26', '300.00', 2, '2020-10-26 10:29:39', '2020-10-26 10:29:45'),
(76, '2020-10-27', '300.00', 2, '2020-10-27 10:28:41', '2020-10-27 10:29:19'),
(77, '2020-10-28', '300.00', 2, '2020-10-28 10:27:01', '2020-10-28 10:28:36'),
(78, '2020-10-29', '300.00', 2, '2020-10-29 10:34:21', '2020-10-29 10:34:40'),
(79, '2020-10-31', '300.00', 2, '2020-10-31 10:32:46', '2020-10-31 10:32:51'),
(80, '2020-10-30', '300.00', 1, '2020-10-31 13:19:30', '2020-10-31 13:19:30'),
(81, '2020-11-02', '300.00', 2, '2020-11-02 10:32:16', '2020-11-02 10:32:17'),
(82, '2020-11-03', '300.00', 2, '2020-11-03 10:39:49', '2020-11-03 10:39:56'),
(83, '2020-11-04', '300.00', 2, '2020-11-04 10:35:58', '2020-11-04 10:38:40'),
(84, '2020-11-05', '300.00', 2, '2020-11-05 10:40:03', '2020-11-05 10:40:05'),
(85, '2020-11-06', '300.00', 2, '2020-11-06 10:31:56', '2020-11-06 10:32:30'),
(86, '2020-11-07', '300.00', 2, '2020-11-07 10:33:14', '2020-11-07 10:33:15'),
(87, '2020-11-09', '300.00', 2, '2020-11-09 12:50:20', '2020-11-09 12:50:22'),
(88, '2020-11-10', '300.00', 2, '2020-11-10 10:22:19', '2020-11-10 10:50:02'),
(89, '2020-11-11', '300.00', 2, '2020-11-11 20:29:39', '2020-11-11 20:29:41'),
(90, '2020-11-12', '300.00', 2, '2020-11-12 11:15:54', '2020-11-12 11:15:59'),
(91, '2020-11-13', '300.00', 2, '2020-11-13 10:36:54', '2020-11-13 10:37:11'),
(92, '2020-11-14', '250.00', 2, '2020-11-14 10:17:50', '2020-11-14 10:24:12'),
(93, '2020-11-16', '250.00', 2, '2020-11-16 20:05:49', '2020-11-16 20:06:18'),
(94, '2020-11-17', '300.00', 2, '2020-11-17 10:31:02', '2020-11-17 10:31:04'),
(95, '2020-11-18', '300.00', 2, '2020-11-18 10:25:09', '2020-11-18 10:25:17'),
(96, '2020-11-19', '300.00', 2, '2020-11-19 10:14:03', '2020-11-19 10:14:05'),
(97, '2020-11-20', '300.00', 2, '2020-11-20 10:26:52', '2020-11-20 10:26:56'),
(98, '2020-11-21', '300.00', 2, '2020-11-21 10:33:31', '2020-11-21 10:33:34'),
(99, '2020-11-23', '300.00', 2, '2020-11-23 11:32:51', '2020-11-23 11:33:00'),
(100, '2020-11-24', '300.00', 2, '2020-11-24 10:20:23', '2020-11-24 10:29:41'),
(101, '2020-11-25', '300.00', 2, '2020-11-25 10:31:42', '2020-11-25 10:31:50'),
(102, '2020-11-26', '300.00', 2, '2020-11-26 10:32:41', '2020-11-26 10:35:50'),
(103, '2020-11-27', '300.00', 2, '2020-11-27 11:04:30', '2020-11-27 11:04:39'),
(104, '2020-11-28', '300.00', 2, '2020-11-28 19:58:32', '2020-11-28 19:58:33'),
(105, '2020-11-30', '300.00', 2, '2020-11-30 10:48:23', '2020-11-30 10:49:54'),
(106, '2020-12-01', '300.00', 2, '2020-12-01 10:32:00', '2020-12-01 10:32:16'),
(107, '2020-12-02', '300.00', 2, '2020-12-02 11:22:38', '2020-12-02 11:22:42'),
(108, '2020-12-03', '300.00', 2, '2020-12-03 10:32:33', '2020-12-03 10:32:58'),
(109, '2020-12-04', '300.00', 2, '2020-12-04 10:33:35', '2020-12-04 10:33:37'),
(110, '2020-12-05', '300.00', 2, '2020-12-05 10:22:39', '2020-12-05 10:22:50'),
(111, '2020-12-07', '300.00', 2, '2020-12-07 10:38:58', '2020-12-07 10:39:19'),
(112, '2020-12-08', '300.00', 2, '2020-12-08 10:48:42', '2020-12-08 10:50:45'),
(113, '2020-12-09', '300.00', 2, '2020-12-09 10:17:05', '2020-12-09 10:18:29'),
(114, '2020-12-10', '300.00', 2, '2020-12-10 10:37:30', '2020-12-10 10:37:31'),
(115, '2020-12-11', '300.00', 2, '2020-12-11 10:46:01', '2020-12-11 10:53:48'),
(116, '2020-12-12', '300.00', 2, '2020-12-12 10:34:18', '2020-12-12 10:34:20'),
(117, '2020-12-14', '300.00', 2, '2020-12-14 10:42:01', '2020-12-14 11:10:20'),
(118, '2020-12-15', '300.00', 2, '2020-12-15 10:12:40', '2020-12-15 10:12:42'),
(119, '2020-12-16', '300.00', 2, '2020-12-16 11:46:53', '2020-12-16 11:46:54'),
(120, '2020-12-17', '300.00', 2, '2020-12-17 10:54:40', '2020-12-17 10:56:24'),
(121, '2020-12-18', '300.00', 2, '2020-12-18 10:29:47', '2020-12-18 10:48:09'),
(122, '2020-12-19', '300.00', 2, '2020-12-19 10:35:26', '2020-12-19 10:35:30'),
(123, '2020-12-21', '300.00', 2, '2020-12-21 20:17:27', '2020-12-21 20:17:28'),
(124, '2020-12-22', '300.00', 2, '2020-12-22 10:31:49', '2020-12-22 10:31:53'),
(125, '2020-12-23', '300.00', 2, '2020-12-23 10:34:21', '2020-12-23 10:34:58'),
(126, '2020-12-24', '300.00', 2, '2020-12-24 10:56:48', '2020-12-24 11:00:55'),
(127, '2020-12-26', '300.00', 2, '2020-12-26 10:50:36', '2020-12-26 10:50:37'),
(128, '2020-12-28', '300.00', 2, '2020-12-28 10:42:44', '2020-12-28 10:42:49'),
(129, '2020-12-29', '300.00', 2, '2020-12-29 20:22:15', '2020-12-29 20:22:15'),
(130, '2020-12-30', '300.00', 2, '2020-12-30 10:34:15', '2020-12-30 10:34:17'),
(131, '2020-12-31', '300.00', 2, '2020-12-31 19:51:47', '2020-12-31 19:51:58'),
(132, '2021-01-02', '300.00', 2, '2021-01-02 11:20:04', '2021-01-02 11:20:05');

-- --------------------------------------------------------

--
-- Estructura de tabla para la tabla `caja_cierres`
--

DROP TABLE IF EXISTS `caja_cierres`;
CREATE TABLE IF NOT EXISTS `caja_cierres` (
  `id` int(11) NOT NULL AUTO_INCREMENT,
  `fecha` date DEFAULT NULL,
  `bil_200` int(11) DEFAULT NULL,
  `bil_100` int(11) DEFAULT NULL,
  `bil_50` int(11) DEFAULT NULL,
  `bil_20` int(11) DEFAULT NULL,
  `bil_10` int(11) DEFAULT NULL,
  `mon_05` int(11) DEFAULT NULL,
  `mon_02` int(11) DEFAULT NULL,
  `mon_01` int(11) DEFAULT NULL,
  `mon_50` int(11) DEFAULT NULL,
  `mon_20` int(11) DEFAULT NULL,
  `mon_10` int(11) DEFAULT NULL,
  `total` decimal(10,2) DEFAULT NULL,
  `created_by` int(11) DEFAULT NULL,
  `created_at` datetime DEFAULT NULL,
  `updated_at` datetime DEFAULT NULL,
  PRIMARY KEY (`id`),
  KEY `fk_caja_cierres_usuarios` (`created_by`)
) ENGINE=InnoDB AUTO_INCREMENT=128 DEFAULT CHARSET=utf8;

--
-- Volcado de datos para la tabla `caja_cierres`
--

INSERT INTO `caja_cierres` (`id`, `fecha`, `bil_200`, `bil_100`, `bil_50`, `bil_20`, `bil_10`, `mon_05`, `mon_02`, `mon_01`, `mon_50`, `mon_20`, `mon_10`, `total`, `created_by`, `created_at`, `updated_at`) VALUES
(1, '2020-08-05', 0, 0, 1, 2, 0, 0, 1, 0, 0, 0, 0, '92.00', 2, '2020-08-05 19:30:03', '2020-08-05 19:30:03'),
(2, '2020-08-06', 0, 1, 1, 0, 1, 0, 2, 1, 0, 0, 0, '165.00', 2, '2020-08-06 19:20:48', '2020-08-06 19:20:48'),
(3, '2020-08-07', 0, 0, 1, 7, 4, 0, 0, 0, 0, 0, 0, '230.00', 2, '2020-08-07 19:29:07', '2020-08-07 19:29:07'),
(4, '2020-08-08', 0, 0, 5, 4, 3, 3, 0, 0, 0, 0, 0, '375.00', 2, '2020-08-08 19:32:04', '2020-08-08 19:32:04'),
(5, '2020-08-10', 0, 2, 4, 5, 5, 6, 6, 14, 8, 0, 0, '610.00', 2, '2020-08-10 19:32:33', '2020-08-10 19:35:14'),
(6, '2020-08-11', 0, 1, 4, 8, 3, 5, 6, 1, 0, 0, 4, '528.40', 2, '2020-08-11 19:22:29', '2020-08-11 19:22:29'),
(7, '2020-08-12', 0, 0, 1, 18, 4, 5, 1, 0, 0, 0, 0, '477.00', 2, '2020-08-12 19:24:40', '2020-08-12 19:48:23'),
(8, '2020-08-13', 0, 0, 1, 8, 7, 8, 20, 0, 0, 0, 0, '360.00', 2, '2020-08-13 19:53:32', '2020-08-13 20:25:50'),
(9, '2020-08-14', 0, 0, 1, 15, 6, 8, 23, 4, 0, 0, 0, '500.00', 2, '2020-08-14 19:40:56', '2020-08-14 19:50:19'),
(10, '2020-08-15', 0, 1, 3, 5, 1, 5, 21, 3, 0, 0, 0, '430.00', 2, '2020-08-15 20:02:46', '2020-08-15 20:10:21'),
(11, '2020-08-17', 0, 1, 2, 3, 8, 3, 0, 0, 0, 0, 0, '355.00', 2, '2020-08-17 19:20:52', '2020-08-17 19:21:44'),
(12, '2020-08-18', 0, 1, 2, 12, 3, 3, 2, 1, 1, 0, 0, '490.50', 2, '2020-08-18 19:29:51', '2020-08-18 19:51:23'),
(13, '2020-08-19', 0, 0, 1, 14, 0, 10, 0, 20, 0, 0, 0, '400.00', 2, '2020-08-19 19:25:35', '2020-08-19 19:27:14'),
(14, '2020-08-20', 0, 2, 0, 6, 7, 10, 4, 19, 0, 2, 1, '467.50', 2, '2020-08-20 19:30:42', '2020-08-20 19:33:07'),
(15, '2020-08-21', 0, 0, 3, 7, 6, 10, 0, 10, 0, 0, 0, '410.00', 1, '2020-08-21 19:40:36', '2020-08-22 11:03:46'),
(16, '2020-08-22', 0, 2, 2, 10, 1, 1, 0, 1, 0, 0, 0, '516.00', 2, '2020-08-22 19:16:14', '2020-08-22 19:16:50'),
(17, '2020-08-24', 0, 2, 1, 5, 3, 12, 1, 0, 1, 0, 0, '442.50', 2, '2020-08-24 20:01:36', '2020-08-24 20:06:02'),
(18, '2020-08-25', 0, 0, 1, 6, 0, 31, 2, 2, 3, 0, 0, '332.50', 2, '2020-08-25 19:31:31', '2020-08-25 19:31:31'),
(19, '2020-08-26', 0, 1, 0, 1, 5, 30, 1, 0, 1, 0, 0, '322.50', 2, '2020-08-26 19:58:17', '2020-08-26 19:58:17'),
(20, '2020-08-27', 0, 2, 0, 4, 3, 23, 0, 0, 0, 0, 0, '425.00', 2, '2020-08-27 20:00:38', '2020-08-27 20:00:39'),
(21, '2020-08-28', 0, 0, 4, 9, 0, 10, 3, 5, 3, 3, 3, '443.40', 2, '2020-08-28 19:57:23', '2020-08-28 19:57:23'),
(22, '2020-08-29', 0, 1, 2, 6, 4, 4, 7, 6, 0, 0, 1, '400.10', 2, '2020-08-29 19:19:47', '2020-08-29 19:21:22'),
(23, '2020-08-31', 0, 2, 0, 0, 17, 4, 6, 1, 19, 0, 0, '412.50', 2, '2020-08-31 19:21:36', '2020-08-31 19:23:43'),
(24, '2020-09-01', 0, 1, 1, 8, 6, 2, 1, 1, 7, 0, 0, '386.50', 2, '2020-09-01 18:56:38', '2020-09-01 19:41:10'),
(25, '2020-09-02', 0, 0, 1, 13, 7, 2, 20, 2, 1, 0, 0, '432.50', 2, '2020-09-02 20:29:14', '2020-09-02 20:33:46'),
(26, '2020-09-03', 0, 1, 0, 14, 1, 3, 21, 1, 0, 0, 0, '448.00', 2, '2020-09-03 19:26:21', '2020-09-03 19:27:04'),
(27, '2020-09-04', 0, 2, 0, 0, 0, 24, 20, 0, 0, 0, 0, '360.00', 2, '2020-09-04 19:24:59', '2020-09-04 19:26:23'),
(28, '2020-09-05', 0, 3, 0, 0, 4, 4, 20, 0, 1, 0, 0, '400.50', 2, '2020-09-05 19:06:35', '2020-09-05 19:09:07'),
(29, '2020-09-07', 0, 3, 0, 6, 1, 3, 8, 0, 0, 0, 0, '461.00', 2, '2020-09-07 19:37:25', '2020-09-07 19:38:41'),
(30, '2020-09-08', 0, 0, 2, 10, 1, 2, 3, 0, 0, 0, 0, '326.00', 2, '2020-09-08 20:03:34', '2020-09-08 20:05:04'),
(31, '2020-09-09', 0, 0, 2, 16, 1, 5, 4, 5, 4, 0, 0, '470.00', 2, '2020-09-09 20:13:56', '2020-09-09 20:13:56'),
(32, '2020-09-10', 0, 1, 5, 4, 1, 5, 2, 5, 2, 0, 0, '475.00', 2, '2020-09-10 19:45:16', '2020-09-10 19:47:53'),
(33, '2020-09-11', 0, 0, 0, 13, 4, 21, 0, 3, 19, 0, 0, '417.50', 2, '2020-09-11 20:46:13', '2020-09-11 20:46:17'),
(34, '2020-09-12', 0, 1, 3, 9, 6, 7, 0, 1, 18, 0, 0, '535.00', 2, '2020-09-12 19:15:31', '2020-09-12 19:27:59'),
(35, '2020-09-14', 0, 2, 1, 10, 2, 1, 0, 0, 2, 0, 0, '476.00', 2, '2020-09-14 20:27:46', '2020-09-14 20:27:46'),
(36, '2020-09-15', 0, 1, 1, 6, 7, 10, 0, 10, 0, 0, 0, '400.00', 2, '2020-09-15 20:34:09', '2020-09-15 20:34:12'),
(37, '2020-09-16', 0, 0, 1, 15, 11, 7, 0, 13, 0, 0, 0, '508.00', 2, '2020-09-16 20:02:59', '2020-09-16 20:06:10'),
(38, '2020-09-17', 0, 0, 0, 21, 6, 1, 0, 1, 3, 0, 0, '487.50', 2, '2020-09-17 20:07:06', '2020-09-17 20:07:10'),
(39, '2020-09-18', 0, 0, 3, 9, 12, 3, 23, 22, 2, 0, 0, '534.00', 2, '2020-09-18 20:07:16', '2020-09-18 20:10:54'),
(40, '2020-09-19', 0, 0, 6, 9, 4, 1, 4, 13, 4, 0, 4, '548.40', 2, '2020-09-19 19:37:34', '2020-09-19 19:37:41'),
(41, '2020-09-21', 0, 0, 2, 11, 0, 0, 4, 10, 4, 0, 0, '340.00', 2, '2020-09-21 20:05:03', '2020-09-21 20:08:59'),
(42, '2020-09-22', 0, 3, 0, 25, 1, 0, 0, 0, 1, 0, 0, '810.50', 2, '2020-09-22 20:13:27', '2020-09-22 20:14:13'),
(43, '2020-09-23', 0, 1, 3, 7, 4, 5, 4, 2, 0, 0, 0, '465.00', 2, '2020-09-23 20:39:55', '2020-09-23 20:40:51'),
(44, '2020-09-24', 0, 1, 0, 11, 3, 2, 3, 2, 1, 0, 0, '368.50', 2, '2020-09-24 20:06:00', '2020-09-24 20:06:05'),
(45, '2020-09-25', 0, 0, 3, 14, 1, 1, 0, 1, 0, 0, 0, '446.00', 2, '2020-09-25 19:36:27', '2020-09-25 19:41:24'),
(46, '2020-09-26', 0, 0, 0, 12, 4, 10, 0, 12, 1, 0, 0, '342.50', 2, '2020-09-26 21:28:11', '2020-09-26 21:28:16'),
(47, '2020-09-28', 0, 2, 0, 3, 6, 14, 1, 8, 1, 0, 0, '400.50', 2, '2020-09-28 19:47:15', '2020-09-28 19:51:37'),
(48, '2020-09-29', 0, 2, 0, 5, 4, 10, 7, 3, 1, 0, 0, '407.50', 2, '2020-09-29 19:56:17', '2020-09-29 19:57:48'),
(49, '2020-09-30', 0, 0, 2, 9, 5, 9, 5, 9, 2, 0, 0, '395.00', 2, '2020-09-30 20:36:00', '2020-09-30 20:36:45'),
(50, '2020-10-01', 0, 0, 1, 15, 1, 6, 4, 7, 1, 0, 4, '405.90', 2, '2020-10-01 20:29:09', '2020-10-01 20:29:21'),
(51, '2020-10-02', 0, 0, 2, 18, 3, 0, 1, 0, 0, 0, 0, '492.00', 2, '2020-10-02 20:45:27', '2020-10-02 20:45:34'),
(52, '2020-10-03', 0, 4, 0, 0, 3, 0, 0, 2, 1, 0, 0, '432.50', 2, '2020-10-03 20:10:55', '2020-10-03 20:22:32'),
(53, '2020-10-05', 0, 1, 3, 9, 0, 0, 0, 0, 0, 0, 0, '430.00', 2, '2020-10-05 19:41:03', '2020-10-05 19:41:09'),
(54, '2020-10-06', 0, 1, 0, 18, 1, 0, 0, 0, 0, 0, 0, '470.00', 2, '2020-10-06 19:57:35', '2020-10-07 10:16:14'),
(55, '2020-10-07', 0, 2, 2, 5, 6, 1, 1, 0, 1, 0, 0, '467.50', 2, '2020-10-07 19:36:34', '2020-10-07 19:38:25'),
(56, '2020-10-08', 0, 1, 3, 4, 5, 5, 3, 2, 0, 2, 1, '413.50', 2, '2020-10-08 17:58:09', '2020-10-08 17:58:13'),
(57, '2020-10-09', 0, 2, 4, 3, 5, 1, 0, 3, 1, 0, 0, '518.50', 2, '2020-10-09 20:24:41', '2020-10-09 20:24:49'),
(58, '2020-10-10', 0, 0, 2, 13, 9, 2, 2, 1, 0, 0, 0, '465.00', 2, '2020-10-10 20:22:00', '2020-10-10 20:30:43'),
(59, '2020-10-12', 0, 2, 0, 5, 10, 5, 1, 0, 1, 0, 0, '427.50', 2, '2020-10-12 19:45:53', '2020-10-12 19:48:36'),
(60, '2020-10-13', 0, 1, 1, 4, 10, 8, 0, 2, 1, 0, 0, '372.50', 2, '2020-10-13 18:43:04', '2020-10-13 18:43:08'),
(61, '2020-10-14', 0, 2, 0, 4, 5, 10, 0, 0, 0, 0, 0, '380.00', 2, '2020-10-14 19:44:55', '2020-10-14 19:45:06'),
(62, '2020-10-15', 0, 0, 1, 6, 10, 10, 4, 1, 0, 2, 6, '330.00', 2, '2020-10-15 19:58:30', '2020-10-15 19:59:41'),
(63, '2020-10-16', 0, 0, 3, 6, 10, 14, 9, 8, 0, 9, 6, '468.40', 2, '2020-10-16 20:19:28', '2020-10-17 12:30:51'),
(64, '2020-10-17', 0, 1, 1, 9, 4, 11, 0, 0, 0, 0, 0, '425.00', 2, '2020-10-17 19:40:37', '2020-10-17 19:40:43'),
(65, '2020-10-19', 0, 2, 0, 8, 8, 2, 0, 1, 0, 7, 1, '452.50', 2, '2020-10-19 19:54:28', '2020-10-19 19:54:31'),
(66, '2020-10-20', 0, 1, 0, 12, 4, 8, 5, 16, 9, 0, 0, '450.50', 2, '2020-10-20 19:22:27', '2020-10-20 19:23:54'),
(67, '2020-10-21', 0, 2, 1, 6, 7, 0, 3, 12, 7, 1, 8, '462.50', 2, '2020-10-21 19:29:42', '2020-10-21 19:30:11'),
(68, '2020-10-22', 0, 0, 0, 13, 14, 3, 0, 2, 5, 1, 3, '420.00', 2, '2020-10-22 19:42:56', '2020-10-22 19:49:52'),
(69, '2020-10-23', 0, 2, 1, 4, 10, 5, 0, 3, 5, 1, 3, '461.00', 2, '2020-10-23 20:19:18', '2020-10-23 20:20:40'),
(70, '2020-10-24', 0, 3, 1, 1, 4, 3, 0, 0, 4, 1, 3, '427.50', 2, '2020-10-24 19:54:57', '2020-10-24 19:54:58'),
(71, '2020-10-26', 0, 1, 1, 11, 3, 0, 0, 0, 0, 0, 0, '400.00', 2, '2020-10-26 20:12:15', '2020-10-26 20:15:35'),
(72, '2020-10-27', 0, 0, 0, 16, 11, 3, 0, 1, 0, 0, 0, '446.00', 2, '2020-10-27 19:54:22', '2020-10-27 19:54:44'),
(73, '2020-10-28', 0, 0, 1, 14, 8, 1, 1, 0, 0, 0, 0, '417.00', 2, '2020-10-28 20:18:01', '2020-10-28 20:18:13'),
(74, '2020-10-29', 0, 1, 2, 12, 1, 1, 2, 1, 0, 0, 0, '460.00', 2, '2020-10-29 20:05:19', '2020-10-29 20:05:25'),
(75, '2020-10-30', 0, 1, 0, 12, 5, 0, 2, 0, 0, 0, 0, '394.00', 2, '2020-10-30 19:39:53', '2020-10-30 19:42:02'),
(76, '2020-10-31', 0, 3, 0, 9, 1, 1, 1, 0, 1, 0, 0, '497.50', 2, '2020-10-31 19:40:34', '2020-10-31 19:41:04'),
(77, '2020-11-02', 0, 1, 0, 28, 3, 0, 1, 1, 1, 0, 0, '693.50', 2, '2020-11-02 20:24:12', '2020-11-02 20:25:18'),
(78, '2020-11-03', 0, 0, 2, 11, 2, 3, 4, 13, 3, 0, 0, '377.50', 2, '2020-11-03 19:50:00', '2020-11-03 19:50:00'),
(79, '2020-11-04', 0, 2, 3, 5, 1, 1, 0, 0, 5, 0, 0, '467.50', 2, '2020-11-04 19:54:29', '2020-11-04 19:59:16'),
(80, '2020-11-05', 0, 0, 3, 8, 10, 4, 2, 11, 5, 0, 0, '447.50', 2, '2020-11-05 19:51:56', '2020-11-05 19:55:45'),
(81, '2020-11-06', 0, 2, 0, 3, 6, 2, 4, 5, 5, 1, 3, '346.00', 2, '2020-11-06 19:56:39', '2020-11-06 19:56:39'),
(82, '2020-11-07', 0, 1, 2, 10, 6, 8, 11, 5, 1, 0, 0, '527.50', 2, '2020-11-07 19:41:30', '2020-11-07 19:42:42'),
(83, '2020-11-09', 0, 0, 3, 9, 1, 5, 10, 5, 0, 0, 0, '390.00', 2, '2020-11-09 20:06:23', '2020-11-09 20:06:36'),
(84, '2020-11-10', 0, 2, 0, 9, 5, 1, 9, 2, 0, 20, 10, '460.00', 2, '2020-11-10 20:37:02', '2020-11-10 20:37:12'),
(85, '2020-11-11', 0, 2, 0, 10, 4, 1, 11, 5, 1, 0, 0, '472.50', 2, '2020-11-11 20:41:29', '2020-11-11 20:41:36'),
(86, '2020-11-12', 0, 2, 4, 3, 2, 1, 33, 1, 0, 0, 40, '556.00', 2, '2020-11-12 20:06:22', '2020-11-12 20:06:22'),
(87, '2020-11-13', 0, 1, 0, 6, 1, 8, 40, 3, 1, 0, 0, '353.50', 2, '2020-11-13 19:56:30', '2020-11-13 19:57:46'),
(88, '2020-11-14', 0, 3, 0, 2, 2, 1, 31, 9, 3, 0, 0, '437.50', 2, '2020-11-14 20:20:07', '2020-11-14 20:30:48'),
(89, '2020-11-16', 0, 2, 1, 3, 2, 0, 23, 0, 0, 0, 0, '376.00', 2, '2020-11-16 20:04:52', '2020-11-16 20:05:42'),
(90, '2020-11-17', 0, 2, 1, 7, 0, 0, 3, 1, 1, 0, 0, '397.50', 2, '2020-11-17 19:13:44', '2020-11-17 19:14:47'),
(91, '2020-11-18', 0, 2, 2, 2, 2, 1, 2, 6, 0, 0, 0, '375.00', 2, '2020-11-18 20:02:28', '2020-11-18 20:02:50'),
(92, '2020-11-19', 0, 1, 2, 13, 3, 0, 0, 0, 0, 0, 0, '490.00', 2, '2020-11-19 19:59:38', '2020-11-19 19:59:46'),
(93, '2020-11-20', 0, 1, 2, 8, 0, 1, 1, 3, 0, 0, 0, '370.00', 2, '2020-11-20 19:59:48', '2020-11-20 20:00:51'),
(94, '2020-11-21', 0, 1, 4, 9, 1, 0, 2, 2, 4, 0, 2, '498.20', 2, '2020-11-21 20:14:41', '2020-11-21 20:14:43'),
(95, '2020-11-23', 0, 2, 5, 7, 0, 0, 0, 0, 0, 0, 0, '590.00', 2, '2020-11-23 20:25:10', '2020-11-23 20:26:07'),
(96, '2020-11-24', 0, 1, 2, 13, 12, 0, 0, 5, 0, 0, 0, '585.00', 2, '2020-11-24 20:10:04', '2020-11-24 20:10:08'),
(97, '2020-11-25', 0, 0, 1, 14, 8, 2, 0, 4, 3, 0, 5, '426.00', 2, '2020-11-25 20:06:31', '2020-11-25 20:06:34'),
(98, '2020-11-26', 0, 0, 3, 15, 0, 2, 0, 0, 0, 0, 0, '460.00', 2, '2020-11-26 20:15:17', '2020-11-26 20:15:17'),
(99, '2020-11-27', 0, 1, 0, 6, 1, 6, 5, 10, 0, 0, 0, '280.00', 2, '2020-11-27 20:29:22', '2020-11-27 20:34:06'),
(100, '2020-11-28', 0, 1, 5, 14, 0, 0, 2, 0, 0, 0, 0, '634.00', 2, '2020-11-28 19:53:41', '2020-11-28 19:57:05'),
(101, '2020-11-30', 0, 1, 3, 9, 0, 0, 0, 0, 0, 0, 0, '430.00', 2, '2020-11-30 20:03:59', '2020-11-30 20:04:02'),
(102, '2020-12-01', 0, 1, 5, 2, 0, 2, 1, 0, 1, 0, 0, '402.50', 2, '2020-12-01 20:23:18', '2020-12-01 20:24:14'),
(103, '2020-12-02', 0, 0, 1, 15, 2, 0, 0, 0, 0, 0, 0, '370.00', 2, '2020-12-02 20:24:24', '2020-12-02 20:24:50'),
(104, '2020-12-03', 0, 1, 1, 13, 0, 0, 3, 1, 1, 0, 0, '417.50', 2, '2020-12-03 20:05:37', '2020-12-03 20:05:37'),
(105, '2020-12-04', 0, 2, 1, 11, 0, 0, 2, 4, 0, 2, 1, '478.50', 2, '2020-12-04 19:49:42', '2020-12-04 19:52:53'),
(106, '2020-12-05', 0, 4, 0, 2, 0, 2, 1, 1, 1, 2, 0, '453.90', 2, '2020-12-05 20:00:12', '2020-12-05 20:10:38'),
(107, '2020-12-07', 0, 1, 2, 12, 0, 0, 0, 1, 1, 0, 0, '441.50', 2, '2020-12-07 20:32:00', '2020-12-07 20:33:48'),
(108, '2020-12-08', 0, 2, 3, 1, 0, 0, 0, 0, 0, 0, 0, '370.00', 2, '2020-12-08 15:01:59', '2020-12-08 15:04:06'),
(109, '2020-12-09', 0, 1, 2, 11, 0, 0, 0, 0, 0, 0, 0, '420.00', 2, '2020-12-09 20:16:14', '2020-12-09 20:16:50'),
(110, '2020-12-10', 1, 0, 1, 9, 0, 0, 0, 1, 19, 0, 0, '440.50', 2, '2020-12-10 20:15:43', '2020-12-10 20:22:51'),
(111, '2020-12-11', 0, 1, 1, 12, 1, 1, 0, 0, 0, 0, 0, '405.00', 2, '2020-12-11 20:07:34', '2020-12-11 20:07:35'),
(112, '2020-12-12', 0, 2, 2, 7, 1, 0, 0, 1, 1, 0, 0, '451.50', 2, '2020-12-12 20:32:29', '2020-12-12 20:32:32'),
(113, '2020-12-14', 0, 1, 4, 3, 1, 0, 0, 0, 0, 0, 0, '370.00', 2, '2020-12-14 20:06:36', '2020-12-14 20:06:45'),
(114, '2020-12-15', 0, 1, 0, 12, 0, 0, 0, 0, 0, 0, 0, '340.00', 2, '2020-12-15 20:20:52', '2020-12-15 20:22:01'),
(115, '2020-12-16', 0, 2, 1, 7, 2, 1, 1, 3, 6, 0, 0, '423.00', 2, '2020-12-16 20:27:43', '2020-12-16 20:28:36'),
(116, '2020-12-17', 0, 3, 1, 2, 0, 0, 0, 0, 0, 0, 0, '390.00', 2, '2020-12-17 20:32:30', '2020-12-17 20:33:03'),
(117, '2020-12-18', 0, 0, 2, 11, 4, 1, 5, 13, 5, 0, 0, '390.50', 2, '2020-12-18 20:23:16', '2020-12-18 20:23:20'),
(118, '2020-12-19', 0, 1, 4, 10, 0, 0, 0, 8, 1, 0, 0, '508.50', 2, '2020-12-19 20:19:39', '2020-12-19 20:21:48'),
(119, '2020-12-21', 0, 1, 5, 4, 2, 0, 1, 0, 1, 0, 0, '452.50', 2, '2020-12-21 20:16:44', '2020-12-21 20:17:02'),
(120, '2020-12-22', 0, 2, 0, 11, 2, 0, 21, 30, 1, 0, 0, '512.50', 2, '2020-12-22 20:12:03', '2020-12-22 20:12:04'),
(121, '2020-12-23', 0, 1, 5, 15, 1, 1, 2, 11, 0, 0, 0, '680.00', 2, '2020-12-23 20:40:18', '2020-12-23 20:44:13'),
(122, '2020-12-24', 1, 1, 0, 14, 1, 1, 0, 0, 1, 1, 0, '595.70', 2, '2020-12-24 18:23:19', '2020-12-24 18:24:47'),
(123, '2020-12-26', 0, 2, 3, 4, 11, 0, 1, 3, 0, 0, 0, '545.00', 2, '2020-12-26 20:12:39', '2020-12-26 20:12:42'),
(124, '2020-12-28', 0, 1, 2, 15, 3, 0, 1, 1, 0, 1, 3, '533.50', 2, '2020-12-28 20:39:56', '2020-12-28 20:48:20'),
(125, '2020-12-29', 0, 0, 6, 3, 1, 0, 0, 0, 0, 0, 0, '370.00', 2, '2020-12-29 20:21:22', '2020-12-29 20:24:13'),
(126, '2020-12-30', 0, 0, 1, 11, 5, 3, 1, 121, 2, 0, 0, '459.00', 2, '2020-12-30 20:15:58', '2020-12-30 20:16:14'),
(127, '2020-12-31', 0, 2, 1, 16, 2, 0, 0, 4, 2, 0, 0, '595.00', 2, '2020-12-31 20:14:28', '2020-12-31 20:15:35');

-- --------------------------------------------------------

--
-- Estructura de tabla para la tabla `cargos`
--

DROP TABLE IF EXISTS `cargos`;
CREATE TABLE IF NOT EXISTS `cargos` (
  `id` int(11) NOT NULL AUTO_INCREMENT,
  `nombre` varchar(30) DEFAULT NULL,
  `created_at` datetime DEFAULT NULL,
  `updated_at` datetime DEFAULT NULL,
  PRIMARY KEY (`id`)
) ENGINE=InnoDB AUTO_INCREMENT=3 DEFAULT CHARSET=utf8;

--
-- Volcado de datos para la tabla `cargos`
--

INSERT INTO `cargos` (`id`, `nombre`, `created_at`, `updated_at`) VALUES
(1, 'BARBERO', '2020-07-19 11:20:39', '2020-07-19 11:20:39'),
(2, 'SECRETARIA', '2020-07-19 11:20:39', '2020-07-19 11:20:39');

-- --------------------------------------------------------

--
-- Estructura de tabla para la tabla `citas`
--

DROP TABLE IF EXISTS `citas`;
CREATE TABLE IF NOT EXISTS `citas` (
  `id` int(11) NOT NULL AUTO_INCREMENT,
  `codigo` varchar(20) DEFAULT NULL,
  `cliente` int(11) DEFAULT NULL,
  `empleado` int(11) DEFAULT NULL,
  `fecha` date DEFAULT NULL,
  `hora` time DEFAULT NULL,
  `hora_termino` time DEFAULT NULL,
  `estado` varchar(20) DEFAULT NULL,
  `promocion` int(11) DEFAULT NULL,
  `tarjeta` tinyint(1) DEFAULT 0,
  `metodo_pago` varchar(10) DEFAULT NULL,
  `total` decimal(10,2) DEFAULT NULL,
  `created_by` int(11) DEFAULT NULL,
  `created_at` datetime DEFAULT NULL,
  `updated_at` datetime DEFAULT NULL,
  PRIMARY KEY (`id`),
  KEY `fk_citas_cliente` (`cliente`),
  KEY `fk_citas_empleado` (`empleado`),
  KEY `fk_citas_promocion` (`promocion`),
  KEY `fk_citas_usuarios` (`created_by`)
) ENGINE=InnoDB AUTO_INCREMENT=1891 DEFAULT CHARSET=utf8;

--
-- Volcado de datos para la tabla `citas`
--

INSERT INTO `citas` (`id`, `codigo`, `cliente`, `empleado`, `fecha`, `hora`, `hora_termino`, `estado`, `promocion`, `tarjeta`, `metodo_pago`, `total`, `created_by`, `created_at`, `updated_at`) VALUES
(12, NULL, 11, 1, '2020-08-03', '10:30:00', '11:05:00', 'ATENDIDO', NULL, 0, 'EFECTIVO', '20.00', 2, '2020-08-03 10:43:02', '2020-08-03 10:43:10'),
(13, NULL, 12, 1, '2020-08-03', '11:03:38', '11:38:38', 'ATENDIDO', NULL, 0, 'EFECTIVO', '20.00', 2, '2020-08-03 11:05:20', '2020-08-03 11:57:33'),
(14, NULL, 13, 1, '2020-08-03', '11:54:52', '12:29:52', 'ATENDIDO', NULL, 0, 'EFECTIVO', '20.00', 2, '2020-08-03 11:56:32', '2020-08-03 12:38:57'),
(15, NULL, 14, 2, '2020-08-03', '14:55:32', '15:35:32', 'ATENDIDO', NULL, 0, 'EFECTIVO', '25.00', 2, '2020-08-03 14:57:12', '2020-08-03 16:32:43'),
(16, NULL, 16, 2, '2020-08-03', '15:35:06', '16:35:06', 'ATENDIDO', NULL, 0, 'EFECTIVO', '35.00', 2, '2020-08-03 15:37:45', '2020-08-03 15:40:09'),
(17, NULL, 17, 2, '2020-08-03', '14:12:22', '14:47:22', 'ATENDIDO', NULL, 0, 'EFECTIVO', '20.00', 2, '2020-08-03 16:10:01', '2020-08-03 16:10:09'),
(18, NULL, 18, 2, '2020-08-03', '16:47:21', '17:22:21', 'ATENDIDO', NULL, 0, 'EFECTIVO', '20.00', 2, '2020-08-03 16:48:30', '2020-08-03 17:27:50'),
(19, NULL, 19, 1, '2020-08-03', '17:09:20', '17:44:20', 'ATENDIDO', NULL, 0, 'EFECTIVO', '20.00', 2, '2020-08-03 17:10:34', '2020-08-03 17:11:00'),
(20, NULL, 22, 2, '2020-08-03', '18:11:58', '18:51:58', 'ATENDIDO', NULL, 0, 'EFECTIVO', '25.00', 2, '2020-08-03 18:13:53', '2020-08-03 18:21:01'),
(21, NULL, 20, 2, '2020-08-03', '18:20:09', '19:00:09', 'ATENDIDO', NULL, 0, 'EFECTIVO', '25.00', 2, '2020-08-03 18:20:35', '2020-08-03 18:57:03'),
(22, NULL, 21, 1, '2020-08-03', '18:40:08', '19:15:08', 'ATENDIDO', NULL, 0, 'EFECTIVO', '20.00', 2, '2020-08-03 18:26:33', '2020-08-03 18:59:22'),
(23, NULL, 24, 1, '2020-08-03', '17:40:19', '18:20:19', 'ATENDIDO', NULL, 0, 'EFECTIVO', '25.00', 2, '2020-08-03 18:39:06', '2020-08-03 18:41:13'),
(24, NULL, 26, 1, '2020-08-03', '19:11:44', '19:46:44', 'ATENDIDO', NULL, 0, 'EFECTIVO', '20.00', 2, '2020-08-03 19:12:01', '2020-08-03 19:37:11'),
(25, NULL, 25, 2, '2020-08-03', '19:37:50', '20:17:50', 'EN PROCESO', NULL, 0, 'EFECTIVO', '25.00', 2, '2020-08-03 19:38:20', '2020-08-03 19:39:02'),
(26, NULL, 23, 2, '2020-08-03', '19:39:35', '20:14:35', 'ATENDIDO', NULL, 0, 'EFECTIVO', '20.00', 2, '2020-08-03 19:39:52', '2020-08-03 19:40:02'),
(27, NULL, 27, 1, '2020-08-04', '10:40:53', '11:15:53', 'ATENDIDO', NULL, 0, 'EFECTIVO', '20.00', 2, '2020-08-04 10:47:25', '2020-08-04 12:38:47'),
(28, NULL, 30, 2, '2020-08-04', '12:38:49', '13:13:49', 'ATENDIDO', NULL, 0, 'EFECTIVO', '20.00', 2, '2020-08-04 13:04:32', '2020-08-04 13:05:47'),
(29, NULL, 28, 2, '2020-08-04', '13:07:11', '13:42:11', 'ATENDIDO', NULL, 0, 'EFECTIVO', '20.00', 2, '2020-08-04 15:08:48', '2020-08-04 15:08:56'),
(30, NULL, 29, 1, '2020-08-04', '12:44:03', '13:19:03', 'ATENDIDO', NULL, 0, 'EFECTIVO', '20.00', 2, '2020-08-04 15:11:40', '2020-08-04 15:11:48'),
(31, NULL, 31, 1, '2020-08-04', '15:13:49', '15:48:49', 'ATENDIDO', NULL, 0, 'EFECTIVO', '20.00', 2, '2020-08-04 15:14:27', '2020-08-04 15:14:40'),
(32, NULL, 32, 1, '2020-08-04', '15:15:09', '15:50:09', 'ATENDIDO', NULL, 0, 'EFECTIVO', '20.00', 2, '2020-08-04 15:17:07', '2020-08-04 15:50:09'),
(33, NULL, 34, 2, '2020-08-04', '16:20:26', '17:00:26', 'ATENDIDO', NULL, 0, 'EFECTIVO', '25.00', 2, '2020-08-04 16:21:16', '2020-08-04 16:34:28'),
(34, NULL, 36, 2, '2020-08-04', '16:53:46', '17:28:46', 'ATENDIDO', NULL, 0, 'EFECTIVO', '20.00', 2, '2020-08-04 16:54:41', '2020-08-04 16:55:12'),
(35, NULL, 37, 1, '2020-08-04', '17:02:23', '17:37:23', 'ATENDIDO', NULL, 0, 'EFECTIVO', '20.00', 2, '2020-08-04 17:04:47', '2020-08-04 17:06:07'),
(36, NULL, 35, 1, '2020-08-04', '17:42:16', '18:22:16', 'ATENDIDO', NULL, 0, 'EFECTIVO', '25.00', 2, '2020-08-04 17:42:34', '2020-08-04 18:03:11'),
(37, NULL, 39, 2, '2020-08-04', '17:42:51', '18:17:51', 'ATENDIDO', NULL, 0, 'EFECTIVO', '20.00', 2, '2020-08-04 17:43:13', '2020-08-04 18:01:29'),
(38, NULL, 38, 2, '2020-08-04', '18:01:37', '18:36:37', 'ATENDIDO', NULL, 0, 'EFECTIVO', '20.00', 2, '2020-08-04 18:02:08', '2020-08-04 18:31:07'),
(39, NULL, 40, 1, '2020-08-04', '18:00:25', '18:35:25', 'ATENDIDO', NULL, 0, 'EFECTIVO', '20.00', 2, '2020-08-04 18:30:57', '2020-08-04 18:31:19'),
(40, NULL, 42, 1, '2020-08-04', '19:23:47', '19:58:47', 'ATENDIDO', NULL, 0, 'EFECTIVO', '20.00', 2, '2020-08-04 19:24:49', '2020-08-04 19:25:38'),
(41, NULL, 41, 1, '2020-08-04', '19:44:59', '20:19:59', 'ATENDIDO', NULL, 0, 'EFECTIVO', '20.00', 2, '2020-08-04 19:45:20', '2020-08-04 19:56:43'),
(43, NULL, 43, 2, '2020-08-05', '10:14:02', '10:49:02', 'ATENDIDO', NULL, 0, 'EFECTIVO', '20.00', 2, '2020-08-05 10:43:13', '2020-08-05 10:49:51'),
(44, NULL, 44, 1, '2020-08-05', '15:51:28', '16:26:28', 'ATENDIDO', NULL, 0, 'EFECTIVO', '20.00', 2, '2020-08-05 15:53:10', '2020-08-05 16:31:35'),
(45, NULL, 45, 2, '2020-08-05', '16:47:20', '17:27:20', 'ATENDIDO', NULL, 0, 'EFECTIVO', '25.00', 2, '2020-08-05 16:47:55', '2020-08-05 17:31:52'),
(46, NULL, 47, 2, '2020-08-05', '18:00:37', '18:35:37', 'ATENDIDO', NULL, 0, 'EFECTIVO', '20.00', 2, '2020-08-05 18:01:02', '2020-08-05 18:17:08'),
(47, NULL, 46, 1, '2020-08-05', '18:01:43', '18:36:43', 'ATENDIDO', NULL, 0, 'EFECTIVO', '20.00', 2, '2020-08-05 18:02:10', '2020-08-05 18:16:56'),
(48, NULL, 49, 1, '2020-08-05', '18:51:17', '19:26:17', 'ATENDIDO', NULL, 0, 'EFECTIVO', '20.00', 2, '2020-08-05 18:52:04', '2020-08-05 19:08:22'),
(49, NULL, 50, 2, '2020-08-05', '19:17:57', '19:57:57', 'ATENDIDO', NULL, 0, 'EFECTIVO', '25.00', 2, '2020-08-05 19:19:01', '2020-08-05 19:19:19'),
(50, NULL, 51, 1, '2020-08-06', '11:19:20', '11:54:20', 'ATENDIDO', NULL, 0, 'EFECTIVO', '20.00', 2, '2020-08-06 11:19:41', '2020-08-06 11:21:12'),
(51, NULL, 55, 2, '2020-08-06', '13:03:37', '13:43:37', 'ATENDIDO', NULL, 0, 'EFECTIVO', '25.00', 2, '2020-08-06 13:05:18', '2020-08-06 15:18:46'),
(52, NULL, 53, 1, '2020-08-06', '13:00:22', '13:35:22', 'ATENDIDO', NULL, 0, 'EFECTIVO', '20.00', 2, '2020-08-06 15:25:01', '2020-08-06 15:26:24'),
(53, NULL, 54, 2, '2020-08-06', '15:27:33', '16:02:33', 'ATENDIDO', NULL, 0, 'EFECTIVO', '20.00', 2, '2020-08-06 15:32:42', '2020-08-06 15:37:17'),
(54, NULL, 57, 2, '2020-08-06', '16:24:22', '17:04:22', 'ATENDIDO', NULL, 0, 'EFECTIVO', '25.00', 2, '2020-08-06 16:24:47', '2020-08-06 16:28:34'),
(55, NULL, 56, 2, '2020-08-06', '17:16:29', '17:51:29', 'ATENDIDO', NULL, 0, 'EFECTIVO', '20.00', 2, '2020-08-06 17:17:00', '2020-08-06 17:17:14'),
(56, NULL, 58, 1, '2020-08-06', '17:33:35', '18:08:35', 'ATENDIDO', NULL, 0, 'EFECTIVO', '20.00', 2, '2020-08-06 17:33:52', '2020-08-06 17:34:48'),
(57, NULL, 59, 2, '2020-08-06', '17:48:29', '18:28:29', 'ATENDIDO', NULL, 0, 'EFECTIVO', '25.00', 2, '2020-08-06 17:51:43', '2020-08-06 19:26:50'),
(58, NULL, 60, 1, '2020-08-07', '10:37:14', '11:17:14', 'ATENDIDO', NULL, 0, 'EFECTIVO', '25.00', 2, '2020-08-07 10:40:32', '2020-08-07 11:27:58'),
(59, NULL, 62, 1, '2020-08-07', '10:45:46', '11:20:46', 'ATENDIDO', NULL, 0, 'EFECTIVO', '20.00', 2, '2020-08-07 10:46:10', '2020-08-07 12:31:53'),
(60, NULL, 63, 2, '2020-08-07', '11:03:54', '11:43:54', 'ATENDIDO', NULL, 0, 'EFECTIVO', '25.00', 2, '2020-08-07 11:05:58', '2020-08-07 12:08:50'),
(61, NULL, 52, 2, '2020-08-07', '11:30:26', '12:05:26', 'ATENDIDO', NULL, 0, 'EFECTIVO', '20.00', 2, '2020-08-07 11:23:48', '2020-08-07 12:32:31'),
(62, NULL, 65, 1, '2020-08-07', '12:59:32', '13:34:32', 'ATENDIDO', NULL, 0, 'EFECTIVO', '20.00', 2, '2020-08-07 12:59:53', '2020-08-07 14:41:36'),
(63, NULL, 67, 1, '2020-08-07', '16:39:01', '17:14:01', 'ATENDIDO', NULL, 0, 'EFECTIVO', '20.00', 2, '2020-08-07 16:39:27', '2020-08-07 17:23:43'),
(64, NULL, 69, 2, '2020-08-07', '16:52:47', '17:32:47', 'ATENDIDO', NULL, 0, 'EFECTIVO', '25.00', 2, '2020-08-07 16:53:14', '2020-08-07 18:45:08'),
(65, NULL, 71, 2, '2020-08-07', '18:44:20', '19:24:20', 'ATENDIDO', NULL, 0, 'EFECTIVO', '25.00', 2, '2020-08-07 18:44:54', '2020-08-07 19:19:35'),
(66, NULL, 70, 2, '2020-08-07', '18:51:09', '19:01:09', 'ATENDIDO', NULL, 0, 'EFECTIVO', '15.00', 2, '2020-08-07 18:51:39', '2020-08-07 18:52:06'),
(67, NULL, 72, 1, '2020-08-07', '19:48:27', '20:23:27', 'ATENDIDO', NULL, 0, 'EFECTIVO', '20.00', 2, '2020-08-07 19:48:45', '2020-08-07 20:30:17'),
(68, NULL, 74, 1, '2020-08-07', '19:56:48', '20:31:48', 'ATENDIDO', NULL, 0, 'EFECTIVO', '20.00', 2, '2020-08-07 19:57:05', '2020-08-07 19:57:22'),
(69, NULL, 73, 2, '2020-08-07', '19:57:54', '20:32:54', 'ATENDIDO', NULL, 0, 'EFECTIVO', '20.00', 2, '2020-08-07 19:58:16', '2020-08-07 21:10:41'),
(70, NULL, 75, 2, '2020-08-07', '20:06:20', '20:41:20', 'ATENDIDO', NULL, 0, 'EFECTIVO', '20.00', 2, '2020-08-07 20:06:36', '2020-08-07 20:06:48'),
(72, NULL, 76, 2, '2020-08-08', '10:05:29', '10:40:29', 'ATENDIDO', NULL, 0, 'EFECTIVO', '20.00', 2, '2020-08-08 10:50:46', '2020-08-08 10:50:57'),
(73, NULL, 77, 1, '2020-08-08', '11:27:59', '11:34:59', 'ATENDIDO', NULL, 0, 'EFECTIVO', '20.00', 2, '2020-08-08 11:00:14', '2020-08-08 12:01:24'),
(74, NULL, 78, 1, '2020-08-08', '10:21:29', '11:01:29', 'ATENDIDO', NULL, 0, 'EFECTIVO', '25.00', 2, '2020-08-08 11:26:27', '2020-08-08 11:26:51'),
(75, NULL, 79, 2, '2020-08-08', '11:29:49', '12:04:49', 'ATENDIDO', NULL, 0, 'EFECTIVO', '20.00', 2, '2020-08-08 11:30:10', '2020-08-08 12:39:16'),
(76, NULL, 80, 2, '2020-08-08', '11:30:18', '12:05:18', 'ATENDIDO', NULL, 0, 'EFECTIVO', '20.00', 2, '2020-08-08 11:30:43', '2020-08-08 12:12:12'),
(77, NULL, 81, 2, '2020-08-08', '11:31:09', '12:06:09', 'ATENDIDO', NULL, 0, 'EFECTIVO', '20.00', 2, '2020-08-08 11:34:00', '2020-08-08 11:34:22'),
(78, NULL, 82, 2, '2020-08-08', '12:35:43', '12:49:43', 'ATENDIDO', NULL, 0, 'EFECTIVO', '20.00', 2, '2020-08-08 12:14:58', '2020-08-08 15:24:20'),
(79, NULL, 83, 2, '2020-08-08', '13:08:10', '12:50:10', 'ATENDIDO', NULL, 0, 'EFECTIVO', '20.00', 2, '2020-08-08 12:15:23', '2020-08-08 15:25:06'),
(80, NULL, 84, 1, '2020-08-08', '12:15:39', '12:50:39', 'ATENDIDO', NULL, 0, 'EFECTIVO', '20.00', 2, '2020-08-08 12:28:21', '2020-08-08 15:26:19'),
(81, NULL, 85, 1, '2020-08-08', '12:01:20', '12:36:20', 'ATENDIDO', NULL, 0, 'EFECTIVO', '20.00', 2, '2020-08-08 12:30:48', '2020-08-08 15:35:31'),
(82, NULL, 86, 2, '2020-08-08', '12:38:25', '13:13:25', 'ATENDIDO', NULL, 0, 'EFECTIVO', '25.00', 2, '2020-08-08 12:38:42', '2020-08-08 15:27:04'),
(83, NULL, 48, 1, '2020-08-08', '12:52:59', '13:14:59', 'ATENDIDO', NULL, 0, 'EFECTIVO', '25.00', 2, '2020-08-08 12:40:15', '2020-08-08 15:26:00'),
(84, NULL, 87, 1, '2020-08-08', '12:48:36', '13:23:36', 'ATENDIDO', NULL, 0, 'EFECTIVO', '20.00', 2, '2020-08-08 12:49:08', '2020-08-08 15:27:18'),
(85, NULL, 88, 2, '2020-08-08', '15:44:36', '16:19:36', 'ATENDIDO', NULL, NULL, 'EFECTIVO', '20.00', 2, '2020-08-08 15:44:59', '2020-08-08 16:15:25'),
(86, NULL, 89, 1, '2020-08-08', '15:00:20', '16:21:20', 'ATENDIDO', NULL, NULL, 'EFECTIVO', '20.00', 2, '2020-08-08 15:46:35', '2020-08-08 15:53:17'),
(87, NULL, 90, 1, '2020-08-08', '16:20:40', '16:55:40', 'ATENDIDO', NULL, NULL, 'EFECTIVO', '20.00', 2, '2020-08-08 16:20:57', '2020-08-08 17:05:31'),
(88, NULL, 91, 1, '2020-08-08', '18:10:36', '18:45:36', 'ATENDIDO', NULL, NULL, 'EFECTIVO', '20.00', 2, '2020-08-08 19:06:59', '2020-08-08 19:07:15'),
(89, NULL, 92, 2, '2020-08-08', '19:16:32', '19:51:32', 'ATENDIDO', NULL, NULL, 'EFECTIVO', '20.00', 2, '2020-08-08 19:17:48', '2020-08-08 19:18:25'),
(90, NULL, 93, 2, '2020-08-08', '19:51:17', '20:31:17', 'ATENDIDO', NULL, NULL, 'EFECTIVO', '25.00', 2, '2020-08-08 19:57:29', '2020-08-08 19:58:02'),
(91, NULL, 94, 1, '2020-08-10', '15:00:00', '14:35:00', 'ATENDIDO', NULL, NULL, 'EFECTIVO', '20.00', 2, '2020-08-10 10:20:45', '2020-08-10 15:48:50'),
(92, NULL, 95, 1, '2020-08-10', '10:12:34', '11:47:34', 'ATENDIDO', NULL, NULL, 'EFECTIVO', '20.00', 2, '2020-08-10 11:13:30', '2020-08-10 11:14:08'),
(93, NULL, 96, 2, '2020-08-10', '11:31:47', '12:06:47', 'ATENDIDO', NULL, NULL, 'EFECTIVO', '20.00', 2, '2020-08-10 11:32:06', '2020-08-10 12:06:19'),
(95, NULL, 97, 1, '2020-08-10', '12:02:41', '12:37:41', 'ATENDIDO', NULL, NULL, 'EFECTIVO', '20.00', 2, '2020-08-10 12:03:52', '2020-08-10 12:43:30'),
(96, NULL, 98, 2, '2020-08-10', '13:42:10', '14:17:10', 'ATENDIDO', NULL, NULL, 'EFECTIVO', '20.00', 2, '2020-08-10 14:57:22', '2020-08-10 14:58:11'),
(97, NULL, 99, 1, '2020-08-10', '14:59:48', '15:34:48', 'ATENDIDO', NULL, NULL, 'EFECTIVO', '20.00', 2, '2020-08-10 15:03:14', '2020-08-10 15:12:07'),
(98, NULL, 100, 2, '2020-08-10', '15:09:52', '15:44:52', 'ATENDIDO', NULL, NULL, 'EFECTIVO', '20.00', 2, '2020-08-10 15:11:14', '2020-08-10 15:11:36'),
(99, NULL, 101, 1, '2020-08-10', '16:10:55', '16:45:55', 'ATENDIDO', NULL, NULL, 'EFECTIVO', '20.00', 2, '2020-08-10 16:53:13', '2020-08-10 16:53:32'),
(100, NULL, 102, 1, '2020-08-10', '13:00:51', '17:30:51', 'ATENDIDO', NULL, NULL, 'EFECTIVO', '20.00', 2, '2020-08-10 16:56:52', '2020-08-10 17:29:39'),
(101, NULL, 104, 2, '2020-08-10', '17:29:07', '18:04:07', 'ATENDIDO', NULL, NULL, 'EFECTIVO', '20.00', 2, '2020-08-10 17:56:31', '2020-08-10 17:57:32'),
(102, NULL, 103, 2, '2020-08-10', '17:58:49', '18:33:49', 'ATENDIDO', NULL, NULL, 'EFECTIVO', '30.00', 2, '2020-08-10 17:59:14', '2020-08-10 19:08:46'),
(103, NULL, 105, 1, '2020-08-10', '18:27:23', '19:02:23', 'ATENDIDO', NULL, NULL, 'EFECTIVO', '20.00', 2, '2020-08-10 18:29:19', '2020-08-10 18:29:33'),
(104, NULL, 106, 2, '2020-08-10', '18:30:30', '19:05:30', 'ATENDIDO', NULL, NULL, 'EFECTIVO', '30.00', 2, '2020-08-10 18:30:47', '2020-08-10 19:26:04'),
(105, NULL, 107, 1, '2020-08-10', '18:10:37', '19:46:37', 'ATENDIDO', NULL, NULL, 'EFECTIVO', '30.00', 2, '2020-08-10 19:07:02', '2020-08-10 19:09:22'),
(106, NULL, 108, 1, '2020-08-11', '11:20:00', '11:55:00', 'ATENDIDO', NULL, NULL, 'EFECTIVO', '20.00', 2, '2020-08-11 11:55:01', '2020-08-11 11:56:32'),
(107, NULL, 109, 2, '2020-08-11', '10:55:06', '11:30:06', 'ATENDIDO', NULL, NULL, 'EFECTIVO', '20.00', 2, '2020-08-11 11:55:56', '2020-08-11 11:56:14'),
(108, NULL, 15, 2, '2020-08-11', '12:43:44', '13:23:44', 'ATENDIDO', NULL, NULL, 'EFECTIVO', '25.00', 2, '2020-08-11 12:44:06', '2020-08-11 12:44:16'),
(110, NULL, 110, 2, '2020-08-11', '15:51:54', '16:26:54', 'ATENDIDO', NULL, NULL, 'EFECTIVO', '20.00', 2, '2020-08-11 15:52:12', '2020-08-11 17:08:12'),
(111, NULL, 111, 1, '2020-08-11', '17:11:03', '17:46:03', 'ATENDIDO', NULL, 1, 'TARJETA', '20.00', 2, '2020-08-11 17:11:42', '2020-08-11 17:13:23'),
(112, NULL, 112, 1, '2020-08-11', '17:20:29', '17:55:29', 'ATENDIDO', NULL, NULL, 'EFECTIVO', '20.00', 2, '2020-08-11 17:20:50', '2020-08-11 17:21:06'),
(113, NULL, 113, 2, '2020-08-11', '17:38:16', '18:13:16', 'ATENDIDO', NULL, NULL, 'EFECTIVO', '20.00', 2, '2020-08-11 17:38:31', '2020-08-11 18:13:37'),
(114, NULL, 114, 2, '2020-08-11', '17:37:27', '18:17:27', 'ATENDIDO', NULL, NULL, 'EFECTIVO', '25.00', 2, '2020-08-11 18:35:54', '2020-08-11 18:36:11'),
(115, NULL, 115, 1, '2020-08-11', '18:48:34', '19:23:34', 'ATENDIDO', NULL, NULL, 'EFECTIVO', '20.00', 2, '2020-08-11 18:50:03', '2020-08-11 18:57:21'),
(116, NULL, 116, 1, '2020-08-12', '11:07:17', '11:47:17', 'ATENDIDO', NULL, NULL, 'EFECTIVO', '30.00', 2, '2020-08-12 11:11:37', '2020-08-12 21:36:12'),
(117, NULL, 117, 2, '2020-08-12', '12:35:03', '13:10:03', 'ATENDIDO', NULL, NULL, 'EFECTIVO', '20.00', 2, '2020-08-12 12:35:15', '2020-08-12 14:58:06'),
(118, NULL, 118, 2, '2020-08-12', '14:20:00', '14:55:00', 'ATENDIDO', NULL, NULL, 'TARJETA', '20.00', 1, '2020-08-12 13:23:03', '2020-08-13 08:40:43'),
(119, NULL, 119, 1, '2020-08-12', '15:00:07', '15:35:07', 'ATENDIDO', NULL, 0, 'EFECTIVO', '20.00', 2, '2020-08-12 15:01:24', '2020-08-12 15:03:42'),
(120, NULL, 120, 1, '2020-08-12', '12:12:04', '12:47:04', 'ATENDIDO', NULL, 0, 'EFECTIVO', '20.00', 2, '2020-08-12 15:08:57', '2020-08-12 15:09:20'),
(122, NULL, 121, 2, '2020-08-12', '16:09:18', '16:49:18', 'ATENDIDO', NULL, 0, 'EFECTIVO', '25.00', 2, '2020-08-12 16:17:26', '2020-08-12 16:17:57'),
(125, NULL, 122, 2, '2020-08-12', '16:19:09', '18:05:25', 'ATENDIDO', NULL, 0, 'EFECTIVO', '25.00', 2, '2020-08-12 17:26:27', '2020-08-12 17:27:52'),
(126, NULL, 123, 1, '2020-08-12', '17:48:34', '18:23:34', 'ATENDIDO', NULL, 0, 'EFECTIVO', '20.00', 2, '2020-08-12 17:49:31', '2020-08-12 17:54:57'),
(127, NULL, 162, 1, '2020-08-12', '19:48:29', '20:23:29', 'ATENDIDO', NULL, 0, 'EFECTIVO', '20.00', 2, '2020-08-12 19:50:00', '2020-08-12 19:50:17'),
(128, NULL, 127, 1, '2020-08-13', '10:30:43', '11:05:43', 'ATENDIDO', NULL, 0, 'EFECTIVO', '20.00', 2, '2020-08-13 11:07:41', '2020-08-13 11:07:49'),
(129, NULL, 128, 1, '2020-08-13', '16:36:31', '17:11:31', 'ATENDIDO', NULL, 0, 'EFECTIVO', '20.00', 2, '2020-08-13 16:36:42', '2020-08-13 17:39:28'),
(130, NULL, 129, 1, '2020-08-13', '16:10:36', '17:42:36', 'ATENDIDO', NULL, 0, 'EFECTIVO', '25.00', 2, '2020-08-13 17:04:03', '2020-08-13 17:05:09'),
(131, NULL, 130, 1, '2020-08-13', '20:22:01', '20:57:01', 'ATENDIDO', NULL, 0, 'EFECTIVO', '20.00', 2, '2020-08-13 20:23:45', '2020-08-13 20:25:13'),
(132, NULL, 131, 1, '2020-08-14', '10:25:23', '11:00:23', 'ATENDIDO', NULL, 0, 'EFECTIVO', '20.00', 2, '2020-08-14 11:39:41', '2020-08-14 11:40:18'),
(133, NULL, 132, 2, '2020-08-14', '11:53:33', '12:23:33', 'ATENDIDO', NULL, 0, 'EFECTIVO', '25.00', 2, '2020-08-14 11:48:48', '2020-08-14 12:46:23'),
(134, NULL, 133, 2, '2020-08-14', '11:52:19', '12:32:19', 'ATENDIDO', NULL, 0, 'EFECTIVO', '25.00', 2, '2020-08-14 11:52:54', '2020-08-14 11:53:48'),
(135, NULL, 134, 1, '2020-08-14', '12:10:39', '12:45:39', 'ATENDIDO', NULL, 0, 'EFECTIVO', '20.00', 2, '2020-08-14 12:14:42', '2020-08-14 12:14:59'),
(136, NULL, 135, 2, '2020-08-14', '12:22:46', '12:57:46', 'ATENDIDO', NULL, 0, 'EFECTIVO', '20.00', 2, '2020-08-14 12:23:01', '2020-08-14 16:41:28'),
(137, NULL, 136, 1, '2020-08-14', '12:53:59', '13:28:59', 'ATENDIDO', NULL, 0, 'EFECTIVO', '20.00', 2, '2020-08-14 12:54:15', '2020-08-14 16:41:39'),
(138, NULL, 138, 1, '2020-08-14', '15:43:03', '16:18:03', 'ATENDIDO', NULL, 0, 'EFECTIVO', '20.00', 2, '2020-08-14 15:43:33', '2020-08-14 15:50:28'),
(139, NULL, 139, 1, '2020-08-14', '15:44:28', '16:19:28', 'ATENDIDO', NULL, 0, 'EFECTIVO', '20.00', 2, '2020-08-14 15:45:31', '2020-08-14 16:41:59'),
(140, NULL, 140, 2, '2020-08-14', '15:26:01', '16:01:01', 'ATENDIDO', NULL, 0, 'EFECTIVO', '20.00', 2, '2020-08-14 16:03:59', '2020-08-14 16:04:11'),
(141, NULL, 141, 2, '2020-08-14', '16:39:13', '17:14:13', 'ATENDIDO', NULL, 0, 'EFECTIVO', '20.00', 2, '2020-08-14 16:39:56', '2020-08-14 16:41:51'),
(142, NULL, 142, 2, '2020-08-14', '16:51:28', '17:26:28', 'ATENDIDO', NULL, 0, 'EFECTIVO', '20.00', 2, '2020-08-14 16:52:09', '2020-08-14 16:52:23'),
(143, NULL, 144, 2, '2020-08-14', '18:36:50', '19:16:50', 'ATENDIDO', NULL, 0, 'EFECTIVO', '35.00', 2, '2020-08-14 18:37:09', '2020-08-14 18:38:29'),
(144, NULL, 145, 1, '2020-08-14', '18:48:10', '19:28:10', 'ATENDIDO', NULL, 0, 'EFECTIVO', '35.00', 2, '2020-08-14 18:49:06', '2020-08-14 19:33:33'),
(145, NULL, 146, 1, '2020-08-14', '19:49:01', '20:24:01', 'ATENDIDO', NULL, 0, 'EFECTIVO', '20.00', 1, '2020-08-14 19:49:15', '2020-08-14 19:49:31'),
(146, NULL, 136, 2, '2020-08-15', '10:38:53', '11:13:53', 'ATENDIDO', NULL, 0, 'EFECTIVO', '20.00', 2, '2020-08-15 10:39:05', '2020-08-15 11:17:38'),
(147, NULL, 147, 1, '2020-08-15', '11:03:27', '11:38:27', 'ATENDIDO', NULL, 0, 'EFECTIVO', '20.00', 2, '2020-08-15 11:03:49', '2020-08-15 12:16:14'),
(148, NULL, 148, 1, '2020-08-15', '11:25:29', '12:00:29', 'ATENDIDO', NULL, 0, 'EFECTIVO', '20.00', 2, '2020-08-15 11:27:44', '2020-08-15 11:28:01'),
(149, NULL, 149, 2, '2020-08-15', '12:27:16', '13:02:16', 'ATENDIDO', NULL, 0, 'EFECTIVO', '20.00', 2, '2020-08-15 12:38:58', '2020-08-15 15:12:16'),
(150, NULL, 150, 1, '2020-08-15', '12:53:40', '13:28:40', 'ATENDIDO', NULL, 0, 'EFECTIVO', '20.00', 2, '2020-08-15 12:54:51', '2020-08-15 15:12:37'),
(151, NULL, 151, 1, '2020-08-15', '15:11:25', '15:46:25', 'ATENDIDO', NULL, 0, 'EFECTIVO', '25.00', 2, '2020-08-15 15:12:03', '2020-08-15 16:49:16'),
(152, NULL, 152, 2, '2020-08-15', '15:12:43', '15:52:43', 'ATENDIDO', NULL, 0, 'EFECTIVO', '25.00', 2, '2020-08-15 15:13:23', '2020-08-15 15:34:05'),
(153, NULL, 153, 1, '2020-08-15', '16:57:21', '17:32:21', 'ATENDIDO', NULL, 0, 'TARJETA', '25.00', 2, '2020-08-15 16:57:40', '2020-08-15 18:04:07'),
(154, NULL, 154, 2, '2020-08-15', '17:24:33', '17:59:33', 'ATENDIDO', NULL, 0, 'EFECTIVO', '25.00', 2, '2020-08-15 17:25:33', '2020-08-15 18:41:50'),
(155, NULL, 155, 2, '2020-08-15', '17:40:39', '18:15:39', 'ATENDIDO', NULL, 0, 'EFECTIVO', '20.00', 2, '2020-08-15 17:44:22', '2020-08-15 17:44:42'),
(156, NULL, 156, 1, '2020-08-15', '18:05:26', '18:40:26', 'ATENDIDO', NULL, 0, 'EFECTIVO', '20.00', 2, '2020-08-15 18:05:52', '2020-08-15 19:09:58'),
(157, NULL, 157, 1, '2020-08-15', '18:24:50', '18:59:50', 'ATENDIDO', NULL, 0, 'EFECTIVO', '20.00', 2, '2020-08-15 18:26:07', '2020-08-15 18:27:49'),
(158, NULL, 158, 2, '2020-08-15', '19:18:35', '19:53:35', 'ATENDIDO', NULL, 0, 'EFECTIVO', '20.00', 2, '2020-08-15 19:18:51', '2020-08-15 20:06:25'),
(159, NULL, 160, 1, '2020-08-17', '19:30:00', '20:10:00', 'PENDIENTE', NULL, 0, 'EFECTIVO', '25.00', 2, '2020-08-15 19:24:50', '2020-08-18 09:44:54'),
(160, NULL, 156, 2, '2020-08-15', '19:25:12', '20:05:12', 'ATENDIDO', NULL, 0, 'EFECTIVO', '10.00', 2, '2020-08-15 19:25:35', '2020-08-15 19:41:21'),
(161, NULL, 161, 1, '2020-08-15', '19:52:13', '20:27:13', 'ATENDIDO', NULL, 0, 'EFECTIVO', '20.00', 2, '2020-08-15 19:52:36', '2020-08-15 19:53:13'),
(162, NULL, 163, 2, '2020-08-17', '10:45:57', '11:20:57', 'ATENDIDO', NULL, 0, 'EFECTIVO', '20.00', 2, '2020-08-17 10:47:28', '2020-08-17 10:48:08'),
(163, NULL, 162, 2, '2020-08-17', '10:49:04', '11:24:04', 'ATENDIDO', NULL, 0, 'EFECTIVO', '25.00', 2, '2020-08-17 10:49:22', '2020-08-17 12:40:18'),
(164, NULL, 164, 2, '2020-08-17', '10:50:34', '11:25:34', 'ATENDIDO', NULL, 0, 'EFECTIVO', '25.00', 2, '2020-08-17 10:50:47', '2020-08-17 12:40:27'),
(165, NULL, 165, 1, '2020-08-17', '11:09:20', '11:44:20', 'ATENDIDO', NULL, 0, 'EFECTIVO', '20.00', 2, '2020-08-17 11:11:59', '2020-08-17 11:12:21'),
(166, NULL, 35, 1, '2020-08-17', '12:34:11', '13:09:11', 'ATENDIDO', NULL, 0, 'EFECTIVO', '20.00', 2, '2020-08-17 12:35:15', '2020-08-17 12:35:38'),
(167, NULL, 166, 2, '2020-08-17', '15:30:41', '16:05:41', 'ATENDIDO', NULL, 0, 'EFECTIVO', '20.00', 2, '2020-08-17 15:38:46', '2020-08-17 15:39:23'),
(168, NULL, 167, 2, '2020-08-17', '15:55:50', '16:30:50', 'ATENDIDO', NULL, 0, 'EFECTIVO', '20.00', 2, '2020-08-17 15:58:08', '2020-08-17 16:38:09'),
(169, NULL, 168, 2, '2020-08-17', '16:42:38', '17:17:38', 'ATENDIDO', NULL, 0, 'EFECTIVO', '20.00', 2, '2020-08-17 16:43:33', '2020-08-17 18:00:15'),
(170, NULL, 169, 1, '2020-08-17', '17:31:57', '18:06:57', 'ATENDIDO', NULL, 0, 'EFECTIVO', '20.00', 2, '2020-08-17 17:33:45', '2020-08-17 17:34:09'),
(171, NULL, 170, 2, '2020-08-17', '17:36:34', '18:11:34', 'ATENDIDO', NULL, 0, 'EFECTIVO', '20.00', 2, '2020-08-17 17:36:48', '2020-08-17 18:00:28'),
(172, NULL, 171, 1, '2020-08-01', '10:57:04', '11:32:04', 'ATENDIDO', NULL, 0, 'EFECTIVO', '20.00', 1, '2020-08-17 22:59:45', '2020-08-18 10:41:04'),
(173, NULL, 172, 2, '2020-08-01', '11:00:02', '11:35:02', 'ATENDIDO', NULL, 0, 'EFECTIVO', '20.00', 1, '2020-08-17 23:01:10', '2020-08-18 10:41:27'),
(174, NULL, 173, 1, '2020-08-01', '11:01:58', '11:36:58', 'ATENDIDO', NULL, 0, 'EFECTIVO', '20.00', 1, '2020-08-17 23:03:20', '2020-08-18 10:42:21'),
(175, NULL, 174, 1, '2020-08-01', '11:49:33', '12:29:33', 'ATENDIDO', NULL, 0, 'EFECTIVO', '25.00', 1, '2020-08-17 23:04:56', '2020-08-18 10:42:36'),
(176, NULL, 55, 1, '2020-08-01', '10:00:11', '01:05:11', 'ATENDIDO', NULL, 0, 'EFECTIVO', '20.00', 1, '2020-08-17 23:06:01', '2020-08-18 10:40:30'),
(177, NULL, 175, 2, '2020-08-01', '10:07:29', '00:42:29', 'ATENDIDO', NULL, 0, 'EFECTIVO', '20.00', 1, '2020-08-17 23:07:49', '2020-08-18 10:31:03'),
(178, NULL, 176, 2, '2020-08-01', '13:08:11', '13:43:11', 'ATENDIDO', NULL, 0, 'EFECTIVO', '20.00', 1, '2020-08-17 23:10:43', '2020-08-18 10:42:47'),
(179, NULL, 178, 2, '2020-08-01', '14:15:42', '14:55:42', 'ATENDIDO', NULL, 0, 'EFECTIVO', '25.00', 1, '2020-08-17 23:16:52', '2020-08-18 10:43:06'),
(180, NULL, 179, 2, '2020-08-01', '16:19:31', '16:59:31', 'ATENDIDO', NULL, 0, 'EFECTIVO', '25.00', 1, '2020-08-17 23:20:13', '2020-08-18 10:43:42'),
(181, NULL, 180, 1, '2020-08-01', '15:21:27', '16:01:27', 'ATENDIDO', NULL, 0, 'EFECTIVO', '25.00', 1, '2020-08-18 10:22:33', '2020-08-18 10:43:23'),
(182, NULL, 181, 2, '2020-08-01', '10:05:51', '04:16:51', 'ATENDIDO', NULL, 0, 'EFECTIVO', '25.00', 1, '2020-08-18 10:23:40', '2020-08-18 10:40:48'),
(183, NULL, 182, 1, '2020-08-01', '17:00:49', '17:40:49', 'ATENDIDO', NULL, 0, 'EFECTIVO', '25.00', 1, '2020-08-18 10:24:53', '2020-08-18 10:44:06'),
(184, NULL, 183, 1, '2020-08-01', '18:25:01', '19:05:01', 'ATENDIDO', NULL, 0, 'EFECTIVO', '25.00', 1, '2020-08-18 10:26:16', '2020-08-18 10:44:22'),
(185, NULL, 184, 2, '2020-08-01', '18:31:22', '19:06:22', 'ATENDIDO', NULL, 0, 'EFECTIVO', '20.00', 1, '2020-08-18 10:27:24', '2020-08-18 10:44:35'),
(186, NULL, 185, 1, '2020-08-01', '19:31:41', '20:06:41', 'ATENDIDO', NULL, 0, 'EFECTIVO', '20.00', 1, '2020-08-18 10:28:43', '2020-08-18 10:44:49'),
(187, NULL, 187, 1, '2020-08-18', '11:13:25', '11:48:25', 'ATENDIDO', NULL, 0, 'EFECTIVO', '20.00', 2, '2020-08-18 11:13:41', '2020-08-18 11:41:44'),
(188, NULL, 188, 2, '2020-08-18', '11:13:49', '11:48:49', 'ATENDIDO', NULL, 0, 'EFECTIVO', '20.00', 2, '2020-08-18 11:14:01', '2020-08-18 11:50:07'),
(189, NULL, 189, 2, '2020-08-18', '11:27:33', '12:07:33', 'ATENDIDO', NULL, 0, 'EFECTIVO', '25.00', 2, '2020-08-18 11:27:54', '2020-08-18 12:52:52'),
(190, NULL, 190, 2, '2020-08-18', '12:04:00', '12:44:00', 'ATENDIDO', NULL, 0, 'EFECTIVO', '25.00', 2, '2020-08-18 12:05:16', '2020-08-18 15:08:01'),
(191, NULL, 191, 1, '2020-08-18', '12:12:31', '12:47:31', 'ATENDIDO', NULL, 0, 'EFECTIVO', '20.00', 2, '2020-08-18 12:14:25', '2020-08-18 15:08:10'),
(192, NULL, 192, 1, '2020-08-18', '15:08:32', '15:43:32', 'ATENDIDO', NULL, 0, 'EFECTIVO', '20.00', 2, '2020-08-18 15:09:30', '2020-08-18 15:09:46'),
(193, NULL, 193, 1, '2020-08-18', '15:16:31', '15:51:31', 'ATENDIDO', NULL, 0, 'EFECTIVO', '20.00', 2, '2020-08-18 15:18:54', '2020-08-18 15:19:05'),
(194, NULL, 194, 1, '2020-08-18', '16:01:01', '16:36:01', 'ATENDIDO', NULL, 0, 'EFECTIVO', '20.00', 2, '2020-08-18 16:01:44', '2020-08-18 17:33:05'),
(195, NULL, 111, 1, '2020-08-18', '16:02:05', '16:37:05', 'ATENDIDO', NULL, 0, 'EFECTIVO', '25.00', 2, '2020-08-18 16:02:38', '2020-08-18 17:33:30'),
(196, NULL, 195, 2, '2020-08-18', '16:05:45', '16:40:45', 'ATENDIDO', NULL, 0, 'EFECTIVO', '20.00', 2, '2020-08-18 16:09:30', '2020-08-18 16:10:01'),
(197, NULL, 196, 1, '2020-08-18', '16:33:08', '17:08:08', 'ATENDIDO', NULL, 0, 'EFECTIVO', '20.00', 2, '2020-08-18 16:35:29', '2020-08-18 18:22:26'),
(198, NULL, 197, 2, '2020-08-18', '17:09:36', '17:44:36', 'ATENDIDO', NULL, 0, 'EFECTIVO', '20.00', 2, '2020-08-18 17:10:19', '2020-08-18 17:12:19'),
(199, NULL, 198, 2, '2020-08-18', '17:33:47', '18:08:47', 'ATENDIDO', NULL, 0, 'EFECTIVO', '20.00', 2, '2020-08-18 17:34:06', '2020-08-18 19:14:52'),
(200, NULL, 199, 1, '2020-08-18', '17:34:10', '18:09:10', 'ATENDIDO', NULL, 0, 'EFECTIVO', '25.00', 2, '2020-08-18 17:34:28', '2020-08-18 19:15:33'),
(201, NULL, 200, 2, '2020-08-18', '17:45:39', '18:25:39', 'ATENDIDO', NULL, 0, 'EFECTIVO', '25.00', 2, '2020-08-18 17:47:28', '2020-08-18 17:47:42'),
(202, NULL, 201, 2, '2020-08-18', '19:09:04', '19:49:04', 'ATENDIDO', NULL, 0, 'EFECTIVO', '25.00', 2, '2020-08-18 19:12:25', '2020-08-18 19:15:50'),
(203, NULL, 202, 1, '2020-08-18', '19:46:28', '20:21:28', 'ATENDIDO', NULL, 0, 'EFECTIVO', '20.00', 1, '2020-08-18 19:47:37', '2020-08-18 19:48:03'),
(204, NULL, 204, 1, '2020-08-19', '10:55:38', '11:48:38', 'ATENDIDO', NULL, 0, 'EFECTIVO', '20.00', 2, '2020-08-19 11:13:57', '2020-08-19 11:46:10'),
(205, NULL, 23, 2, '2020-08-19', '11:22:11', '11:57:11', 'ATENDIDO', NULL, 0, 'EFECTIVO', '20.00', 2, '2020-08-19 11:22:44', '2020-08-19 11:23:08'),
(207, NULL, 41, 1, '2020-08-19', '11:37:41', '12:12:41', 'ATENDIDO', NULL, 0, 'EFECTIVO', '20.00', 2, '2020-08-19 11:38:00', '2020-08-19 12:26:55'),
(208, NULL, 205, 1, '2020-08-19', '12:22:02', '12:57:02', 'ATENDIDO', NULL, 0, 'EFECTIVO', '25.00', 2, '2020-08-19 12:23:06', '2020-08-19 14:57:04'),
(209, NULL, 213, 2, '2020-08-19', '12:49:45', '13:29:45', 'ATENDIDO', NULL, 0, 'EFECTIVO', '25.00', 2, '2020-08-19 12:50:55', '2020-08-19 12:51:47'),
(210, NULL, 214, 1, '2020-08-19', '14:57:49', '15:32:49', 'ATENDIDO', NULL, 0, 'EFECTIVO', '20.00', 2, '2020-08-19 14:59:25', '2020-08-19 14:59:46'),
(211, NULL, 222, 2, '2020-08-19', '15:34:51', '16:14:51', 'ATENDIDO', NULL, 0, 'EFECTIVO', '25.00', 2, '2020-08-19 15:35:12', '2020-08-19 17:24:59'),
(212, NULL, 245, 1, '2020-08-19', '16:39:54', '17:14:54', 'ATENDIDO', NULL, 0, 'EFECTIVO', '25.00', 2, '2020-08-19 16:40:31', '2020-08-19 17:45:54'),
(213, NULL, 254, 1, '2020-08-19', '18:14:51', '18:49:51', 'ATENDIDO', NULL, 0, 'EFECTIVO', '20.00', 2, '2020-08-19 18:16:46', '2020-08-19 18:22:21'),
(214, NULL, 255, 2, '2020-08-19', '19:21:03', '19:56:03', 'ATENDIDO', NULL, 0, 'EFECTIVO', '20.00', 2, '2020-08-19 19:22:35', '2020-08-19 19:22:55'),
(215, NULL, 256, 1, '2020-08-20', '11:11:26', '11:46:26', 'ATENDIDO', NULL, 0, 'EFECTIVO', '20.00', 2, '2020-08-20 11:14:00', '2020-08-20 12:04:11'),
(216, NULL, 179, 2, '2020-08-20', '15:01:01', '15:41:01', 'ATENDIDO', NULL, 0, 'TARJETA', '25.00', 2, '2020-08-20 15:01:25', '2020-08-20 15:04:39'),
(217, NULL, 257, 2, '2020-08-20', '15:30:14', '16:10:14', 'ATENDIDO', NULL, 0, 'EFECTIVO', '30.00', 2, '2020-08-20 15:30:39', '2020-08-20 16:43:34'),
(218, NULL, 258, 1, '2020-08-20', '15:49:08', '16:24:08', 'ATENDIDO', NULL, 0, 'EFECTIVO', '20.00', 2, '2020-08-20 15:49:48', '2020-08-20 15:49:59'),
(219, NULL, 259, 2, '2020-08-20', '15:59:17', '16:39:17', 'ATENDIDO', NULL, 0, 'EFECTIVO', '25.00', 2, '2020-08-20 15:59:51', '2020-08-20 16:00:01'),
(220, NULL, 260, 1, '2020-08-20', '16:21:29', '16:56:29', 'ATENDIDO', NULL, 0, 'EFECTIVO', '20.00', 2, '2020-08-20 16:21:47', '2020-08-20 17:26:46'),
(221, NULL, 261, 2, '2020-08-20', '16:48:06', '16:57:06', 'ATENDIDO', NULL, 0, 'EFECTIVO', '20.00', 2, '2020-08-20 16:22:24', '2020-08-20 17:26:59'),
(222, NULL, 262, 1, '2020-08-20', '17:32:26', '18:07:26', 'ATENDIDO', NULL, 0, 'EFECTIVO', '20.00', 2, '2020-08-20 17:33:48', '2020-08-20 17:33:59'),
(223, NULL, 18, 1, '2020-08-20', '18:47:07', '18:46:07', 'ATENDIDO', NULL, 0, 'EFECTIVO', '25.00', 2, '2020-08-20 18:11:21', '2020-08-20 19:23:51'),
(224, NULL, 264, 2, '2020-08-20', '17:25:38', '18:53:38', 'ATENDIDO', NULL, 0, 'EFECTIVO', '25.00', 2, '2020-08-20 18:14:52', '2020-08-20 18:15:30'),
(225, NULL, 263, 2, '2020-08-20', '18:15:51', '18:50:51', 'ATENDIDO', NULL, 0, 'EFECTIVO', '20.00', 2, '2020-08-20 18:16:10', '2020-08-20 18:47:33'),
(226, NULL, 265, 2, '2020-08-20', '13:26:37', '14:01:37', 'ATENDIDO', NULL, 0, 'EFECTIVO', '20.00', 2, '2020-08-20 18:22:02', '2020-08-20 18:22:09'),
(227, NULL, 266, 1, '2020-08-20', '19:13:43', '19:53:43', 'ATENDIDO', NULL, 0, 'EFECTIVO', '25.00', 2, '2020-08-20 19:14:08', '2020-08-20 19:14:19'),
(228, NULL, 267, 1, '2020-08-20', '19:26:55', '20:01:55', 'ATENDIDO', NULL, 0, 'EFECTIVO', '20.00', 2, '2020-08-20 19:27:23', '2020-08-20 19:27:34'),
(229, NULL, 269, 1, '2020-08-21', '11:20:37', '12:00:37', 'ATENDIDO', NULL, 0, 'EFECTIVO', '20.00', 2, '2020-08-21 11:21:19', '2020-08-21 13:24:49'),
(231, NULL, 270, 2, '2020-08-21', '11:26:11', '12:01:11', 'ATENDIDO', NULL, 0, 'EFECTIVO', '20.00', 2, '2020-08-21 11:27:37', '2020-08-21 11:27:56'),
(232, NULL, 60, 1, '2020-08-21', '11:06:30', '12:46:30', 'ATENDIDO', NULL, 0, 'TARJETA', '25.00', 2, '2020-08-21 12:07:31', '2020-08-21 16:58:31'),
(233, NULL, 271, 2, '2020-08-21', '13:04:54', '13:30:54', 'ATENDIDO', NULL, 0, 'EFECTIVO', '25.00', 2, '2020-08-21 12:20:29', '2020-08-21 15:19:34'),
(234, NULL, 272, 2, '2020-08-21', '12:20:36', '13:00:36', 'ATENDIDO', NULL, 0, 'EFECTIVO', '25.00', 2, '2020-08-21 12:21:52', '2020-08-21 15:18:49'),
(235, NULL, 273, 2, '2020-08-21', '16:40:36', '17:15:36', 'ATENDIDO', NULL, 0, 'EFECTIVO', '20.00', 2, '2020-08-21 16:40:51', '2020-08-21 17:31:25'),
(236, NULL, 275, 1, '2020-08-21', '16:41:09', '17:21:09', 'ATENDIDO', NULL, 0, 'TARJETA', '25.00', 2, '2020-08-21 16:41:38', '2020-08-21 17:29:42'),
(237, NULL, 274, 2, '2020-08-21', '17:31:36', '18:06:36', 'ATENDIDO', NULL, 0, 'EFECTIVO', '20.00', 2, '2020-08-21 17:32:08', '2020-08-21 18:23:34'),
(238, NULL, 276, 1, '2020-08-21', '18:24:55', '18:59:55', 'ATENDIDO', NULL, 0, 'EFECTIVO', '20.00', 2, '2020-08-21 18:25:45', '2020-08-21 19:10:07'),
(239, NULL, 278, 2, '2020-08-21', '18:33:00', '19:08:00', 'ATENDIDO', NULL, 0, 'EFECTIVO', '20.00', 2, '2020-08-21 18:58:44', '2020-08-21 18:59:07'),
(240, NULL, 277, 2, '2020-08-21', '19:02:56', '20:07:56', 'ATENDIDO', NULL, 0, 'EFECTIVO', '20.00', 2, '2020-08-21 19:28:16', '2020-08-21 19:38:04'),
(241, NULL, 279, 2, '2020-08-22', '11:25:29', '11:30:29', 'ATENDIDO', NULL, 0, 'EFECTIVO', '25.00', 2, '2020-08-22 10:37:03', '2020-08-22 12:15:48'),
(242, NULL, 280, 1, '2020-08-21', '19:30:46', '20:05:46', 'ATENDIDO', NULL, 0, 'EFECTIVO', '20.00', 1, '2020-08-22 11:01:00', '2020-08-22 11:07:35'),
(243, NULL, 281, 1, '2020-08-22', '11:03:16', '11:38:16', 'ATENDIDO', NULL, 0, 'EFECTIVO', '20.00', 2, '2020-08-22 11:03:32', '2020-08-22 11:58:06'),
(244, NULL, 282, 1, '2020-08-22', '11:58:50', '12:33:50', 'ATENDIDO', NULL, 0, 'EFECTIVO', '20.00', 2, '2020-08-22 11:52:31', '2020-08-22 12:41:43'),
(245, NULL, 22, 2, '2020-08-22', '12:17:53', '12:52:53', 'ATENDIDO', NULL, 0, 'EFECTIVO', '25.00', 2, '2020-08-22 12:11:21', '2020-08-22 13:01:47'),
(246, NULL, 283, 1, '2020-08-22', '14:00:11', '14:35:11', 'ATENDIDO', NULL, 0, 'EFECTIVO', '25.00', 2, '2020-08-22 15:02:38', '2020-08-22 15:07:19'),
(247, NULL, 284, 2, '2020-08-22', '15:12:24', '15:47:24', 'ATENDIDO', NULL, 0, 'EFECTIVO', '25.00', 2, '2020-08-22 15:12:40', '2020-08-22 15:58:05'),
(248, NULL, 285, 1, '2020-08-22', '15:51:14', '16:26:14', 'ATENDIDO', NULL, 0, 'EFECTIVO', '20.00', 2, '2020-08-22 15:51:28', '2020-08-22 15:51:49'),
(249, NULL, 286, 2, '2020-08-22', '16:06:07', '16:41:07', 'ATENDIDO', NULL, 0, 'EFECTIVO', '20.00', 2, '2020-08-22 16:06:22', '2020-08-22 16:38:57'),
(250, NULL, 287, 1, '2020-08-22', '16:07:48', '16:42:48', 'ATENDIDO', NULL, 0, 'EFECTIVO', '20.00', 2, '2020-08-22 16:08:00', '2020-08-22 16:39:13'),
(251, NULL, 288, 2, '2020-08-22', '16:34:59', '17:09:59', 'ATENDIDO', NULL, 0, 'EFECTIVO', '20.00', 2, '2020-08-22 16:35:33', '2020-08-22 17:09:35'),
(252, NULL, 289, 1, '2020-08-22', '16:40:17', '17:15:17', 'ATENDIDO', NULL, 0, 'EFECTIVO', '25.00', 2, '2020-08-22 16:36:40', '2020-08-22 17:50:16'),
(253, NULL, 290, 2, '2020-08-22', '17:09:54', '17:44:54', 'ATENDIDO', NULL, 0, 'EFECTIVO', '20.00', 2, '2020-08-22 17:10:16', '2020-08-22 17:35:15'),
(254, NULL, 291, 2, '2020-08-22', '17:35:53', '18:00:53', 'ATENDIDO', NULL, 0, 'EFECTIVO', '25.00', 2, '2020-08-22 17:26:24', '2020-08-22 18:39:55'),
(255, NULL, 292, 1, '2020-08-22', '17:45:30', '18:01:30', 'ATENDIDO', NULL, 0, 'EFECTIVO', '20.00', 2, '2020-08-22 17:26:46', '2020-08-22 18:40:17'),
(256, NULL, 293, 2, '2020-08-22', '18:29:09', '19:04:09', 'ATENDIDO', NULL, 0, 'EFECTIVO', '20.00', 2, '2020-08-22 18:29:25', '2020-08-22 19:04:51'),
(257, NULL, 294, 1, '2020-08-24', '10:23:55', '11:03:55', 'ATENDIDO', NULL, 0, 'EFECTIVO', '25.00', 2, '2020-08-24 11:22:19', '2020-08-24 11:22:34'),
(258, NULL, 295, 1, '2020-08-24', '11:51:48', '12:31:48', 'ATENDIDO', NULL, 0, 'EFECTIVO', '25.00', 2, '2020-08-24 11:52:20', '2020-08-24 13:03:33'),
(259, NULL, 296, 2, '2020-08-24', '12:48:16', '13:23:16', 'ATENDIDO', NULL, 0, 'EFECTIVO', '25.00', 2, '2020-08-24 12:48:32', '2020-08-24 15:01:32'),
(260, NULL, 297, 1, '2020-08-24', '13:42:29', '14:05:29', 'ATENDIDO', NULL, 0, 'EFECTIVO', '20.00', 2, '2020-08-24 15:14:09', '2020-08-24 15:14:52'),
(261, NULL, 298, 1, '2020-08-24', '15:24:39', '14:17:39', 'ATENDIDO', NULL, 0, 'EFECTIVO', '20.00', 2, '2020-08-24 15:20:12', '2020-08-24 16:22:03'),
(262, NULL, 300, 2, '2020-08-24', '15:05:00', '16:20:14', 'ATENDIDO', NULL, 0, 'EFECTIVO', '20.00', 2, '2020-08-24 15:45:30', '2020-08-24 15:45:57'),
(263, NULL, 299, 1, '2020-08-24', '16:00:21', '16:35:21', 'ATENDIDO', NULL, 0, 'EFECTIVO', '25.00', 2, '2020-08-24 15:47:45', '2020-08-24 17:10:00'),
(264, NULL, 301, 2, '2020-08-24', '18:21:56', '19:01:56', 'ATENDIDO', NULL, 0, 'EFECTIVO', '20.00', 2, '2020-08-24 18:12:22', '2020-08-24 18:40:42'),
(265, NULL, 302, 2, '2020-08-24', '17:42:49', '18:17:49', 'ATENDIDO', NULL, 0, 'EFECTIVO', '20.00', 2, '2020-08-24 18:18:16', '2020-08-24 18:18:24'),
(266, NULL, 303, 2, '2020-08-24', '18:40:45', '19:25:45', 'ATENDIDO', NULL, 0, 'EFECTIVO', '20.00', 2, '2020-08-24 18:29:09', '2020-08-24 19:32:13'),
(267, NULL, 304, 1, '2020-08-24', '17:34:33', '18:09:33', 'ATENDIDO', NULL, 0, 'EFECTIVO', '20.00', 2, '2020-08-24 18:31:50', '2020-08-24 18:32:21'),
(268, NULL, 305, 2, '2020-08-24', '19:30:49', '20:05:49', 'ATENDIDO', NULL, 0, 'EFECTIVO', '20.00', 2, '2020-08-24 19:26:04', '2020-08-24 19:59:49'),
(269, NULL, 74, 1, '2020-08-24', '19:00:31', '20:23:31', 'ATENDIDO', NULL, 0, 'EFECTIVO', '25.00', 2, '2020-08-24 19:43:42', '2020-08-24 19:44:06'),
(270, NULL, 300, 1, '2020-08-25', '11:46:24', '00:35:24', 'ATENDIDO', NULL, 0, 'EFECTIVO', '20.00', 2, '2020-08-25 11:34:51', '2020-08-25 12:18:13'),
(271, NULL, 306, 1, '2020-08-25', '11:00:43', '12:20:43', 'ATENDIDO', NULL, 0, 'EFECTIVO', '20.00', 2, '2020-08-25 11:45:55', '2020-08-25 11:46:11'),
(272, NULL, 307, 1, '2020-08-25', '14:20:34', '14:55:34', 'ATENDIDO', NULL, 0, 'EFECTIVO', '20.00', 2, '2020-08-25 15:26:53', '2020-08-25 15:32:52'),
(273, NULL, 308, 1, '2020-08-25', '15:33:05', '16:08:05', 'ATENDIDO', NULL, 0, 'EFECTIVO', '20.00', 2, '2020-08-25 15:33:16', '2020-08-25 16:21:20'),
(274, NULL, 19, 1, '2020-08-25', '16:47:06', '17:22:06', 'ATENDIDO', NULL, 0, 'EFECTIVO', '20.00', 2, '2020-08-25 16:46:39', '2020-08-25 17:22:23'),
(275, NULL, 309, 2, '2020-08-25', '16:11:54', '16:51:54', 'ATENDIDO', NULL, 0, 'EFECTIVO', '25.00', 2, '2020-08-25 17:30:39', '2020-08-25 17:30:50'),
(276, NULL, 310, 2, '2020-08-25', '17:49:42', '18:24:42', 'ATENDIDO', NULL, 0, 'EFECTIVO', '20.00', 2, '2020-08-25 17:49:54', '2020-08-25 18:32:15'),
(277, NULL, 311, 1, '2020-08-25', '17:50:07', '18:25:07', 'ATENDIDO', NULL, 0, 'EFECTIVO', '20.00', 2, '2020-08-25 17:50:21', '2020-08-25 18:23:28'),
(278, NULL, 153, 1, '2020-08-25', '19:00:00', '19:35:00', 'ATENDIDO', NULL, 0, 'TARJETA', '20.00', 2, '2020-08-25 17:57:54', '2020-08-25 19:31:49'),
(279, NULL, 312, 1, '2020-08-25', '18:25:43', '19:00:43', 'ATENDIDO', NULL, 0, 'EFECTIVO', '20.00', 2, '2020-08-25 18:56:02', '2020-08-25 18:56:16'),
(280, NULL, 51, 1, '2020-08-26', '10:32:16', '11:07:16', 'ATENDIDO', NULL, 0, 'EFECTIVO', '20.00', 2, '2020-08-26 11:28:30', '2020-08-26 11:28:38'),
(281, NULL, 314, 2, '2020-08-26', '14:00:20', '14:35:20', 'ATENDIDO', NULL, 0, 'EFECTIVO', '20.00', 2, '2020-08-26 14:56:11', '2020-08-26 14:56:20'),
(282, NULL, 315, 1, '2020-08-26', '16:42:37', '17:17:37', 'ATENDIDO', NULL, 0, 'EFECTIVO', '20.00', 2, '2020-08-26 16:42:54', '2020-08-26 17:15:32'),
(283, NULL, 317, 1, '2020-08-26', '17:55:31', '18:30:31', 'ATENDIDO', NULL, 0, 'TARJETA', '20.00', 2, '2020-08-26 17:55:45', '2020-08-26 18:50:53'),
(284, NULL, 318, 1, '2020-08-26', '18:33:04', '19:08:04', 'ATENDIDO', NULL, 0, 'TARJETA', '20.00', 2, '2020-08-26 18:33:24', '2020-08-26 18:56:49'),
(285, NULL, 319, 1, '2020-08-26', '18:57:02', '19:32:02', 'ATENDIDO', NULL, 0, 'EFECTIVO', '25.00', 2, '2020-08-26 18:57:16', '2020-08-26 19:55:30'),
(287, NULL, 320, 1, '2020-08-27', '10:36:19', '11:11:19', 'ATENDIDO', NULL, 0, 'EFECTIVO', '20.00', 2, '2020-08-27 11:23:00', '2020-08-27 11:23:19'),
(288, NULL, 321, 1, '2020-08-27', '12:28:20', '13:03:20', 'ATENDIDO', NULL, 0, 'EFECTIVO', '20.00', 2, '2020-08-27 12:28:54', '2020-08-27 13:01:53'),
(289, NULL, 111, 1, '2020-08-27', '15:02:01', '15:42:01', 'ATENDIDO', NULL, 0, 'TARJETA', '25.00', 2, '2020-08-27 15:02:21', '2020-08-28 12:35:19'),
(290, NULL, 321, 2, '2020-08-27', '14:30:29', '15:10:29', 'ATENDIDO', NULL, 0, 'EFECTIVO', '25.00', 2, '2020-08-27 15:16:07', '2020-08-27 15:16:20'),
(291, NULL, 323, 1, '2020-08-27', '13:30:42', '14:10:42', 'ATENDIDO', NULL, 0, 'EFECTIVO', '25.00', 2, '2020-08-27 16:03:20', '2020-08-27 16:03:34'),
(293, NULL, 325, 1, '2020-08-27', '16:30:49', '17:00:49', 'ATENDIDO', NULL, 0, 'EFECTIVO', '20.00', 2, '2020-08-27 16:31:19', '2020-08-27 17:23:05'),
(294, NULL, 13, 2, '2020-08-27', '16:35:35', '17:10:35', 'ATENDIDO', NULL, 0, 'EFECTIVO', '20.00', 2, '2020-08-27 17:05:45', '2020-08-27 17:05:53'),
(295, NULL, 257, 2, '2020-08-27', '17:16:45', '17:51:45', 'ATENDIDO', NULL, 0, 'EFECTIVO', '30.00', 2, '2020-08-27 17:17:27', '2020-08-27 18:05:43'),
(296, NULL, 326, 1, '2020-08-27', '17:40:33', '18:15:33', 'ATENDIDO', NULL, 0, 'EFECTIVO', '20.00', 2, '2020-08-27 18:21:57', '2020-08-27 18:22:17'),
(297, NULL, 327, 2, '2020-08-27', '18:00:31', '18:40:31', 'ATENDIDO', NULL, 0, 'TARJETA', '25.00', 2, '2020-08-27 18:48:20', '2020-08-28 12:35:46'),
(298, NULL, 329, 1, '2020-08-27', '18:22:33', '18:57:33', 'ATENDIDO', NULL, 0, 'EFECTIVO', '20.00', 2, '2020-08-27 19:04:05', '2020-08-27 19:04:13'),
(299, NULL, 330, 2, '2020-08-27', '19:44:32', '20:24:32', 'ATENDIDO', NULL, 0, 'EFECTIVO', '25.00', 2, '2020-08-27 19:44:55', '2020-08-27 19:45:36'),
(300, NULL, 331, 1, '2020-08-27', '19:57:00', '20:37:00', 'ATENDIDO', NULL, 0, 'EFECTIVO', '25.00', 2, '2020-08-27 19:57:41', '2020-08-27 19:58:08'),
(301, NULL, 332, 1, '2020-08-28', '10:30:31', '11:05:31', 'ATENDIDO', NULL, 0, 'EFECTIVO', '15.00', 2, '2020-08-28 11:14:46', '2020-08-28 19:27:06'),
(302, NULL, 333, 1, '2020-08-28', '11:14:15', '11:49:15', 'ATENDIDO', NULL, 0, 'EFECTIVO', '20.00', 2, '2020-08-28 11:54:32', '2020-08-28 11:54:44'),
(303, NULL, 334, 1, '2020-08-28', '12:30:49', '13:05:49', 'ATENDIDO', NULL, 0, 'EFECTIVO', '20.00', 2, '2020-08-28 12:50:07', '2020-08-28 12:53:53'),
(304, NULL, 132, 2, '2020-08-28', '15:15:11', '15:36:11', 'ATENDIDO', NULL, 0, 'EFECTIVO', '25.00', 2, '2020-08-28 14:57:11', '2020-08-28 16:10:14'),
(305, NULL, 335, 1, '2020-08-28', '14:57:53', '15:32:53', 'ATENDIDO', NULL, 0, 'EFECTIVO', '20.00', 2, '2020-08-28 14:59:15', '2020-08-28 16:09:46'),
(306, NULL, 223, 1, '2020-08-28', '13:40:20', '14:15:20', 'ATENDIDO', NULL, 0, 'EFECTIVO', '20.00', 2, '2020-08-28 15:08:01', '2020-08-28 15:08:10'),
(307, NULL, 336, 2, '2020-08-28', '14:20:39', '15:54:39', 'ATENDIDO', NULL, 0, 'EFECTIVO', '25.00', 2, '2020-08-28 15:14:54', '2020-08-28 15:15:27'),
(308, NULL, 234, 1, '2020-08-28', '13:12:12', '13:47:12', 'ATENDIDO', NULL, 0, 'EFECTIVO', '20.00', 2, '2020-08-28 15:51:47', '2020-08-28 15:51:56'),
(309, NULL, 337, 2, '2020-08-28', '13:35:15', '14:15:15', 'ATENDIDO', NULL, 0, 'EFECTIVO', '25.00', 2, '2020-08-28 15:54:57', '2020-08-28 15:57:33'),
(310, NULL, 278, 2, '2020-08-28', '12:44:18', '13:24:18', 'ATENDIDO', NULL, 0, 'EFECTIVO', '30.00', 2, '2020-08-28 15:55:56', '2020-08-28 15:56:33'),
(311, NULL, 338, 2, '2020-08-28', '22:00:34', '22:40:34', 'ATENDIDO', NULL, 0, 'EFECTIVO', '25.00', 2, '2020-08-28 16:17:01', '2020-08-28 16:17:33'),
(312, NULL, 339, 2, '2020-08-28', '15:47:00', '16:22:00', 'ATENDIDO', NULL, 0, 'EFECTIVO', '20.00', 2, '2020-08-28 16:42:10', '2020-08-28 16:42:27'),
(313, NULL, 340, 2, '2020-08-28', '16:08:00', '16:48:00', 'ATENDIDO', NULL, 0, 'TARJETA', '25.00', 2, '2020-08-28 16:57:16', '2020-08-28 16:57:44'),
(314, NULL, 344, 2, '2020-08-28', '18:22:27', '19:02:27', 'ATENDIDO', NULL, 0, 'EFECTIVO', '25.00', 2, '2020-08-28 18:24:51', '2020-08-28 19:03:20'),
(315, NULL, 345, 1, '2020-08-28', '19:04:42', '19:39:42', 'ATENDIDO', NULL, 0, 'TARJETA', '25.00', 2, '2020-08-28 18:58:06', '2020-08-28 19:52:46'),
(316, NULL, 341, 1, '2020-08-28', '16:45:51', '17:20:51', 'ATENDIDO', NULL, 0, 'EFECTIVO', '20.00', 2, '2020-08-28 19:00:14', '2020-08-28 19:00:24'),
(317, NULL, 299, 1, '2020-08-28', '17:30:00', '17:40:00', 'ATENDIDO', NULL, 0, 'EFECTIVO', '5.00', 2, '2020-08-28 19:31:02', '2020-08-28 19:32:07'),
(318, NULL, 346, 1, '2020-08-28', '18:48:13', '19:28:13', 'ATENDIDO', NULL, 0, 'EFECTIVO', '25.00', 2, '2020-08-28 19:45:31', '2020-08-28 19:47:04'),
(323, NULL, 223, 1, '2020-08-29', '10:10:29', '10:50:29', 'ATENDIDO', NULL, 0, 'EFECTIVO', '25.00', 2, '2020-08-29 11:22:47', '2020-08-29 11:23:01'),
(325, NULL, 348, 1, '2020-08-29', '12:20:14', '12:55:14', 'ATENDIDO', NULL, 0, 'EFECTIVO', '20.00', 2, '2020-08-29 12:05:41', '2020-08-29 15:10:03'),
(326, NULL, 116, 1, '2020-08-29', '11:35:52', '00:10:52', 'ATENDIDO', NULL, 0, 'EFECTIVO', '20.00', 2, '2020-08-29 12:16:39', '2020-08-31 09:30:42'),
(327, NULL, 92, 2, '2020-08-29', '12:52:05', '13:04:05', 'ATENDIDO', NULL, 0, 'EFECTIVO', '20.00', 2, '2020-08-29 12:29:32', '2020-08-29 15:10:50'),
(328, NULL, 349, 2, '2020-08-29', '12:29:44', '13:04:44', 'ATENDIDO', NULL, 0, 'TARJETA', '20.00', 2, '2020-08-29 12:31:21', '2020-08-29 15:10:36'),
(329, NULL, 350, 2, '2020-08-29', '14:12:57', '14:47:57', 'ATENDIDO', NULL, 0, 'EFECTIVO', '20.00', 2, '2020-08-29 15:07:53', '2020-08-29 15:08:35'),
(330, NULL, 1, 1, '2020-08-29', '13:33:00', '14:08:00', 'ATENDIDO', NULL, 0, 'EFECTIVO', '20.00', 2, '2020-08-29 15:11:24', '2020-08-29 15:11:40'),
(331, NULL, 351, 2, '2020-08-29', '15:05:11', '15:45:11', 'ATENDIDO', NULL, 0, 'EFECTIVO', '25.00', 2, '2020-08-29 15:57:09', '2020-08-29 15:57:36'),
(332, NULL, 352, 2, '2020-08-29', '16:02:19', '16:37:19', 'ATENDIDO', NULL, 0, 'EFECTIVO', '15.00', 2, '2020-08-29 16:03:01', '2020-08-29 18:18:11'),
(333, NULL, 353, 1, '2020-08-29', '16:37:10', '16:50:10', 'ATENDIDO', NULL, 0, 'EFECTIVO', '25.00', 2, '2020-08-29 16:17:02', '2020-08-29 17:21:45'),
(334, NULL, 284, 1, '2020-08-29', '15:23:34', '17:00:34', 'ATENDIDO', NULL, 0, 'EFECTIVO', '25.00', 2, '2020-08-29 16:22:36', '2020-08-29 16:23:10'),
(335, NULL, 77, 1, '2020-08-29', '17:40:02', '18:25:02', 'ATENDIDO', NULL, 0, 'EFECTIVO', '20.00', 2, '2020-08-29 17:22:38', '2020-08-29 18:32:26'),
(336, NULL, 354, 1, '2020-08-29', '16:50:24', '17:25:24', 'ATENDIDO', NULL, 0, 'EFECTIVO', '20.00', 2, '2020-08-29 17:38:41', '2020-08-29 17:39:24'),
(337, NULL, 175, 2, '2020-08-29', '17:55:18', '18:30:18', 'ATENDIDO', NULL, 0, 'EFECTIVO', '20.00', 2, '2020-08-29 18:29:59', '2020-08-29 18:30:17'),
(338, NULL, 355, 1, '2020-08-29', '18:40:26', '19:26:26', 'ATENDIDO', NULL, 0, 'EFECTIVO', '15.00', 2, '2020-08-29 19:13:05', '2020-08-29 19:14:26'),
(340, NULL, 359, 1, '2020-08-31', '11:19:42', '11:54:42', 'ATENDIDO', NULL, 0, 'EFECTIVO', '20.00', 2, '2020-08-31 11:21:17', '2020-08-31 12:19:15'),
(341, NULL, 360, 2, '2020-08-31', '11:14:10', '11:49:10', 'ATENDIDO', NULL, 0, 'EFECTIVO', '20.00', 2, '2020-08-31 11:52:12', '2020-08-31 11:52:38'),
(342, NULL, 361, 2, '2020-08-31', '11:46:00', '00:21:00', 'ATENDIDO', NULL, 0, 'EFECTIVO', '20.00', 2, '2020-08-31 12:18:34', '2020-08-31 12:19:03'),
(343, NULL, 362, 2, '2020-08-31', '12:20:12', '13:00:12', 'ATENDIDO', NULL, 0, 'EFECTIVO', '25.00', 2, '2020-08-31 13:01:53', '2020-08-31 13:02:31'),
(344, NULL, 1, 2, '2020-08-31', '13:50:00', '14:25:00', 'ATENDIDO', NULL, 0, 'EFECTIVO', '20.00', 2, '2020-08-31 15:02:04', '2020-08-31 15:02:25'),
(345, NULL, 363, 1, '2020-08-31', '15:45:24', '16:20:24', 'ATENDIDO', NULL, 0, 'EFECTIVO', '20.00', 2, '2020-08-31 15:48:45', '2020-08-31 16:27:38'),
(346, NULL, 364, 1, '2020-08-31', '16:33:56', '17:08:56', 'ATENDIDO', NULL, 0, 'EFECTIVO', '20.00', 2, '2020-08-31 17:36:02', '2020-08-31 17:36:59'),
(347, NULL, 365, 2, '2020-08-31', '17:19:33', '17:54:33', 'ATENDIDO', NULL, 0, 'EFECTIVO', '20.00', 2, '2020-08-31 18:13:53', '2020-08-31 18:14:05'),
(348, NULL, 366, 1, '2020-08-31', '18:43:23', '19:15:23', 'ATENDIDO', NULL, 0, 'EFECTIVO', '20.00', 2, '2020-08-31 18:19:54', '2020-08-31 19:14:41'),
(349, NULL, 367, 2, '2020-08-31', '18:11:25', '18:46:25', 'ATENDIDO', NULL, 0, 'EFECTIVO', '20.00', 2, '2020-08-31 18:42:48', '2020-08-31 18:42:59'),
(350, NULL, 368, 1, '2020-08-31', '18:43:58', '19:23:58', 'ATENDIDO', NULL, 0, 'EFECTIVO', '30.00', 2, '2020-08-31 18:45:55', '2020-08-31 18:46:09'),
(351, NULL, 369, 2, '2020-09-01', '10:38:00', '11:18:00', 'ATENDIDO', NULL, 0, 'EFECTIVO', '25.00', 2, '2020-09-01 11:26:19', '2020-09-01 11:27:14'),
(352, NULL, 79, 2, '2020-09-01', '11:27:34', '12:02:34', 'ATENDIDO', 3, 0, 'EFECTIVO', '15.00', 2, '2020-09-01 11:57:56', '2020-09-02 11:20:38'),
(353, NULL, 102, 2, '2020-09-01', '11:56:18', '00:31:18', 'ATENDIDO', NULL, 0, 'EFECTIVO', '20.00', 2, '2020-09-01 12:46:36', '2020-09-01 12:47:00'),
(354, NULL, 370, 1, '2020-09-01', '14:07:50', '14:42:50', 'ATENDIDO', NULL, 0, 'EFECTIVO', '20.00', 2, '2020-09-01 15:09:32', '2020-09-01 15:10:07'),
(355, NULL, 371, 1, '2020-09-01', '15:16:04', '15:51:04', 'ATENDIDO', NULL, 0, 'EFECTIVO', '20.00', 2, '2020-09-01 15:17:21', '2020-09-01 15:48:53'),
(356, NULL, 372, 2, '2020-09-01', '14:50:21', '15:25:21', 'ATENDIDO', NULL, 0, 'EFECTIVO', '20.00', 2, '2020-09-01 15:41:33', '2020-09-01 15:41:55'),
(357, NULL, 373, 2, '2020-09-01', '15:50:02', '16:25:02', 'ATENDIDO', NULL, 0, 'EFECTIVO', '20.00', 2, '2020-09-01 16:09:56', '2020-09-01 16:20:59'),
(358, NULL, 375, 2, '2020-09-01', '16:24:57', '16:59:57', 'ATENDIDO', NULL, 0, 'EFECTIVO', '20.00', 2, '2020-09-01 16:58:58', '2020-09-01 16:59:07'),
(359, NULL, 376, 1, '2020-09-01', '16:25:38', '17:00:38', 'ATENDIDO', NULL, 0, 'EFECTIVO', '20.00', 2, '2020-09-01 17:21:37', '2020-09-01 17:21:47'),
(360, NULL, 374, 1, '2020-09-01', '15:43:44', '16:23:44', 'ATENDIDO', NULL, 0, 'EFECTIVO', '25.00', 2, '2020-09-01 17:25:18', '2020-09-01 17:25:26'),
(361, NULL, 146, 1, '2020-09-01', '19:34:16', '20:09:16', 'ATENDIDO', NULL, 0, 'EFECTIVO', '20.00', 1, '2020-09-01 19:34:35', '2020-09-01 19:35:43'),
(362, NULL, 129, 2, '2020-09-02', '11:30:47', '13:01:47', 'ATENDIDO', NULL, 0, 'EFECTIVO', '20.00', 2, '2020-09-02 12:27:29', '2020-09-02 15:34:17'),
(363, NULL, 1, 2, '2020-09-02', '13:30:22', '14:10:22', 'ATENDIDO', NULL, 0, 'EFECTIVO', '25.00', 2, '2020-09-02 15:03:04', '2020-09-02 15:03:13'),
(364, NULL, 1, 2, '2020-09-02', '14:00:18', '14:40:18', 'ATENDIDO', NULL, 0, 'EFECTIVO', '25.00', 2, '2020-09-02 15:03:45', '2020-09-02 15:04:14'),
(366, NULL, 380, 2, '2020-09-02', '14:50:00', '15:30:00', 'ATENDIDO', NULL, 0, 'EFECTIVO', '25.00', 2, '2020-09-02 15:24:30', '2020-09-02 15:24:38');
INSERT INTO `citas` (`id`, `codigo`, `cliente`, `empleado`, `fecha`, `hora`, `hora_termino`, `estado`, `promocion`, `tarjeta`, `metodo_pago`, `total`, `created_by`, `created_at`, `updated_at`) VALUES
(367, NULL, 62, 2, '2020-09-02', '15:30:57', '16:05:57', 'ATENDIDO', 3, 0, 'EFECTIVO', '15.00', 2, '2020-09-02 15:37:32', '2020-09-02 15:53:16'),
(368, NULL, 381, 2, '2020-09-02', '15:53:25', '16:33:25', 'ATENDIDO', NULL, 0, 'EFECTIVO', '25.00', 2, '2020-09-02 16:27:00', '2020-09-02 16:27:16'),
(369, NULL, 382, 2, '2020-09-02', '17:29:31', '17:14:31', 'ATENDIDO', NULL, 0, 'EFECTIVO', '20.00', 2, '2020-09-02 16:41:04', '2020-09-02 18:30:27'),
(370, NULL, 383, 2, '2020-09-02', '16:27:11', '17:02:11', 'ATENDIDO', NULL, 0, 'EFECTIVO', '20.00', 2, '2020-09-02 17:00:54', '2020-09-02 17:01:38'),
(371, NULL, 384, 2, '2020-09-02', '17:00:54', '17:35:54', 'ATENDIDO', NULL, 0, 'EFECTIVO', '20.00', 2, '2020-09-02 17:29:17', '2020-09-02 17:29:40'),
(372, NULL, 385, 2, '2020-09-02', '18:10:30', '18:50:30', 'ATENDIDO', NULL, 0, 'EFECTIVO', '25.00', 2, '2020-09-02 18:56:13', '2020-09-02 18:56:26'),
(373, NULL, 386, 2, '2020-09-02', '18:40:54', '19:15:54', 'ATENDIDO', NULL, 0, 'EFECTIVO', '20.00', 2, '2020-09-02 19:33:40', '2020-09-02 19:33:51'),
(374, NULL, 387, 2, '2020-09-02', '19:33:57', '20:08:57', 'ATENDIDO', NULL, 0, 'EFECTIVO', '25.00', 2, '2020-09-02 19:37:18', '2020-09-02 20:25:42'),
(375, NULL, 388, 1, '2020-09-03', '10:15:53', '10:50:53', 'ATENDIDO', NULL, 0, 'EFECTIVO', '20.00', 2, '2020-09-03 10:49:41', '2020-09-03 10:49:50'),
(376, NULL, 389, 1, '2020-09-03', '17:23:55', '03:35:55', 'ATENDIDO', 3, 0, 'EFECTIVO', '18.75', 2, '2020-09-03 11:31:55', '2020-10-01 10:52:34'),
(377, NULL, 390, 1, '2020-09-03', '10:51:13', '11:26:13', 'ATENDIDO', NULL, 0, 'EFECTIVO', '20.00', 2, '2020-09-03 11:53:02', '2020-09-03 11:53:25'),
(378, NULL, 391, 1, '2020-09-03', '11:53:04', '00:33:04', 'ATENDIDO', NULL, 0, 'EFECTIVO', '25.00', 2, '2020-09-03 12:37:11', '2020-09-03 12:50:07'),
(379, NULL, 392, 1, '2020-09-03', '12:37:32', '13:12:32', 'ATENDIDO', NULL, 0, 'EFECTIVO', '20.00', 2, '2020-09-03 12:39:53', '2020-09-03 15:20:13'),
(380, NULL, 101, 1, '2020-09-03', '14:15:17', '14:50:17', 'ATENDIDO', NULL, 0, 'EFECTIVO', '20.00', 2, '2020-09-03 15:16:39', '2020-09-03 15:21:10'),
(381, NULL, 393, 1, '2020-09-03', '15:19:13', '15:59:13', 'ATENDIDO', NULL, 0, 'EFECTIVO', '25.00', 2, '2020-09-03 16:24:45', '2020-09-03 16:33:28'),
(382, NULL, 1, 1, '2020-09-03', '13:30:57', '14:10:57', 'ATENDIDO', NULL, 0, 'EFECTIVO', '25.00', 2, '2020-09-03 16:34:21', '2020-09-03 16:34:45'),
(383, NULL, 28, 1, '2020-09-03', '16:33:02', '17:08:02', 'ATENDIDO', NULL, 0, 'EFECTIVO', '20.00', 2, '2020-09-03 17:22:22', '2020-09-03 17:23:10'),
(384, NULL, 394, 1, '2020-09-03', '18:05:03', '18:40:03', 'ATENDIDO', NULL, 0, 'EFECTIVO', '20.00', 2, '2020-09-03 18:42:05', '2020-09-03 18:42:16'),
(385, NULL, 123, 1, '2020-09-03', '18:30:20', '19:05:20', 'ATENDIDO', NULL, 0, 'EFECTIVO', '20.00', 2, '2020-09-03 19:15:17', '2020-09-03 19:15:42'),
(386, NULL, 48, 1, '2020-09-03', '19:21:02', '20:01:02', 'ATENDIDO', NULL, 0, 'EFECTIVO', '25.00', 2, '2020-09-03 19:21:37', '2020-09-03 19:22:36'),
(387, NULL, 395, 1, '2020-09-04', '13:20:53', '13:55:53', 'ATENDIDO', NULL, 0, 'EFECTIVO', '20.00', 2, '2020-09-04 12:05:06', '2020-09-04 15:37:37'),
(388, NULL, 396, 1, '2020-09-04', '12:17:18', '12:52:18', 'ATENDIDO', NULL, 0, 'TARJETA', '20.00', 2, '2020-09-04 12:12:14', '2020-09-04 12:59:35'),
(389, NULL, 397, 1, '2020-09-04', '11:27:47', '00:02:47', 'ATENDIDO', NULL, 0, 'EFECTIVO', '20.00', 2, '2020-09-04 12:14:19', '2020-09-04 12:14:53'),
(390, NULL, 35, 1, '2020-09-04', '14:45:00', '15:25:00', 'ATENDIDO', NULL, 0, 'EFECTIVO', '20.00', 2, '2020-09-04 15:35:47', '2020-09-04 15:45:07'),
(391, NULL, 325, 1, '2020-09-04', '16:26:34', '17:06:34', 'ATENDIDO', NULL, 0, 'EFECTIVO', '30.00', 2, '2020-09-04 17:22:27', '2020-09-04 17:22:39'),
(392, NULL, 76, 1, '2020-09-04', '17:00:10', '17:35:10', 'ATENDIDO', NULL, 0, 'EFECTIVO', '20.00', 2, '2020-09-04 17:55:29', '2020-09-04 17:56:20'),
(393, NULL, 140, 1, '2020-09-04', '19:21:37', '19:56:37', 'ATENDIDO', NULL, 0, 'EFECTIVO', '20.00', 2, '2020-09-04 19:22:23', '2020-09-04 19:22:38'),
(394, NULL, 153, 1, '2020-09-05', '13:30:18', '13:35:18', 'ATENDIDO', NULL, 0, 'TARJETA', '15.00', 2, '2020-09-05 11:14:06', '2020-09-05 19:13:10'),
(395, NULL, 398, 2, '2020-09-05', '10:41:11', '11:16:11', 'ATENDIDO', NULL, 0, 'EFECTIVO', '20.00', 2, '2020-09-05 11:25:31', '2020-09-05 11:25:46'),
(396, NULL, 399, 1, '2020-09-05', '10:38:12', '11:13:12', 'ATENDIDO', NULL, 0, 'EFECTIVO', '20.00', 2, '2020-09-05 11:40:34', '2020-09-05 11:41:04'),
(397, NULL, 24, 1, '2020-09-05', '12:09:14', '00:55:14', 'ATENDIDO', NULL, 0, 'EFECTIVO', '25.00', 2, '2020-09-05 11:54:35', '2020-09-05 13:02:53'),
(398, NULL, 400, 1, '2020-09-05', '11:40:16', '00:15:16', 'ATENDIDO', NULL, 0, 'TARJETA', '20.00', 2, '2020-09-05 12:07:57', '2020-09-05 19:13:21'),
(399, NULL, 103, 2, '2020-09-05', '11:26:01', '00:36:01', 'ATENDIDO', NULL, 0, 'EFECTIVO', '50.00', 2, '2020-09-05 12:38:34', '2020-09-05 12:57:29'),
(400, NULL, 401, 2, '2020-09-05', '15:06:59', '15:41:59', 'ATENDIDO', NULL, 0, 'EFECTIVO', '20.00', 2, '2020-09-05 15:09:27', '2020-09-05 15:16:19'),
(401, NULL, 1, 1, '2020-09-05', '13:30:53', '14:10:53', 'ATENDIDO', 2, 0, 'EFECTIVO', '18.75', 2, '2020-09-05 15:18:48', '2020-09-05 15:19:55'),
(402, NULL, 257, 2, '2020-09-05', '15:32:37', '16:12:37', 'ATENDIDO', NULL, 0, 'EFECTIVO', '30.00', 2, '2020-09-05 15:33:15', '2020-09-05 16:15:14'),
(403, NULL, 111, 1, '2020-09-05', '15:37:47', '16:17:47', 'ATENDIDO', NULL, 0, 'TARJETA', '25.00', 2, '2020-09-05 15:38:23', '2020-09-05 16:34:56'),
(404, NULL, 402, 2, '2020-09-05', '16:15:42', '17:34:42', 'ATENDIDO', NULL, 0, 'EFECTIVO', '20.00', 2, '2020-09-05 17:01:14', '2020-09-05 17:02:34'),
(405, NULL, 403, 1, '2020-09-05', '16:43:57', '17:18:57', 'ATENDIDO', NULL, 0, 'EFECTIVO', '20.00', 2, '2020-09-05 17:17:33', '2020-09-05 17:17:51'),
(406, NULL, 240, 2, '2020-09-05', '17:31:54', '18:06:54', 'ATENDIDO', NULL, 0, 'EFECTIVO', '20.00', 2, '2020-09-05 17:32:10', '2020-09-05 17:33:45'),
(407, NULL, 404, 1, '2020-09-07', '10:14:48', '10:54:48', 'ATENDIDO', NULL, 0, 'EFECTIVO', '25.00', 2, '2020-09-07 11:17:28', '2020-09-07 11:19:33'),
(408, NULL, 405, 2, '2020-09-07', '10:26:42', '11:06:42', 'ATENDIDO', NULL, 0, 'EFECTIVO', '25.00', 2, '2020-09-07 11:18:50', '2020-09-07 11:20:04'),
(409, NULL, 102, 2, '2020-09-07', '11:15:39', '12:23:39', 'ATENDIDO', NULL, 0, 'EFECTIVO', '20.00', 2, '2020-09-07 11:48:48', '2020-09-07 11:49:21'),
(410, NULL, 406, 1, '2020-09-07', '12:15:15', '12:55:15', 'ATENDIDO', NULL, 0, 'EFECTIVO', '25.00', 2, '2020-09-07 12:19:11', '2020-09-07 12:19:22'),
(411, NULL, 407, 2, '2020-09-07', '11:49:04', '12:29:04', 'ATENDIDO', NULL, 0, 'EFECTIVO', '25.00', 2, '2020-09-07 12:26:20', '2020-09-07 12:27:05'),
(412, NULL, 408, 1, '2020-09-07', '12:17:16', '12:52:16', 'ATENDIDO', NULL, 0, 'EFECTIVO', '20.00', 2, '2020-09-07 12:54:14', '2020-09-07 12:55:35'),
(413, NULL, 59, 1, '2020-09-07', '12:27:42', '13:07:42', 'ATENDIDO', NULL, 0, 'EFECTIVO', '25.00', 2, '2020-09-07 12:55:08', '2020-09-07 12:55:47'),
(414, NULL, 409, 1, '2020-09-07', '14:15:46', '14:50:46', 'ATENDIDO', NULL, 0, 'EFECTIVO', '20.00', 2, '2020-09-07 15:09:58', '2020-09-07 15:10:24'),
(415, NULL, 1, 1, '2020-09-07', '13:17:53', '13:52:53', 'ATENDIDO', 2, 0, 'EFECTIVO', '15.00', 2, '2020-09-07 15:15:21', '2020-09-07 15:15:39'),
(416, NULL, 1, 2, '2020-09-07', '15:16:22', '15:51:22', 'ATENDIDO', 2, 0, 'EFECTIVO', '15.00', 2, '2020-09-07 15:16:40', '2020-09-07 15:16:53'),
(417, NULL, 230, 2, '2020-09-07', '15:50:51', '16:25:51', 'ATENDIDO', NULL, 0, 'EFECTIVO', '20.00', 2, '2020-09-07 15:51:05', '2020-09-07 15:51:26'),
(418, NULL, 410, 1, '2020-09-07', '16:09:00', '16:44:00', 'ATENDIDO', NULL, 0, 'EFECTIVO', '20.00', 2, '2020-09-07 17:12:17', '2020-09-07 17:12:30'),
(419, NULL, 411, 2, '2020-09-07', '17:01:24', '17:41:24', 'ATENDIDO', NULL, 0, 'EFECTIVO', '25.00', 2, '2020-09-07 18:18:22', '2020-09-07 18:18:36'),
(420, NULL, 154, 1, '2020-09-07', '17:47:19', '18:22:19', 'ATENDIDO', NULL, 0, 'TARJETA', '20.00', 2, '2020-09-07 18:38:38', '2020-09-07 18:42:07'),
(421, NULL, 412, 2, '2020-09-07', '18:17:41', '18:57:41', 'ATENDIDO', NULL, 0, 'EFECTIVO', '25.00', 2, '2020-09-07 18:54:06', '2020-09-07 18:54:24'),
(422, NULL, 158, 1, '2020-09-07', '18:49:05', '19:24:05', 'ATENDIDO', NULL, 0, 'EFECTIVO', '20.00', 2, '2020-09-07 19:26:13', '2020-09-07 19:26:30'),
(423, NULL, 194, 1, '2020-09-08', '11:48:03', '00:23:03', 'ATENDIDO', NULL, 0, 'EFECTIVO', '20.00', 2, '2020-09-08 12:47:29', '2020-09-08 12:48:35'),
(424, NULL, 413, 1, '2020-09-08', '12:50:27', '14:25:27', 'ATENDIDO', NULL, 0, 'TARJETA', '20.00', 2, '2020-09-08 12:51:29', '2020-09-08 14:53:21'),
(425, NULL, 1, 1, '2020-09-08', '14:55:45', '15:30:45', 'ATENDIDO', NULL, 0, 'EFECTIVO', '20.00', 2, '2020-09-08 14:55:54', '2020-09-08 18:06:42'),
(426, NULL, 309, 1, '2020-09-08', '16:19:48', '16:54:48', 'ATENDIDO', NULL, 0, 'TARJETA', '20.00', 2, '2020-09-08 16:25:00', '2020-09-08 17:15:01'),
(427, NULL, 415, 1, '2020-09-08', '19:00:00', '19:35:00', 'ATENDIDO', NULL, 0, 'EFECTIVO', '20.00', 1, '2020-09-08 18:05:26', '2020-09-08 20:00:50'),
(428, NULL, 414, 1, '2020-09-08', '17:01:27', '17:36:27', 'ATENDIDO', NULL, 0, 'EFECTIVO', '20.00', 2, '2020-09-08 18:06:53', '2020-09-08 18:08:38'),
(429, NULL, 416, 1, '2020-09-08', '18:38:52', '19:13:52', 'ATENDIDO', NULL, 0, 'EFECTIVO', '20.00', 2, '2020-09-08 18:40:27', '2020-09-08 18:40:36'),
(430, NULL, 417, 2, '2020-09-09', '10:12:00', '10:52:00', 'ATENDIDO', NULL, 0, 'EFECTIVO', '35.00', 2, '2020-09-09 11:14:24', '2020-09-09 11:15:19'),
(431, NULL, 418, 1, '2020-09-09', '10:47:58', '11:22:58', 'ATENDIDO', NULL, 0, 'EFECTIVO', '20.00', 2, '2020-09-09 11:30:06', '2020-09-09 11:30:34'),
(432, NULL, 419, 2, '2020-09-09', '11:15:44', '11:50:44', 'ATENDIDO', NULL, 0, 'EFECTIVO', '20.00', 2, '2020-09-09 11:49:24', '2020-09-09 11:49:44'),
(433, NULL, 1, 1, '2020-09-09', '13:30:49', '14:05:49', 'ATENDIDO', NULL, 0, 'EFECTIVO', '20.00', 2, '2020-09-09 15:19:06', '2020-09-09 15:19:19'),
(434, NULL, 19, 1, '2020-09-09', '16:06:46', '16:41:46', 'ATENDIDO', NULL, 0, 'EFECTIVO', '20.00', 2, '2020-09-09 16:06:51', '2020-09-09 16:36:26'),
(435, NULL, 275, 1, '2020-09-09', '16:49:17', '17:24:17', 'ATENDIDO', NULL, 0, 'TARJETA', '25.00', 2, '2020-09-09 16:49:30', '2020-09-09 17:47:27'),
(436, NULL, 339, 2, '2020-09-09', '17:09:50', '17:44:50', 'ATENDIDO', NULL, 0, 'EFECTIVO', '20.00', 2, '2020-09-09 17:51:10', '2020-09-09 18:29:33'),
(437, NULL, 420, 1, '2020-09-09', '18:16:23', '18:51:23', 'ATENDIDO', NULL, 0, 'EFECTIVO', '20.00', 2, '2020-09-09 18:18:07', '2020-09-09 18:30:28'),
(438, NULL, 421, 2, '2020-09-09', '18:07:36', '18:42:36', 'ATENDIDO', NULL, 0, 'EFECTIVO', '20.00', 2, '2020-09-09 18:34:39', '2020-09-09 18:43:57'),
(439, NULL, 422, 1, '2020-09-09', '18:40:56', '19:15:56', 'ATENDIDO', NULL, 0, 'EFECTIVO', '20.00', 2, '2020-09-09 18:42:07', '2020-09-09 19:48:39'),
(440, NULL, 423, 2, '2020-09-09', '18:42:27', '19:22:27', 'ATENDIDO', NULL, 0, 'EFECTIVO', '20.00', 2, '2020-09-09 18:43:23', '2020-09-09 19:49:26'),
(441, NULL, 424, 1, '2020-09-09', '19:50:22', '20:25:22', 'ATENDIDO', NULL, 0, 'EFECTIVO', '20.00', 2, '2020-09-09 19:51:46', '2020-09-09 20:09:02'),
(442, NULL, 425, 2, '2020-09-09', '19:53:37', '20:28:37', 'ATENDIDO', NULL, 0, 'EFECTIVO', '20.00', 2, '2020-09-09 19:54:43', '2020-09-09 20:09:26'),
(443, NULL, 426, 2, '2020-09-10', '10:39:30', '11:14:30', 'ATENDIDO', NULL, 0, 'EFECTIVO', '20.00', 2, '2020-09-10 11:10:16', '2020-09-10 11:10:42'),
(444, NULL, 427, 1, '2020-09-10', '10:45:41', '11:20:41', 'ATENDIDO', NULL, 0, 'EFECTIVO', '20.00', 2, '2020-09-10 11:26:54', '2020-09-10 11:27:02'),
(445, NULL, 428, 2, '2020-09-10', '23:11:03', '23:51:03', 'ATENDIDO', NULL, 0, 'EFECTIVO', '25.00', 2, '2020-09-10 12:18:43', '2020-09-10 12:41:47'),
(446, NULL, 60, 1, '2020-09-10', '11:21:20', '00:01:20', 'ATENDIDO', NULL, 0, 'EFECTIVO', '25.00', 2, '2020-09-10 12:37:15', '2020-09-10 12:37:52'),
(447, NULL, 1, 2, '2020-09-10', '15:00:41', '15:40:41', 'ATENDIDO', NULL, 0, 'EFECTIVO', '25.00', 2, '2020-09-10 15:00:59', '2020-09-10 15:03:32'),
(448, NULL, 429, 2, '2020-09-10', '15:27:22', '16:02:22', 'ATENDIDO', NULL, 0, 'EFECTIVO', '20.00', 2, '2020-09-10 15:27:51', '2020-09-10 15:28:39'),
(449, NULL, 130, 1, '2020-09-10', '15:36:56', '16:11:56', 'ATENDIDO', NULL, 0, 'EFECTIVO', '20.00', 2, '2020-09-10 15:37:44', '2020-09-10 16:29:32'),
(450, NULL, 22, 2, '2020-09-10', '15:28:07', '16:08:07', 'ATENDIDO', NULL, 0, 'EFECTIVO', '25.00', 2, '2020-09-10 16:11:59', '2020-09-10 16:12:21'),
(451, NULL, 1, 2, '2020-09-10', '14:00:41', '14:35:41', 'ATENDIDO', NULL, 0, 'EFECTIVO', '20.00', 2, '2020-09-10 16:13:04', '2020-09-10 16:13:22'),
(452, NULL, 430, 1, '2020-09-10', '15:38:23', '16:13:23', 'ATENDIDO', NULL, 0, 'EFECTIVO', '20.00', 2, '2020-09-10 16:27:24', '2020-09-10 16:28:58'),
(453, NULL, 1, 1, '2020-09-10', '13:03:00', '13:38:00', 'ATENDIDO', NULL, 0, 'EFECTIVO', '20.00', 2, '2020-09-10 16:32:34', '2020-09-10 16:32:46'),
(454, NULL, 431, 2, '2020-09-10', '16:58:19', '17:33:19', 'ATENDIDO', NULL, 0, 'EFECTIVO', '20.00', 2, '2020-09-10 17:39:59', '2020-09-10 17:40:52'),
(455, NULL, 432, 2, '2020-09-10', '17:24:46', '18:04:46', 'ATENDIDO', NULL, 0, 'EFECTIVO', '25.00', 2, '2020-09-10 18:16:19', '2020-09-10 18:16:35'),
(456, NULL, 433, 1, '2020-09-10', '17:50:13', '18:25:13', 'ATENDIDO', NULL, 0, 'EFECTIVO', '20.00', 2, '2020-09-10 18:45:07', '2020-09-10 18:45:25'),
(457, NULL, 434, 1, '2020-09-10', '17:15:12', '17:50:12', 'ATENDIDO', NULL, 0, 'EFECTIVO', '20.00', 2, '2020-09-10 19:17:04', '2020-09-10 19:17:18'),
(458, NULL, 435, 1, '2020-09-10', '19:41:14', '20:21:14', 'ATENDIDO', NULL, 0, 'EFECTIVO', '25.00', 2, '2020-09-10 19:42:39', '2020-09-10 19:43:01'),
(459, NULL, 272, 2, '2020-09-11', '10:22:42', '11:02:42', 'ATENDIDO', NULL, 0, 'EFECTIVO', '25.00', 2, '2020-09-11 11:10:01', '2020-09-11 11:10:09'),
(461, NULL, 187, 1, '2020-09-11', '11:50:27', '00:25:27', 'ATENDIDO', NULL, 0, 'EFECTIVO', '20.00', 2, '2020-09-11 12:23:35', '2020-09-11 12:24:02'),
(462, NULL, 436, 2, '2020-09-11', '12:00:37', '12:35:37', 'ATENDIDO', NULL, 0, 'TARJETA', '20.00', 2, '2020-09-11 12:38:30', '2020-09-11 12:42:15'),
(463, NULL, 222, 2, '2020-09-11', '15:03:26', '15:43:26', 'ATENDIDO', NULL, 0, 'EFECTIVO', '25.00', 2, '2020-09-11 15:03:54', '2020-09-11 15:21:19'),
(464, NULL, 1, 1, '2020-09-11', '15:13:56', '15:48:56', 'ATENDIDO', NULL, 0, 'EFECTIVO', '20.00', 2, '2020-09-11 15:14:16', '2020-09-11 15:16:21'),
(465, NULL, 1, 1, '2020-09-11', '15:16:33', '15:51:33', 'ATENDIDO', NULL, 0, 'EFECTIVO', '20.00', 2, '2020-09-11 15:16:48', '2020-09-12 12:25:27'),
(466, NULL, 1, 1, '2020-09-11', '15:18:28', '15:53:28', 'ATENDIDO', NULL, 0, 'EFECTIVO', '20.00', 2, '2020-09-11 15:18:47', '2020-09-14 08:44:22'),
(467, NULL, 437, 2, '2020-09-11', '16:21:16', '17:01:16', 'ATENDIDO', NULL, 0, 'EFECTIVO', '25.00', 2, '2020-09-11 17:03:03', '2020-09-11 17:03:34'),
(468, NULL, 438, 1, '2020-09-11', '16:36:57', '17:16:57', 'ATENDIDO', NULL, 0, 'EFECTIVO', '25.00', 2, '2020-09-11 17:41:38', '2020-09-11 17:41:56'),
(469, NULL, 236, 2, '2020-09-11', '17:03:56', '17:43:56', 'ATENDIDO', NULL, 0, 'EFECTIVO', '25.00', 2, '2020-09-11 17:51:29', '2020-09-11 17:52:55'),
(470, NULL, 82, 2, '2020-09-11', '17:50:55', '18:25:55', 'ATENDIDO', NULL, 0, 'EFECTIVO', '20.00', 2, '2020-09-11 18:24:48', '2020-09-11 18:48:01'),
(471, NULL, 439, 1, '2020-09-11', '17:41:15', '18:16:15', 'ATENDIDO', NULL, 0, 'EFECTIVO', '20.00', 2, '2020-09-11 18:47:30', '2020-09-11 18:48:15'),
(472, NULL, 440, 2, '2020-09-11', '20:30:39', '21:10:39', 'ATENDIDO', NULL, 0, 'EFECTIVO', '25.00', 2, '2020-09-11 19:30:05', '2020-09-11 19:37:53'),
(473, NULL, 441, 2, '2020-09-11', '19:33:32', '20:08:32', 'ATENDIDO', NULL, 0, 'TARJETA', '20.00', 2, '2020-09-11 19:34:58', '2020-09-11 19:39:01'),
(474, NULL, 442, 2, '2020-09-11', '19:35:03', '20:10:03', 'ATENDIDO', NULL, 0, 'TARJETA', '20.00', 2, '2020-09-11 19:37:08', '2020-09-14 08:44:41'),
(475, NULL, 349, 2, '2020-09-11', '19:45:52', '20:25:52', 'PENDIENTE', NULL, 0, 'EFECTIVO', '25.00', 2, '2020-09-11 19:46:25', '2020-09-12 12:04:49'),
(476, NULL, 443, 1, '2020-09-11', '18:55:03', '19:35:03', 'ATENDIDO', NULL, 0, 'TARJETA', '25.00', 2, '2020-09-11 19:59:27', '2020-09-11 20:00:06'),
(477, NULL, 444, 2, '2020-09-11', '20:39:23', '21:14:23', 'ATENDIDO', NULL, 0, 'EFECTIVO', '20.00', 2, '2020-09-11 20:40:30', '2020-09-11 20:41:18'),
(478, NULL, 445, 2, '2020-09-12', '10:20:04', '10:55:04', 'ATENDIDO', NULL, 0, 'EFECTIVO', '20.00', 2, '2020-09-12 11:00:53', '2020-09-12 11:01:01'),
(479, NULL, 446, 1, '2020-09-12', '10:30:28', '11:10:28', 'ATENDIDO', NULL, 0, 'EFECTIVO', '25.00', 2, '2020-09-12 11:31:27', '2020-09-12 11:31:51'),
(480, NULL, 447, 2, '2020-09-12', '11:06:10', '11:41:10', 'ATENDIDO', NULL, 0, 'EFECTIVO', '20.00', 2, '2020-09-12 11:37:47', '2020-09-12 11:41:32'),
(481, NULL, 187, 1, '2020-09-11', '11:50:28', '00:25:28', 'ATENDIDO', NULL, 0, 'EFECTIVO', '20.00', 1, '2020-09-12 12:11:21', '2020-09-14 08:44:00'),
(482, NULL, 448, 1, '2020-09-12', '11:01:01', '11:41:01', 'ATENDIDO', NULL, 0, 'EFECTIVO', '25.00', 2, '2020-09-12 12:14:29', '2020-09-12 12:21:06'),
(483, NULL, 449, 2, '2020-09-12', '11:37:21', '12:12:21', 'ATENDIDO', NULL, 0, 'EFECTIVO', '20.00', 2, '2020-09-12 12:20:47', '2020-09-12 12:21:15'),
(484, NULL, 27, 2, '2020-09-12', '12:28:57', '13:03:57', 'ATENDIDO', NULL, 0, 'EFECTIVO', '20.00', 2, '2020-09-12 12:22:22', '2020-09-12 12:46:51'),
(485, NULL, 450, 1, '2020-09-12', '12:12:31', '12:47:31', 'ATENDIDO', NULL, 0, 'EFECTIVO', '20.00', 2, '2020-09-12 12:24:43', '2020-09-12 12:46:36'),
(486, NULL, 1, 2, '2020-09-12', '15:11:23', '15:46:23', 'ATENDIDO', NULL, 0, 'EFECTIVO', '20.00', 2, '2020-09-12 15:11:39', '2020-09-12 15:12:13'),
(487, NULL, 139, 1, '2020-09-12', '15:46:38', '16:21:38', 'ATENDIDO', NULL, 0, 'EFECTIVO', '20.00', 2, '2020-09-12 15:47:24', '2020-09-12 16:40:13'),
(488, NULL, 451, 1, '2020-09-12', '14:50:01', '15:30:01', 'ATENDIDO', NULL, 0, 'EFECTIVO', '25.00', 2, '2020-09-12 16:04:13', '2020-09-12 16:04:33'),
(489, NULL, 1, 2, '2020-09-12', '13:00:14', '13:40:14', 'ATENDIDO', NULL, 0, 'EFECTIVO', '25.00', 2, '2020-09-12 16:07:39', '2020-09-12 16:08:51'),
(490, NULL, 1, 2, '2020-09-12', '13:00:22', '13:40:22', 'ATENDIDO', NULL, 0, 'EFECTIVO', '25.00', 2, '2020-09-12 16:09:52', '2020-09-12 16:10:09'),
(491, NULL, 452, 2, '2020-09-12', '15:50:27', '16:30:27', 'ATENDIDO', NULL, 0, 'EFECTIVO', '25.00', 2, '2020-09-12 16:30:01', '2020-09-12 16:30:14'),
(492, NULL, 453, 2, '2020-09-12', '16:30:55', '17:05:55', 'ATENDIDO', NULL, 0, 'EFECTIVO', '20.00', 2, '2020-09-12 17:01:34', '2020-09-12 17:01:54'),
(493, NULL, 454, 1, '2020-09-12', '17:00:16', '17:35:16', 'ATENDIDO', NULL, 0, 'EFECTIVO', '25.00', 2, '2020-09-12 17:06:02', '2020-09-12 18:48:50'),
(494, NULL, 455, 1, '2020-09-12', '18:00:23', '18:15:23', 'ATENDIDO', NULL, 0, 'TARJETA', '25.00', 2, '2020-09-12 17:08:53', '2020-09-12 18:49:25'),
(495, NULL, 347, 2, '2020-09-12', '17:46:30', '18:35:30', 'ATENDIDO', NULL, 0, 'TARJETA', '25.00', 2, '2020-09-12 17:09:48', '2020-09-12 18:49:10'),
(496, NULL, 162, 2, '2020-09-12', '17:00:36', '17:40:36', 'ATENDIDO', NULL, 0, 'EFECTIVO', '25.00', 2, '2020-09-12 17:45:57', '2020-09-12 17:46:11'),
(497, NULL, 456, 1, '2020-09-12', '19:09:21', '19:44:21', 'ATENDIDO', NULL, 0, 'EFECTIVO', '20.00', 2, '2020-09-12 19:10:50', '2020-09-12 19:23:58'),
(498, NULL, 143, 1, '2020-09-12', '19:11:23', '19:46:23', 'ATENDIDO', NULL, 0, 'EFECTIVO', '20.00', 2, '2020-09-12 19:11:40', '2020-09-12 19:20:54'),
(499, NULL, 457, 1, '2020-09-14', '11:01:13', '11:36:13', 'ATENDIDO', NULL, 0, 'EFECTIVO', '20.00', 2, '2020-09-14 11:55:46', '2020-09-14 11:58:02'),
(500, NULL, 256, 1, '2020-09-14', '11:55:21', '12:30:21', 'ATENDIDO', NULL, 0, 'EFECTIVO', '20.00', 2, '2020-09-14 12:29:52', '2020-09-14 12:30:01'),
(501, NULL, 1, 2, '2020-09-14', '13:00:13', '13:40:13', 'ATENDIDO', NULL, 0, 'EFECTIVO', '25.00', 2, '2020-09-14 15:05:44', '2020-09-14 15:06:33'),
(502, NULL, 1, 1, '2020-09-14', '13:30:55', '14:05:55', 'ATENDIDO', NULL, 0, 'EFECTIVO', '20.00', 2, '2020-09-14 15:06:25', '2020-09-14 15:06:40'),
(503, NULL, 1, 1, '2020-09-15', '13:05:38', '15:45:38', 'ATENDIDO', NULL, 0, 'EFECTIVO', '20.00', 2, '2020-09-14 15:56:31', '2020-09-15 15:01:22'),
(504, NULL, 299, 1, '2020-09-14', '15:05:47', '15:45:47', 'ATENDIDO', NULL, 0, 'EFECTIVO', '25.00', 2, '2020-09-14 15:57:03', '2020-09-14 15:57:11'),
(505, NULL, 39, 1, '2020-09-14', '15:57:50', '16:32:50', 'ATENDIDO', NULL, 0, 'EFECTIVO', '20.00', 2, '2020-09-14 16:27:13', '2020-09-14 17:10:13'),
(506, NULL, 38, 1, '2020-09-14', '16:27:24', '17:02:24', 'ATENDIDO', NULL, 0, 'EFECTIVO', '20.00', 2, '2020-09-14 16:27:37', '2020-09-14 17:10:22'),
(507, NULL, 1, 1, '2020-09-14', '17:30:00', '18:05:00', 'ATENDIDO', NULL, 0, 'EFECTIVO', '20.00', 2, '2020-09-14 18:03:03', '2020-09-14 18:45:05'),
(508, NULL, 458, 2, '2020-09-14', '18:00:17', '18:35:17', 'ATENDIDO', NULL, 0, 'EFECTIVO', '20.00', 2, '2020-09-14 18:44:45', '2020-09-14 18:45:18'),
(509, NULL, 274, 2, '2020-09-14', '18:46:19', '19:21:19', 'ATENDIDO', NULL, 0, 'TARJETA', '20.00', 2, '2020-09-14 19:32:39', '2020-09-14 19:33:03'),
(510, NULL, 459, 2, '2020-09-14', '20:04:40', '20:39:40', 'ATENDIDO', NULL, 0, 'EFECTIVO', '20.00', 2, '2020-09-14 20:07:04', '2020-09-14 20:07:16'),
(511, NULL, 136, 1, '2020-09-14', '20:20:26', '20:55:26', 'ATENDIDO', NULL, 0, 'EFECTIVO', '20.00', 2, '2020-09-14 20:08:11', '2020-09-14 20:08:25'),
(512, NULL, 460, 1, '2020-09-14', '19:35:36', '20:10:36', 'ATENDIDO', NULL, 0, 'EFECTIVO', '20.00', 2, '2020-09-14 20:10:05', '2020-09-14 20:10:48'),
(513, NULL, 461, 2, '2020-09-14', '20:19:16', '20:54:16', 'ATENDIDO', NULL, 0, 'EFECTIVO', '20.00', 2, '2020-09-14 20:22:22', '2020-09-14 20:23:27'),
(514, NULL, 1, 2, '2020-09-15', '13:20:42', '13:55:42', 'ATENDIDO', NULL, 0, 'EFECTIVO', '20.00', 2, '2020-09-15 15:02:09', '2020-09-15 15:02:23'),
(515, NULL, 120, 2, '2020-09-15', '15:14:46', '15:54:46', 'ATENDIDO', NULL, 0, 'EFECTIVO', '25.00', 2, '2020-09-15 15:54:36', '2020-09-15 15:54:58'),
(516, NULL, 462, 1, '2020-09-15', '16:19:03', '16:54:03', 'ATENDIDO', NULL, 0, 'EFECTIVO', '20.00', 2, '2020-09-15 16:55:36', '2020-09-15 16:55:49'),
(517, NULL, 463, 2, '2020-09-15', '17:33:21', '18:08:21', 'ATENDIDO', NULL, 0, 'EFECTIVO', '20.00', 2, '2020-09-15 18:02:31', '2020-09-15 18:02:48'),
(518, NULL, 464, 2, '2020-09-15', '18:15:09', '18:50:09', 'ATENDIDO', NULL, 0, 'EFECTIVO', '20.00', 2, '2020-09-15 18:51:27', '2020-09-15 18:51:52'),
(519, NULL, 114, 2, '2020-09-15', '18:51:08', '19:26:08', 'ATENDIDO', NULL, 0, 'EFECTIVO', '20.00', 2, '2020-09-15 19:46:33', '2020-09-15 19:47:17'),
(520, NULL, 465, 1, '2020-09-15', '19:18:56', '19:53:56', 'ATENDIDO', NULL, 0, 'EFECTIVO', '20.00', 2, '2020-09-15 19:57:09', '2020-09-15 19:57:59'),
(521, NULL, 75, 2, '2020-09-15', '19:47:28', '20:22:28', 'ATENDIDO', NULL, 0, 'EFECTIVO', '20.00', 2, '2020-09-15 20:28:05', '2020-09-15 20:28:27'),
(522, NULL, 466, 1, '2020-09-15', '20:30:19', '21:05:19', 'ATENDIDO', NULL, 0, 'EFECTIVO', '20.00', 2, '2020-09-15 20:31:41', '2020-09-15 20:32:13'),
(523, NULL, 308, 1, '2020-09-16', '10:25:23', '11:05:23', 'ATENDIDO', NULL, 0, 'EFECTIVO', '25.00', 2, '2020-09-16 11:28:41', '2020-09-16 11:30:24'),
(524, NULL, 467, 2, '2020-09-16', '22:52:23', '23:27:23', 'ATENDIDO', NULL, 0, 'EFECTIVO', '20.00', 2, '2020-09-16 12:17:33', '2020-09-16 12:19:57'),
(525, NULL, 468, 1, '2020-09-16', '11:28:48', '00:03:48', 'ATENDIDO', NULL, 0, 'EFECTIVO', '20.00', 2, '2020-09-16 12:18:33', '2020-09-16 12:19:46'),
(526, NULL, 469, 2, '2020-09-16', '11:35:47', '12:15:47', 'ATENDIDO', NULL, 0, 'EFECTIVO', '25.00', 2, '2020-09-16 12:32:54', '2020-09-16 12:33:08'),
(527, NULL, 1, 1, '2020-09-16', '12:20:31', '13:00:31', 'ATENDIDO', NULL, 0, 'EFECTIVO', '25.00', 2, '2020-09-16 15:02:05', '2020-09-16 15:05:46'),
(528, NULL, 1, 2, '2020-09-16', '12:26:26', '13:01:26', 'ATENDIDO', NULL, 0, 'EFECTIVO', '20.00', 2, '2020-09-16 15:08:21', '2020-09-16 15:08:58'),
(529, NULL, 116, 1, '2020-09-16', '14:55:31', '15:30:31', 'ATENDIDO', NULL, 0, 'EFECTIVO', '20.00', 2, '2020-09-16 15:35:59', '2020-09-16 15:37:12'),
(530, NULL, 258, 2, '2020-09-16', '15:19:17', '15:59:17', 'ATENDIDO', NULL, 0, 'EFECTIVO', '25.00', 2, '2020-09-16 16:14:00', '2020-09-16 16:14:13'),
(531, NULL, 470, 1, '2020-09-16', '15:36:09', '16:48:09', 'ATENDIDO', NULL, 0, 'EFECTIVO', '20.00', 2, '2020-09-16 16:42:40', '2020-09-16 16:43:31'),
(532, NULL, 235, 2, '2020-09-16', '16:45:28', '17:20:28', 'ATENDIDO', NULL, 0, 'EFECTIVO', '20.00', 2, '2020-09-16 16:45:45', '2020-09-16 17:15:54'),
(533, NULL, 471, 1, '2020-09-16', '16:42:13', '17:17:13', 'ATENDIDO', NULL, 0, 'EFECTIVO', '20.00', 2, '2020-09-16 17:13:07', '2020-09-16 17:15:41'),
(534, NULL, 472, 2, '2020-09-16', '16:47:21', '17:22:21', 'ATENDIDO', NULL, 0, 'EFECTIVO', '20.00', 2, '2020-09-16 17:14:39', '2020-09-16 17:16:07'),
(535, NULL, 205, 2, '2020-09-16', '17:15:32', '17:55:32', 'ATENDIDO', NULL, 0, 'EFECTIVO', '25.00', 2, '2020-09-16 18:06:13', '2020-09-16 18:08:06'),
(536, NULL, 473, 1, '2020-09-16', '17:12:35', '17:52:35', 'ATENDIDO', NULL, 0, 'EFECTIVO', '25.00', 2, '2020-09-16 18:07:37', '2020-09-16 18:07:54'),
(537, NULL, 148, 2, '2020-09-16', '17:59:39', '18:39:39', 'ATENDIDO', NULL, 0, 'EFECTIVO', '25.00', 2, '2020-09-16 18:45:17', '2020-09-16 18:45:29'),
(538, NULL, 89, 1, '2020-09-16', '19:52:17', '20:27:17', 'ATENDIDO', NULL, 0, 'EFECTIVO', '20.00', 2, '2020-09-16 19:56:37', '2020-09-16 19:58:42'),
(539, NULL, 474, 1, '2020-09-16', '19:56:43', '20:31:43', 'ATENDIDO', NULL, 0, 'EFECTIVO', '20.00', 2, '2020-09-16 19:58:23', '2020-09-16 19:58:50'),
(540, NULL, 257, 2, '2020-09-17', '10:20:54', '11:00:54', 'ATENDIDO', NULL, 0, 'EFECTIVO', '30.00', 2, '2020-09-17 10:35:09', '2020-09-17 11:19:30'),
(541, NULL, 285, 1, '2020-09-17', '11:03:09', '11:38:09', 'ATENDIDO', NULL, 0, 'EFECTIVO', '20.00', 2, '2020-09-17 11:53:06', '2020-09-17 12:08:30'),
(542, NULL, 475, 2, '2020-09-17', '11:19:53', '11:54:53', 'ATENDIDO', 3, 0, 'EFECTIVO', '15.00', 2, '2020-09-17 11:55:38', '2020-09-17 12:08:17'),
(543, NULL, 303, 2, '2020-09-17', '12:00:51', '12:40:51', 'ATENDIDO', NULL, 0, 'EFECTIVO', '25.00', 2, '2020-09-17 12:44:31', '2020-09-17 12:45:47'),
(544, NULL, 476, 2, '2020-09-17', '12:40:07', '14:10:07', 'ATENDIDO', 3, 0, 'EFECTIVO', '18.75', 2, '2020-09-17 12:52:52', '2020-09-17 16:08:39'),
(545, NULL, 1, 1, '2020-09-17', '12:04:06', '12:44:06', 'ATENDIDO', NULL, 0, 'EFECTIVO', '25.00', 2, '2020-09-17 15:01:09', '2020-09-17 15:01:21'),
(546, NULL, 292, 1, '2020-09-17', '13:00:46', '13:35:46', 'ATENDIDO', NULL, 0, 'EFECTIVO', '20.00', 2, '2020-09-17 15:04:36', '2020-09-17 16:08:55'),
(547, NULL, 1, 2, '2020-09-17', '13:45:20', '14:20:20', 'ATENDIDO', NULL, 0, 'EFECTIVO', '20.00', 2, '2020-09-17 15:06:36', '2020-09-17 16:23:49'),
(548, NULL, 327, 2, '2020-09-17', '15:23:53', '16:03:53', 'ATENDIDO', NULL, 0, 'TARJETA', '25.00', 2, '2020-09-17 15:24:33', '2020-09-17 16:21:02'),
(549, NULL, 344, 2, '2020-09-17', '15:50:34', '16:25:34', 'ATENDIDO', NULL, 0, 'EFECTIVO', '20.00', 2, '2020-09-17 16:44:07', '2020-09-17 16:44:32'),
(550, NULL, 55, 2, '2020-09-17', '16:30:41', '17:10:41', 'ATENDIDO', NULL, 0, 'EFECTIVO', '25.00', 2, '2020-09-17 17:18:06', '2020-09-17 17:24:40'),
(551, NULL, 477, 1, '2020-09-17', '17:48:18', '18:23:18', 'ATENDIDO', NULL, 0, 'EFECTIVO', '20.00', 2, '2020-09-17 18:15:14', '2020-09-17 18:33:01'),
(552, NULL, 155, 2, '2020-09-17', '17:44:12', '18:24:12', 'ATENDIDO', NULL, 0, 'EFECTIVO', '25.00', 2, '2020-09-17 18:31:36', '2020-09-17 18:32:34'),
(553, NULL, 478, 2, '2020-09-17', '18:32:40', '19:12:40', 'ATENDIDO', NULL, 0, 'EFECTIVO', '25.00', 2, '2020-09-17 19:13:45', '2020-09-17 19:14:01'),
(554, NULL, 479, 1, '2020-09-17', '18:16:54', '18:56:54', 'ATENDIDO', NULL, 0, 'TARJETA', '25.00', 2, '2020-09-17 19:24:54', '2020-09-17 19:25:26'),
(555, NULL, 77, 1, '2020-09-17', '20:02:16', '20:37:16', 'ATENDIDO', NULL, 0, 'EFECTIVO', '20.00', 2, '2020-09-17 20:02:32', '2020-09-17 20:02:46'),
(556, NULL, 480, 2, '2020-09-18', '10:10:53', '10:50:53', 'ATENDIDO', NULL, 0, 'EFECTIVO', '25.00', 2, '2020-09-18 11:15:25', '2020-09-18 11:15:35'),
(557, NULL, 378, 1, '2020-09-18', '14:00:00', '14:35:00', 'ATENDIDO', NULL, 0, 'EFECTIVO', '15.00', 1, '2020-09-18 11:29:41', '2020-09-18 15:06:32'),
(558, NULL, 481, 2, '2020-09-18', '11:13:04', '11:48:04', 'ATENDIDO', NULL, 0, 'EFECTIVO', '20.00', 2, '2020-09-18 11:59:42', '2020-09-18 11:59:54'),
(559, NULL, 51, 1, '2020-09-18', '10:43:04', '11:18:04', 'ATENDIDO', NULL, 0, 'EFECTIVO', '20.00', 2, '2020-09-18 12:00:29', '2020-09-18 12:00:36'),
(560, NULL, 482, 2, '2020-09-18', '11:55:15', '12:30:15', 'ATENDIDO', NULL, 0, 'EFECTIVO', '20.00', 2, '2020-09-18 12:36:28', '2020-09-18 12:36:55'),
(561, NULL, 1, 1, '2020-09-18', '11:55:41', '00:30:41', 'ATENDIDO', NULL, 0, 'EFECTIVO', '20.00', 2, '2020-09-18 15:20:56', '2020-09-18 15:21:34'),
(562, NULL, 1, 2, '2020-09-18', '12:40:04', '13:15:04', 'ATENDIDO', NULL, 0, 'EFECTIVO', '20.00', 2, '2020-09-18 15:22:31', '2020-09-18 15:22:48'),
(563, NULL, 1, 2, '2020-09-18', '13:39:12', '14:14:12', 'ATENDIDO', NULL, 0, 'EFECTIVO', '20.00', 2, '2020-09-18 15:23:53', '2020-09-18 15:24:09'),
(564, NULL, 1, 1, '2020-09-18', '13:00:58', '13:40:58', 'ATENDIDO', NULL, 0, 'EFECTIVO', '25.00', 2, '2020-09-18 15:26:43', '2020-09-18 15:26:57'),
(565, NULL, 339, 2, '2020-09-18', '15:38:26', '16:13:26', 'ATENDIDO', NULL, 0, 'EFECTIVO', '20.00', 2, '2020-09-18 15:39:30', '2020-09-18 15:41:00'),
(566, NULL, 132, 1, '2020-09-18', '16:08:55', '16:48:55', 'ATENDIDO', NULL, 0, 'EFECTIVO', '25.00', 2, '2020-09-18 16:10:11', '2020-09-18 16:10:22'),
(567, NULL, 111, 1, '2020-09-18', '16:39:43', '17:19:43', 'ATENDIDO', NULL, 0, 'TARJETA', '25.00', 2, '2020-09-18 16:40:12', '2020-09-18 17:54:33'),
(568, NULL, 195, 2, '2020-09-18', '15:30:48', '16:05:48', 'ATENDIDO', NULL, 0, 'EFECTIVO', '20.00', 2, '2020-09-18 17:00:15', '2020-09-18 17:02:44'),
(569, NULL, 483, 2, '2020-09-18', '16:23:45', '16:58:45', 'ATENDIDO', 3, 0, 'EFECTIVO', '15.00', 2, '2020-09-18 17:02:05', '2020-09-18 17:03:23'),
(570, NULL, 15, 2, '2020-09-18', '17:19:25', '17:54:25', 'ATENDIDO', NULL, 0, 'EFECTIVO', '15.00', 2, '2020-09-18 18:04:52', '2020-09-18 18:29:55'),
(571, NULL, 13, 1, '2020-09-18', '18:17:01', '18:52:01', 'ATENDIDO', NULL, 0, 'EFECTIVO', '20.00', 2, '2020-09-18 18:14:09', '2020-09-18 19:04:10'),
(572, NULL, 196, 1, '2020-09-18', '17:52:56', '18:27:56', 'ATENDIDO', NULL, 0, 'EFECTIVO', '20.00', 2, '2020-09-18 18:15:56', '2020-09-18 18:16:06'),
(573, NULL, 387, 2, '2020-09-18', '17:53:20', '19:11:20', 'ATENDIDO', NULL, 0, 'EFECTIVO', '25.00', 2, '2020-09-18 18:32:14', '2020-09-18 18:35:51'),
(574, NULL, 484, 2, '2020-09-18', '18:34:53', '19:09:53', 'ATENDIDO', NULL, 0, 'EFECTIVO', '20.00', 2, '2020-09-18 19:03:10', '2020-09-18 19:03:23'),
(575, NULL, 485, 1, '2020-09-18', '19:45:49', '20:20:49', 'ATENDIDO', NULL, 0, 'EFECTIVO', '20.00', 2, '2020-09-18 19:22:17', '2020-09-18 20:03:08'),
(576, NULL, 480, 2, '2020-09-18', '19:20:05', '20:23:05', 'ATENDIDO', NULL, 0, 'TARJETA', '20.00', 2, '2020-09-18 19:49:34', '2020-09-19 11:25:26'),
(577, NULL, 486, 1, '2020-09-18', '19:57:42', '20:32:42', 'ATENDIDO', NULL, 0, 'EFECTIVO', '20.00', 2, '2020-09-18 19:59:14', '2020-09-18 19:59:42'),
(578, NULL, 153, 1, '2020-09-19', '13:00:44', '13:35:44', 'ATENDIDO', NULL, 0, 'TARJETA', '15.00', 2, '2020-09-19 10:49:14', '2020-09-19 19:16:28'),
(579, NULL, 487, 2, '2020-09-19', '10:42:11', '11:22:11', 'ATENDIDO', NULL, 0, 'EFECTIVO', '25.00', 2, '2020-09-19 11:30:34', '2020-09-19 11:30:45'),
(580, NULL, 488, 1, '2020-09-19', '10:58:35', '11:33:35', 'ATENDIDO', NULL, 0, 'EFECTIVO', '20.00', 2, '2020-09-19 11:53:04', '2020-09-19 11:53:31'),
(581, NULL, 489, 1, '2020-09-19', '11:50:01', '00:25:01', 'ATENDIDO', NULL, 0, 'EFECTIVO', '20.00', 2, '2020-09-19 12:16:17', '2020-09-19 12:17:21'),
(582, NULL, 490, 2, '2020-09-19', '12:08:51', '12:43:51', 'ATENDIDO', NULL, 0, 'EFECTIVO', '20.00', 2, '2020-09-19 12:48:11', '2020-09-19 12:48:27'),
(583, NULL, 79, 2, '2020-09-19', '12:45:36', '13:20:36', 'ATENDIDO', NULL, 0, 'EFECTIVO', '20.00', 2, '2020-09-19 12:51:23', '2020-09-19 15:15:21'),
(584, NULL, 1, 2, '2020-09-19', '15:15:49', '15:50:49', 'ATENDIDO', NULL, 0, 'EFECTIVO', '20.00', 2, '2020-09-19 15:16:07', '2020-09-19 15:17:30'),
(585, NULL, 1, 2, '2020-09-19', '15:16:18', '15:56:18', 'ATENDIDO', NULL, 0, 'EFECTIVO', '25.00', 2, '2020-09-19 15:16:39', '2020-09-19 15:17:46'),
(586, NULL, 1, 2, '2020-09-19', '15:16:49', '15:51:49', 'ATENDIDO', NULL, 0, 'EFECTIVO', '20.00', 2, '2020-09-19 15:17:16', '2020-09-19 15:18:13'),
(587, NULL, 1, 1, '2020-09-19', '12:40:15', '13:15:15', 'ATENDIDO', NULL, 0, 'EFECTIVO', '20.00', 2, '2020-09-19 15:20:42', '2020-09-19 15:20:58'),
(588, NULL, 491, 2, '2020-09-19', '15:14:25', '15:49:25', 'ATENDIDO', NULL, 0, 'EFECTIVO', '20.00', 2, '2020-09-19 15:36:24', '2020-09-19 15:36:35'),
(589, NULL, 492, 2, '2020-09-19', '15:35:05', '16:10:05', 'ATENDIDO', NULL, 0, 'EFECTIVO', '20.00', 2, '2020-09-19 16:07:18', '2020-09-19 16:10:03'),
(590, NULL, 493, 1, '2020-09-19', '15:04:24', '15:44:24', 'ATENDIDO', NULL, 0, 'EFECTIVO', '25.00', 2, '2020-09-19 16:09:39', '2020-09-19 16:09:51'),
(591, NULL, 494, 2, '2020-09-19', '16:00:22', '16:40:22', 'ATENDIDO', NULL, 0, 'EFECTIVO', '30.00', 2, '2020-09-19 16:35:32', '2020-09-19 16:35:53'),
(592, NULL, 399, 1, '2020-09-19', '16:08:10', '16:43:10', 'ATENDIDO', NULL, 0, 'EFECTIVO', '20.00', 2, '2020-09-19 17:00:20', '2020-09-19 17:00:30'),
(593, NULL, 284, 2, '2020-09-19', '16:36:50', '17:16:50', 'ATENDIDO', NULL, 0, 'EFECTIVO', '25.00', 2, '2020-09-19 17:21:56', '2020-09-19 17:22:07'),
(594, NULL, 495, 2, '2020-09-19', '17:21:58', '17:56:58', 'ATENDIDO', NULL, 0, 'EFECTIVO', '20.00', 2, '2020-09-19 18:08:22', '2020-09-19 18:08:32'),
(595, NULL, 78, 1, '2020-09-19', '17:17:59', '17:52:59', 'ATENDIDO', NULL, 0, 'EFECTIVO', '20.00', 2, '2020-09-19 18:15:23', '2020-09-19 18:15:39'),
(596, NULL, 496, 2, '2020-09-19', '18:10:13', '18:45:13', 'ATENDIDO', NULL, 0, 'EFECTIVO', '20.00', 2, '2020-09-19 18:41:57', '2020-09-19 19:28:48'),
(597, NULL, 497, 1, '2020-09-19', '18:15:59', '18:50:59', 'ATENDIDO', NULL, 0, 'EFECTIVO', '20.00', 2, '2020-09-19 18:47:19', '2020-09-19 18:48:03'),
(598, NULL, 331, 2, '2020-09-19', '18:44:18', '19:24:18', 'ATENDIDO', NULL, 0, 'EFECTIVO', '25.00', 2, '2020-09-19 19:16:23', '2020-09-19 19:16:54'),
(599, NULL, 498, 1, '2020-09-19', '19:32:59', '20:12:59', 'ATENDIDO', NULL, 0, 'EFECTIVO', '25.00', 2, '2020-09-19 19:34:11', '2020-09-19 19:34:36'),
(600, NULL, 499, 1, '2020-09-21', '10:17:46', '10:52:46', 'ATENDIDO', NULL, 0, 'TARJETA', '20.00', 2, '2020-09-21 10:19:54', '2020-09-21 11:06:49'),
(601, NULL, 500, 1, '2020-09-21', '11:00:26', '11:35:26', 'ATENDIDO', NULL, 0, 'TARJETA', '20.00', 2, '2020-09-21 10:21:48', '2020-09-21 11:41:02'),
(602, NULL, 200, 2, '2020-09-21', '10:35:01', '11:10:01', 'ATENDIDO', NULL, 0, 'EFECTIVO', '20.00', 2, '2020-09-21 11:05:40', '2020-09-21 11:06:31'),
(603, NULL, 501, 1, '2020-09-21', '11:25:18', '00:00:18', 'ATENDIDO', NULL, 0, 'EFECTIVO', '20.00', 2, '2020-09-21 12:15:05', '2020-09-21 12:15:41'),
(604, NULL, 1, 1, '2020-09-21', '15:09:23', '13:35:23', 'ATENDIDO', NULL, 0, 'TARJETA', '20.00', 2, '2020-09-21 15:09:09', '2020-09-21 15:09:50'),
(605, NULL, 325, 1, '2020-09-21', '15:55:34', '16:35:34', 'ATENDIDO', NULL, 0, 'EFECTIVO', '30.00', 2, '2020-09-21 16:59:54', '2020-09-21 17:00:07'),
(606, NULL, 208, 1, '2020-09-21', '17:10:33', '17:45:33', 'ATENDIDO', NULL, 0, 'EFECTIVO', '20.00', 2, '2020-09-21 17:55:07', '2020-09-21 18:36:30'),
(607, NULL, 146, 1, '2020-09-21', '18:51:24', '19:26:24', 'ATENDIDO', NULL, 0, 'EFECTIVO', '20.00', 2, '2020-09-21 19:21:59', '2020-09-21 19:22:17'),
(608, NULL, 502, 1, '2020-09-21', '19:23:06', '19:58:06', 'ATENDIDO', NULL, 0, 'EFECTIVO', '20.00', 2, '2020-09-21 20:02:04', '2020-09-21 20:02:31'),
(609, NULL, 35, 1, '2020-09-22', '10:15:38', '10:50:38', 'ATENDIDO', NULL, 0, 'EFECTIVO', '20.00', 2, '2020-09-22 10:57:00', '2020-09-22 10:57:23'),
(610, NULL, 183, 1, '2020-09-22', '11:00:10', '11:40:10', 'ATENDIDO', NULL, 0, 'TARJETA', '25.00', 2, '2020-09-22 11:55:38', '2020-09-22 12:49:09'),
(611, NULL, 1, 1, '2020-09-22', '15:15:12', '15:50:12', 'ATENDIDO', NULL, 0, 'EFECTIVO', '20.00', 2, '2020-09-22 15:15:27', '2020-09-22 15:18:21'),
(612, NULL, 1, 2, '2020-09-22', '14:06:46', '14:41:46', 'ATENDIDO', NULL, 0, 'EFECTIVO', '20.00', 2, '2020-09-22 15:16:56', '2020-09-22 15:18:08'),
(613, NULL, 1, 1, '2020-09-22', '13:30:03', '14:05:03', 'ATENDIDO', NULL, 0, 'EFECTIVO', '20.00', 2, '2020-09-22 15:17:29', '2020-09-22 15:17:55'),
(614, NULL, 1, 2, '2020-09-22', '15:18:28', '15:53:28', 'ATENDIDO', NULL, 0, 'EFECTIVO', '20.00', 2, '2020-09-22 15:18:53', '2020-09-22 15:19:03'),
(615, NULL, 503, 2, '2020-09-22', '15:40:09', '16:15:09', 'ATENDIDO', NULL, 0, 'EFECTIVO', '20.00', 2, '2020-09-22 16:15:53', '2020-09-22 16:16:33'),
(616, NULL, 504, 1, '2020-09-22', '17:09:43', '17:44:43', 'ATENDIDO', NULL, 0, 'EFECTIVO', '20.00', 2, '2020-09-22 16:33:35', '2020-09-22 17:44:57'),
(617, NULL, 505, 1, '2020-09-22', '16:09:09', '16:44:09', 'ATENDIDO', NULL, 0, 'EFECTIVO', '20.00', 2, '2020-09-22 16:59:29', '2020-09-22 16:59:42'),
(618, NULL, 375, 2, '2020-09-22', '16:33:28', '17:13:28', 'ATENDIDO', NULL, 0, 'EFECTIVO', '20.00', 2, '2020-09-22 17:07:14', '2020-09-22 17:17:18'),
(619, NULL, 140, 2, '2020-09-22', '17:34:09', '18:14:09', 'ATENDIDO', NULL, 0, 'TARJETA', '30.00', 2, '2020-09-22 17:36:45', '2020-09-22 17:45:22'),
(620, NULL, 506, 2, '2020-09-22', '17:38:32', '18:13:32', 'ATENDIDO', NULL, 0, 'EFECTIVO', '20.00', 2, '2020-09-22 18:08:34', '2020-09-22 18:08:46'),
(621, NULL, 507, 2, '2020-09-22', '18:08:30', '18:43:30', 'ATENDIDO', NULL, 0, 'EFECTIVO', '20.00', 2, '2020-09-22 18:30:55', '2020-09-22 18:33:14'),
(622, NULL, 508, 1, '2020-09-22', '17:45:13', '18:20:13', 'ATENDIDO', NULL, 0, 'EFECTIVO', '20.00', 2, '2020-09-22 18:36:36', '2020-09-22 18:36:50'),
(623, NULL, 25, 2, '2020-09-22', '18:30:24', '19:05:24', 'ATENDIDO', NULL, 0, 'EFECTIVO', '20.00', 2, '2020-09-22 19:12:21', '2020-09-22 19:12:56'),
(624, NULL, 415, 1, '2020-09-22', '18:37:43', '19:12:43', 'ATENDIDO', NULL, 0, 'EFECTIVO', '20.00', 2, '2020-09-22 19:18:11', '2020-09-22 19:40:25'),
(625, NULL, 509, 2, '2020-09-22', '19:12:59', '19:47:59', 'ATENDIDO', NULL, 0, 'EFECTIVO', '20.00', 2, '2020-09-22 19:36:36', '2020-09-22 19:40:43'),
(626, NULL, 510, 1, '2020-09-22', '19:37:33', '20:12:33', 'ATENDIDO', NULL, 0, 'EFECTIVO', '20.00', 2, '2020-09-22 19:38:33', '2020-09-22 19:57:42'),
(627, NULL, 205, 2, '2020-09-23', '12:00:28', '12:40:28', 'ATENDIDO', NULL, 0, 'EFECTIVO', '25.00', 2, '2020-09-23 12:40:59', '2020-09-23 12:45:50'),
(628, NULL, 511, 1, '2020-09-23', '11:58:07', '12:33:07', 'ATENDIDO', NULL, 0, 'EFECTIVO', '20.00', 2, '2020-09-23 12:44:02', '2020-09-23 12:45:26'),
(629, NULL, 435, 1, '2020-09-23', '15:58:33', '16:38:33', 'ATENDIDO', NULL, 0, 'EFECTIVO', '25.00', 2, '2020-09-23 15:59:12', '2020-09-23 15:59:53'),
(630, NULL, 1, 1, '2020-09-23', '16:00:33', '17:10:33', 'ATENDIDO', NULL, 0, 'EFECTIVO', '20.00', 2, '2020-09-23 16:01:09', '2020-09-23 16:01:37'),
(631, NULL, 1, 1, '2020-09-23', '16:02:05', '16:37:05', 'ATENDIDO', NULL, 0, 'EFECTIVO', '20.00', 2, '2020-09-23 16:02:21', '2020-09-23 16:02:41'),
(632, NULL, 512, 2, '2020-09-23', '16:03:20', '16:38:20', 'ATENDIDO', 3, 0, 'EFECTIVO', '15.00', 2, '2020-09-23 16:05:34', '2020-09-23 16:46:07'),
(633, NULL, 243, 1, '2020-09-23', '17:45:43', '17:50:43', 'ATENDIDO', NULL, 0, 'EFECTIVO', '20.00', 2, '2020-09-23 16:39:22', '2020-09-23 18:18:51'),
(634, NULL, 513, 2, '2020-09-23', '16:06:34', '16:41:34', 'ATENDIDO', NULL, 0, 'EFECTIVO', '20.00', 2, '2020-09-23 16:40:46', '2020-09-23 16:46:22'),
(635, NULL, 514, 1, '2020-09-23', '16:41:07', '17:16:07', 'ATENDIDO', 3, 0, 'TARJETA', '20.00', 2, '2020-09-23 16:43:25', '2020-09-23 20:40:47'),
(636, NULL, 176, 1, '2020-09-23', '16:45:11', '17:20:11', 'ATENDIDO', NULL, 0, 'EFECTIVO', '20.00', 2, '2020-09-23 17:52:56', '2020-09-23 17:53:08'),
(637, NULL, 515, 2, '2020-09-23', '17:07:46', '17:42:46', 'ATENDIDO', NULL, 0, 'EFECTIVO', '20.00', 2, '2020-09-23 17:55:29', '2020-09-23 17:55:47'),
(638, NULL, 516, 1, '2020-09-23', '18:19:09', '18:59:09', 'ATENDIDO', NULL, 0, 'EFECTIVO', '25.00', 2, '2020-09-23 19:05:34', '2020-09-23 19:07:37'),
(639, NULL, 517, 1, '2020-09-23', '19:43:46', '20:18:46', 'ATENDIDO', NULL, 0, 'EFECTIVO', '20.00', 2, '2020-09-23 19:45:19', '2020-09-23 19:48:33'),
(640, NULL, 518, 2, '2020-09-23', '19:45:28', '20:25:28', 'ATENDIDO', NULL, 0, 'EFECTIVO', '25.00', 2, '2020-09-23 19:47:18', '2020-09-23 20:23:21'),
(641, NULL, 519, 2, '2020-09-23', '19:48:44', '20:28:44', 'ATENDIDO', NULL, 0, 'EFECTIVO', '25.00', 2, '2020-09-23 19:50:30', '2020-09-23 20:33:39'),
(642, NULL, 175, 1, '2020-09-23', '20:20:40', '20:55:40', 'ATENDIDO', NULL, 0, 'EFECTIVO', '20.00', 2, '2020-09-23 20:22:58', '2020-09-23 20:23:51'),
(643, NULL, 382, 2, '2020-09-23', '20:30:11', '21:10:11', 'ATENDIDO', NULL, 0, 'EFECTIVO', '25.00', 2, '2020-09-23 20:30:27', '2020-09-23 20:33:50'),
(644, NULL, 520, 2, '2020-09-24', '12:21:16', '12:56:16', 'ATENDIDO', NULL, 0, 'EFECTIVO', '20.00', 2, '2020-09-24 12:58:51', '2020-09-24 12:59:03'),
(645, NULL, 1, 1, '2020-09-24', '15:43:57', '16:18:57', 'ATENDIDO', NULL, 0, 'EFECTIVO', '20.00', 2, '2020-09-24 16:15:02', '2020-09-24 16:15:20'),
(646, NULL, 1, 2, '2020-09-24', '15:50:26', '16:25:26', 'ATENDIDO', NULL, 0, 'EFECTIVO', '20.00', 2, '2020-09-24 16:15:43', '2020-09-24 16:15:50'),
(647, NULL, 521, 2, '2020-09-24', '16:33:00', '17:08:00', 'ATENDIDO', NULL, 0, 'EFECTIVO', '20.00', 2, '2020-09-24 17:07:59', '2020-09-24 18:21:07'),
(648, NULL, 522, 1, '2020-09-24', '16:33:16', '17:08:16', 'ATENDIDO', NULL, 0, 'EFECTIVO', '20.00', 2, '2020-09-24 17:09:55', '2020-09-24 17:10:20'),
(649, NULL, 275, 1, '2020-09-24', '17:24:55', '18:04:55', 'ATENDIDO', NULL, 0, 'TARJETA', '25.00', 2, '2020-09-24 17:26:46', '2020-09-24 18:17:12'),
(650, NULL, 121, 2, '2020-09-24', '17:05:20', '17:45:20', 'ATENDIDO', NULL, 0, 'EFECTIVO', '25.00', 2, '2020-09-24 18:18:53', '2020-09-24 18:21:19'),
(651, NULL, 74, 1, '2020-09-24', '18:22:29', '19:02:29', 'ATENDIDO', NULL, 0, 'EFECTIVO', '25.00', 2, '2020-09-24 18:53:40', '2020-09-24 18:53:54'),
(652, NULL, 103, 2, '2020-09-24', '19:00:22', '19:35:22', 'ATENDIDO', NULL, 0, 'EFECTIVO', '20.00', 2, '2020-09-24 18:58:19', '2020-09-24 19:06:00'),
(653, NULL, 523, 1, '2020-09-24', '18:55:31', '19:30:31', 'ATENDIDO', NULL, 0, 'TARJETA', '20.00', 2, '2020-09-24 19:41:40', '2020-09-24 19:42:15'),
(654, NULL, 342, 1, '2020-09-24', '20:09:46', '20:44:46', 'ATENDIDO', NULL, 0, 'EFECTIVO', '20.00', 2, '2020-09-24 20:10:02', '2020-09-24 20:10:20'),
(655, NULL, 524, 2, '2020-09-25', '10:31:58', '11:06:58', 'ATENDIDO', 3, 0, 'EFECTIVO', '15.00', 2, '2020-09-25 10:34:33', '2020-09-25 11:52:27'),
(656, NULL, 525, 1, '2020-09-25', '11:00:12', '11:35:12', 'ATENDIDO', NULL, 0, 'EFECTIVO', '20.00', 2, '2020-09-25 11:40:52', '2020-09-25 11:46:23'),
(657, NULL, 127, 1, '2020-09-25', '12:00:23', '12:35:23', 'ATENDIDO', NULL, 0, 'EFECTIVO', '20.00', 2, '2020-09-25 12:40:28', '2020-09-25 15:09:38'),
(658, NULL, 154, 2, '2020-09-25', '12:25:02', '13:05:02', 'ATENDIDO', NULL, 0, 'EFECTIVO', '25.00', 2, '2020-09-25 15:10:25', '2020-09-25 15:14:03'),
(659, NULL, 1, 1, '2020-09-25', '13:00:33', '13:35:33', 'ATENDIDO', NULL, 0, 'EFECTIVO', '20.00', 2, '2020-09-25 15:16:00', '2020-09-25 15:16:36'),
(660, NULL, 295, 1, '2020-09-25', '14:50:42', '15:30:42', 'ATENDIDO', NULL, 0, 'EFECTIVO', '25.00', 2, '2020-09-25 15:59:56', '2020-09-25 16:00:09'),
(661, NULL, 526, 1, '2020-09-25', '15:39:39', '16:14:39', 'ATENDIDO', NULL, 0, 'EFECTIVO', '20.00', 2, '2020-09-25 16:45:32', '2020-09-25 16:45:47'),
(662, NULL, 527, 2, '2020-09-25', '16:30:52', '17:05:52', 'ATENDIDO', NULL, 0, 'EFECTIVO', '20.00', 2, '2020-09-25 16:51:04', '2020-09-25 16:52:07'),
(663, NULL, 289, 1, '2020-09-25', '17:48:31', '18:23:31', 'ATENDIDO', NULL, 0, 'EFECTIVO', '20.00', 2, '2020-09-25 17:51:06', '2020-09-25 17:53:43'),
(664, NULL, 528, 2, '2020-09-25', '17:11:14', '17:46:14', 'ATENDIDO', NULL, 0, 'EFECTIVO', '20.00', 2, '2020-09-25 17:52:44', '2020-09-25 17:53:31'),
(665, NULL, 123, 2, '2020-09-25', '17:11:25', '17:46:25', 'ATENDIDO', NULL, 0, 'EFECTIVO', '20.00', 2, '2020-09-25 18:24:50', '2020-09-25 18:36:42'),
(666, NULL, 529, 1, '2020-09-25', '17:40:41', '18:15:41', 'ATENDIDO', NULL, 0, 'EFECTIVO', '20.00', 2, '2020-09-25 18:36:30', '2020-09-25 18:37:01'),
(667, NULL, 530, 1, '2020-09-26', '10:30:22', '11:10:22', 'ATENDIDO', NULL, 0, 'EFECTIVO', '25.00', 2, '2020-09-26 11:32:04', '2020-09-26 11:32:22'),
(668, NULL, 531, 2, '2020-09-26', '11:04:31', '11:39:31', 'ATENDIDO', NULL, 0, 'EFECTIVO', '20.00', 2, '2020-09-26 11:50:49', '2020-09-26 12:10:41'),
(669, NULL, 41, 1, '2020-09-26', '11:32:13', '00:07:13', 'ATENDIDO', NULL, 0, 'EFECTIVO', '20.00', 2, '2020-09-26 12:14:21', '2020-09-26 12:17:50'),
(670, NULL, 163, 2, '2020-09-26', '11:45:00', '00:20:00', 'ATENDIDO', NULL, 0, 'EFECTIVO', '20.00', 2, '2020-09-26 12:17:04', '2020-09-26 12:18:10'),
(671, NULL, 1, 2, '2020-09-26', '15:11:14', '15:46:14', 'ATENDIDO', NULL, 0, 'EFECTIVO', '20.00', 2, '2020-09-26 15:11:47', '2020-09-26 15:12:00'),
(672, NULL, 1, 1, '2020-09-26', '15:16:58', '15:51:58', 'ATENDIDO', NULL, 0, 'EFECTIVO', '20.00', 2, '2020-09-26 15:17:18', '2020-09-26 15:17:32'),
(673, NULL, 532, 1, '2020-09-26', '17:22:30', '17:57:30', 'ATENDIDO', NULL, 0, 'EFECTIVO', '20.00', 2, '2020-09-26 17:23:57', '2020-09-26 17:38:56'),
(674, NULL, 255, 2, '2020-09-26', '19:00:30', '19:35:30', 'ATENDIDO', NULL, 0, 'TARJETA', '20.00', 2, '2020-09-26 19:48:14', '2020-09-26 19:51:27'),
(675, NULL, 1, 1, '2020-09-26', '19:00:02', '19:35:02', 'ATENDIDO', NULL, 0, 'EFECTIVO', '20.00', 2, '2020-09-26 19:53:38', '2020-09-26 20:09:11'),
(676, NULL, 33, 2, '2020-09-26', '20:20:17', '20:50:17', 'ATENDIDO', NULL, 0, 'TARJETA', '20.00', 2, '2020-09-26 20:09:44', '2020-09-26 20:48:20'),
(677, NULL, 533, 2, '2020-09-26', '19:50:38', '20:55:38', 'ATENDIDO', NULL, 0, 'TARJETA', '20.00', 2, '2020-09-26 20:21:49', '2020-09-26 20:25:42'),
(678, NULL, 534, 1, '2020-09-26', '20:00:27', '20:35:27', 'ATENDIDO', NULL, 0, 'EFECTIVO', '20.00', 2, '2020-09-26 20:50:02', '2020-09-26 20:50:18'),
(679, NULL, 535, 2, '2020-09-26', '20:48:39', '21:23:39', 'ATENDIDO', NULL, 0, 'TARJETA', '20.00', 2, '2020-09-26 21:16:03', '2020-09-26 21:22:47'),
(680, NULL, 535, 1, '2020-09-26', '21:16:09', '21:51:09', 'ATENDIDO', NULL, 0, 'TARJETA', '20.00', 2, '2020-09-26 21:20:43', '2020-09-26 21:23:16'),
(682, NULL, 536, 1, '2020-09-28', '10:15:34', '11:59:34', 'ATENDIDO', NULL, 0, 'EFECTIVO', '20.00', 2, '2020-09-28 11:28:54', '2020-09-28 11:29:45'),
(683, NULL, 537, 2, '2020-09-28', '11:30:28', '12:05:28', 'ATENDIDO', NULL, 0, 'EFECTIVO', '20.00', 2, '2020-09-28 11:50:51', '2020-09-28 11:54:15'),
(684, NULL, 538, 1, '2020-09-28', '11:30:23', '12:05:23', 'ATENDIDO', NULL, 0, 'EFECTIVO', '20.00', 2, '2020-09-28 11:52:43', '2020-09-28 11:54:04'),
(685, NULL, 1, 2, '2020-09-28', '15:30:45', '16:05:45', 'ATENDIDO', NULL, 0, 'EFECTIVO', '20.00', 2, '2020-09-28 15:34:28', '2020-09-28 15:36:03'),
(686, NULL, 1, 1, '2020-09-28', '15:34:46', '16:09:46', 'ATENDIDO', NULL, 0, 'EFECTIVO', '20.00', 2, '2020-09-28 15:35:03', '2020-09-28 15:36:17'),
(687, NULL, 1, 2, '2020-09-28', '15:37:13', '16:17:13', 'ATENDIDO', NULL, 0, 'EFECTIVO', '25.00', 2, '2020-09-28 15:37:36', '2020-09-28 15:38:30'),
(688, NULL, 1, 1, '2020-09-28', '15:38:05', '16:13:05', 'ATENDIDO', NULL, 0, 'EFECTIVO', '20.00', 2, '2020-09-28 15:38:18', '2020-09-28 15:38:46'),
(689, NULL, 257, 2, '2020-09-28', '15:35:21', '16:15:21', 'ATENDIDO', NULL, 0, 'EFECTIVO', '25.00', 2, '2020-09-28 15:39:39', '2020-09-28 16:41:53'),
(690, NULL, 1, 1, '2020-09-28', '15:52:48', '16:27:48', 'ATENDIDO', NULL, 0, 'EFECTIVO', '20.00', 2, '2020-09-28 16:39:04', '2020-09-28 16:39:24'),
(691, NULL, 111, 1, '2020-09-28', '16:40:02', '17:20:02', 'ATENDIDO', NULL, 0, 'TARJETA', '25.00', 2, '2020-09-28 16:40:20', '2020-09-28 17:40:02'),
(692, NULL, 539, 1, '2020-09-28', '17:53:38', '19:15:38', 'ATENDIDO', NULL, 0, 'EFECTIVO', '25.00', 2, '2020-09-28 18:37:08', '2020-09-28 18:47:05'),
(693, NULL, 109, 2, '2020-09-28', '17:41:50', '18:21:50', 'ATENDIDO', 3, 0, 'EFECTIVO', '18.75', 2, '2020-09-28 18:40:26', '2020-09-28 18:41:24'),
(694, NULL, 94, 1, '2020-09-29', '18:30:00', '19:05:00', 'ATENDIDO', NULL, 0, 'EFECTIVO', '20.00', 2, '2020-09-28 19:05:26', '2020-09-29 19:34:35'),
(695, NULL, 540, 2, '2020-09-28', '19:14:02', '19:49:02', 'ATENDIDO', NULL, 0, 'TARJETA', '20.00', 2, '2020-09-28 19:15:30', '2020-09-28 19:15:58'),
(696, NULL, 541, 2, '2020-09-29', '11:37:29', '00:17:29', 'ATENDIDO', NULL, 0, 'EFECTIVO', '25.00', 2, '2020-09-29 12:28:45', '2020-09-29 12:29:28'),
(697, NULL, 49, 1, '2020-09-29', '12:21:42', '12:56:42', 'ATENDIDO', NULL, 0, 'EFECTIVO', '20.00', 2, '2020-09-29 12:40:05', '2020-09-29 12:41:33'),
(698, NULL, 1, 1, '2020-09-29', '15:04:27', '15:44:27', 'ATENDIDO', NULL, 0, 'EFECTIVO', '35.00', 2, '2020-09-29 15:04:53', '2020-09-29 15:05:12'),
(699, NULL, 133, 2, '2020-09-29', '15:05:38', '15:45:38', 'ATENDIDO', NULL, 0, 'EFECTIVO', '25.00', 2, '2020-09-29 15:07:26', '2020-09-29 15:07:43'),
(700, NULL, 1, 2, '2020-09-29', '15:07:56', '15:37:56', 'ATENDIDO', NULL, 0, 'EFECTIVO', '20.00', 2, '2020-09-29 15:08:18', '2020-09-29 15:08:38'),
(701, NULL, 480, 2, '2020-09-29', '16:09:41', '16:49:41', 'ATENDIDO', NULL, 0, 'EFECTIVO', '25.00', 2, '2020-09-29 16:54:59', '2020-09-29 16:56:29'),
(702, NULL, 360, 1, '2020-09-29', '16:41:35', '17:16:35', 'ATENDIDO', NULL, 0, 'EFECTIVO', '20.00', 2, '2020-09-29 17:32:03', '2020-09-29 17:33:08'),
(703, NULL, 542, 2, '2020-09-29', '17:20:16', '18:00:16', 'ATENDIDO', NULL, 0, 'EFECTIVO', '25.00', 2, '2020-09-29 18:18:55', '2020-09-29 18:19:07'),
(704, NULL, 393, 1, '2020-10-01', '13:00:43', '10:57:43', 'ATENDIDO', 3, 0, 'EFECTIVO', '20.00', 2, '2020-09-30 11:30:32', '2020-10-01 16:01:27'),
(705, NULL, 543, 1, '2020-09-30', '10:22:29', '10:57:29', 'ATENDIDO', NULL, 0, 'EFECTIVO', '20.00', 2, '2020-09-30 11:32:56', '2020-09-30 12:16:19');
INSERT INTO `citas` (`id`, `codigo`, `cliente`, `empleado`, `fecha`, `hora`, `hora_termino`, `estado`, `promocion`, `tarjeta`, `metodo_pago`, `total`, `created_by`, `created_at`, `updated_at`) VALUES
(706, NULL, 544, 2, '2020-09-30', '10:55:23', '11:30:23', 'ATENDIDO', NULL, 0, 'EFECTIVO', '20.00', 2, '2020-09-30 11:39:14', '2020-09-30 12:16:45'),
(707, NULL, 153, 1, '2020-09-30', '13:00:00', '13:35:00', 'ATENDIDO', 4, 0, 'TARJETA', '15.00', 2, '2020-09-30 12:22:37', '2020-09-30 14:58:57'),
(708, NULL, 347, 2, '2020-09-30', '18:00:00', '18:40:00', 'PENDIENTE', NULL, 0, 'EFECTIVO', '25.00', 2, '2020-09-30 12:46:54', '2020-10-01 09:44:12'),
(709, NULL, 545, 1, '2020-09-30', '12:15:22', '12:50:22', 'ATENDIDO', NULL, 0, 'EFECTIVO', '20.00', 2, '2020-09-30 12:55:53', '2020-09-30 12:56:09'),
(710, NULL, 60, 1, '2020-09-30', '15:13:40', '15:53:40', 'ATENDIDO', NULL, 0, 'EFECTIVO', '25.00', 2, '2020-09-30 16:22:05', '2020-09-30 16:22:25'),
(711, NULL, 546, 2, '2020-09-30', '16:33:43', '17:13:43', 'ATENDIDO', NULL, 0, 'EFECTIVO', '25.00', 2, '2020-09-30 16:36:34', '2020-09-30 16:36:51'),
(712, NULL, 32, 1, '2020-09-30', '16:41:33', '17:16:33', 'ATENDIDO', NULL, 0, 'TARJETA', '20.00', 2, '2020-09-30 17:11:49', '2020-09-30 17:13:30'),
(713, NULL, 411, 2, '2020-09-30', '16:35:14', '17:10:14', 'ATENDIDO', NULL, 0, 'EFECTIVO', '20.00', 2, '2020-09-30 17:23:19', '2020-09-30 17:27:17'),
(714, NULL, 547, 1, '2020-09-30', '17:14:41', '17:49:41', 'ATENDIDO', NULL, 0, 'EFECTIVO', '20.00', 2, '2020-09-30 17:40:21', '2020-09-30 17:46:46'),
(715, NULL, 548, 2, '2020-09-30', '17:27:31', '18:02:31', 'ATENDIDO', NULL, 0, 'EFECTIVO', '20.00', 2, '2020-09-30 18:10:45', '2020-09-30 18:14:14'),
(716, NULL, 382, 1, '2020-09-30', '18:00:56', '18:35:56', 'ATENDIDO', NULL, 0, 'TARJETA', '20.00', 2, '2020-09-30 18:49:04', '2020-09-30 18:55:14'),
(717, NULL, 180, 2, '2020-09-30', '18:10:42', '18:50:42', 'ATENDIDO', NULL, 0, 'EFECTIVO', '25.00', 2, '2020-09-30 19:00:17', '2020-09-30 19:02:27'),
(718, NULL, 383, 1, '2020-09-30', '19:27:49', '20:02:49', 'ATENDIDO', NULL, 0, 'EFECTIVO', '20.00', 2, '2020-09-30 19:32:13', '2020-09-30 19:32:24'),
(719, NULL, 48, 1, '2020-09-30', '19:29:19', '20:09:19', 'ATENDIDO', 4, 0, 'TARJETA', '18.75', 2, '2020-09-30 19:34:56', '2020-09-30 20:22:40'),
(720, NULL, 64, 2, '2020-09-30', '19:04:08', '19:44:08', 'ATENDIDO', NULL, 0, 'EFECTIVO', '25.00', 2, '2020-09-30 19:51:58', '2020-09-30 19:52:10'),
(721, NULL, 549, 2, '2020-09-30', '19:52:46', '20:32:46', 'ATENDIDO', NULL, 0, 'EFECTIVO', '25.00', 2, '2020-09-30 19:54:20', '2020-09-30 20:31:26'),
(723, NULL, 19, 1, '2020-10-01', '12:55:00', '18:40:00', 'ATENDIDO', NULL, 0, 'EFECTIVO', '20.00', 2, '2020-10-01 11:01:38', '2020-10-01 16:03:48'),
(725, NULL, 332, 1, '2020-10-01', '10:40:01', '11:15:01', 'ATENDIDO', 4, 0, 'EFECTIVO', '15.00', 1, '2020-10-01 12:11:37', '2020-10-01 12:11:52'),
(726, NULL, 551, 1, '2020-10-01', '11:20:41', '00:00:41', 'ATENDIDO', NULL, 0, 'EFECTIVO', '25.00', 2, '2020-10-01 12:43:44', '2020-10-01 12:44:21'),
(727, NULL, 354, 1, '2020-10-01', '16:12:07', '16:52:07', 'ATENDIDO', NULL, 0, 'EFECTIVO', '20.00', 2, '2020-10-01 16:53:33', '2020-10-01 17:12:53'),
(728, NULL, 199, 4, '2020-10-01', '16:35:59', '17:10:59', 'ATENDIDO', NULL, 0, 'EFECTIVO', '20.00', 2, '2020-10-01 17:17:42', '2020-10-01 17:19:59'),
(729, NULL, 552, 4, '2020-10-01', '17:18:13', '17:53:13', 'ATENDIDO', NULL, 0, 'EFECTIVO', '20.00', 2, '2020-10-01 17:19:07', '2020-10-01 17:52:13'),
(730, NULL, 550, 1, '2020-10-01', '13:00:16', '13:35:16', 'ATENDIDO', 4, 0, 'EFECTIVO', '15.00', 2, '2020-10-01 17:27:28', '2020-10-01 17:27:53'),
(731, NULL, 131, 1, '2020-10-01', '16:54:51', '17:29:51', 'ATENDIDO', NULL, 0, 'TARJETA', '20.00', 2, '2020-10-01 17:37:25', '2020-10-01 18:21:34'),
(732, NULL, 301, 1, '2020-10-01', '17:40:11', '18:15:11', 'ATENDIDO', NULL, 0, 'EFECTIVO', '20.00', 2, '2020-10-01 18:18:27', '2020-10-01 18:19:46'),
(733, NULL, 553, 1, '2020-10-02', '19:30:59', '19:35:59', 'ATENDIDO', NULL, 0, 'EFECTIVO', '20.00', 2, '2020-10-01 18:38:20', '2020-10-02 20:37:49'),
(734, NULL, 554, 1, '2020-10-01', '18:00:26', '18:35:26', 'ATENDIDO', NULL, 0, 'EFECTIVO', '20.00', 2, '2020-10-01 18:58:30', '2020-10-01 18:59:11'),
(735, NULL, 555, 1, '2020-10-01', '19:00:32', '19:40:32', 'ATENDIDO', NULL, 0, 'EFECTIVO', '20.00', 2, '2020-10-01 19:36:35', '2020-10-01 19:37:21'),
(736, NULL, 465, 1, '2020-10-01', '19:44:01', '20:19:01', 'ATENDIDO', NULL, 0, 'EFECTIVO', '20.00', 2, '2020-10-01 20:22:08', '2020-10-01 20:22:53'),
(737, NULL, 556, 2, '2020-10-02', '10:27:26', '11:02:26', 'ATENDIDO', NULL, 0, 'EFECTIVO', '20.00', 2, '2020-10-02 10:58:55', '2020-10-02 11:02:52'),
(738, NULL, 557, 2, '2020-10-02', '10:58:57', '11:38:57', 'ATENDIDO', NULL, 0, 'EFECTIVO', '25.00', 2, '2020-10-02 11:54:17', '2020-10-02 11:54:34'),
(739, NULL, 187, 1, '2020-10-02', '12:05:02', '12:40:02', 'ATENDIDO', NULL, 0, 'EFECTIVO', '20.00', 2, '2020-10-02 12:05:54', '2020-10-02 12:50:50'),
(740, NULL, 558, 1, '2020-10-02', '12:52:24', '13:32:24', 'ATENDIDO', 4, 0, 'EFECTIVO', '20.00', 2, '2020-10-02 12:55:40', '2020-10-02 16:42:12'),
(741, NULL, 559, 2, '2020-10-02', '15:34:04', '16:09:04', 'ATENDIDO', NULL, 0, 'EFECTIVO', '20.00', 2, '2020-10-02 15:38:45', '2020-10-02 15:45:07'),
(742, NULL, 168, 2, '2020-10-02', '15:40:30', '16:15:30', 'ATENDIDO', NULL, 0, 'EFECTIVO', '20.00', 2, '2020-10-02 15:41:35', '2020-10-02 16:37:05'),
(743, NULL, 170, 2, '2020-10-02', '15:42:05', '16:17:05', 'ATENDIDO', NULL, 0, 'EFECTIVO', '20.00', 2, '2020-10-02 15:42:19', '2020-10-02 16:55:22'),
(744, NULL, 1, 2, '2020-10-02', '13:02:35', '16:28:35', 'ATENDIDO', NULL, 0, 'EFECTIVO', '20.00', 2, '2020-10-02 15:54:49', '2020-10-02 15:55:27'),
(745, NULL, 1, 2, '2020-10-02', '13:02:45', '13:42:45', 'ATENDIDO', NULL, 0, 'EFECTIVO', '25.00', 2, '2020-10-02 15:56:06', '2020-10-02 15:56:17'),
(746, NULL, 1, 1, '2020-10-02', '14:00:45', '14:35:45', 'ATENDIDO', NULL, 0, 'EFECTIVO', '20.00', 2, '2020-10-02 15:57:22', '2020-10-02 15:59:49'),
(747, NULL, 560, 1, '2020-10-02', '15:47:51', '17:08:51', 'ATENDIDO', NULL, 0, 'EFECTIVO', '20.00', 2, '2020-10-02 16:36:33', '2020-10-02 16:38:01'),
(748, NULL, 274, 2, '2020-10-02', '18:06:48', '18:15:48', 'ATENDIDO', NULL, 0, 'EFECTIVO', '20.00', 2, '2020-10-02 16:43:17', '2020-10-02 19:03:05'),
(749, NULL, 561, 2, '2020-10-02', '16:55:36', '17:30:36', 'ATENDIDO', NULL, 0, 'EFECTIVO', '20.00', 2, '2020-10-02 17:37:54', '2020-10-02 17:52:56'),
(750, NULL, 325, 1, '2020-10-02', '16:43:33', '17:23:33', 'ATENDIDO', 3, 0, 'EFECTIVO', '25.00', 2, '2020-10-02 17:45:32', '2020-10-07 16:41:56'),
(751, NULL, 562, 2, '2020-10-02', '17:37:44', '18:12:44', 'ATENDIDO', NULL, 0, 'EFECTIVO', '20.00', 2, '2020-10-02 18:05:44', '2020-10-02 18:05:58'),
(752, NULL, 130, 1, '2020-10-02', '20:00:54', '20:35:54', 'ATENDIDO', NULL, 0, 'EFECTIVO', '20.00', 2, '2020-10-02 19:12:19', '2020-10-02 20:38:30'),
(753, NULL, 339, 1, '2020-10-02', '18:45:53', '20:05:53', 'ATENDIDO', NULL, 0, 'EFECTIVO', '20.00', 2, '2020-10-02 19:30:25', '2020-10-02 19:30:50'),
(754, NULL, 164, 2, '2020-10-02', '18:47:48', '19:27:48', 'ATENDIDO', NULL, 0, 'EFECTIVO', '25.00', 2, '2020-10-02 19:34:10', '2020-10-02 19:34:22'),
(755, NULL, 179, 2, '2020-10-02', '20:29:01', '21:09:01', 'ATENDIDO', NULL, 0, 'TARJETA', '25.00', 2, '2020-10-02 20:29:27', '2020-10-02 20:31:25'),
(756, NULL, 459, 2, '2020-10-03', '11:36:48', '12:16:48', 'ATENDIDO', 3, 0, 'EFECTIVO', '20.00', 2, '2020-10-03 11:37:18', '2020-10-03 12:15:59'),
(757, NULL, 563, 2, '2020-10-03', '09:30:52', '10:10:52', 'ATENDIDO', NULL, 0, 'EFECTIVO', '25.00', 2, '2020-10-03 11:41:05', '2020-10-03 12:20:22'),
(758, NULL, 564, 2, '2020-10-03', '10:27:28', '11:07:28', 'ATENDIDO', NULL, 0, 'EFECTIVO', '25.00', 2, '2020-10-03 11:42:35', '2020-10-03 12:16:11'),
(759, NULL, 494, 1, '2020-10-03', '15:45:57', '16:25:57', 'ATENDIDO', NULL, 0, 'EFECTIVO', '30.00', 2, '2020-10-03 15:48:16', '2020-10-03 15:54:42'),
(760, NULL, 1, 1, '2020-10-03', '13:30:57', '16:29:57', 'ATENDIDO', NULL, 0, 'EFECTIVO', '20.00', 2, '2020-10-03 15:55:19', '2020-10-03 15:55:39'),
(761, NULL, 79, 2, '2020-10-03', '15:59:39', '16:34:39', 'ATENDIDO', NULL, 0, 'EFECTIVO', '20.00', 2, '2020-10-03 16:00:29', '2020-10-03 16:41:14'),
(762, NULL, 565, 2, '2020-10-03', '16:00:37', '16:35:37', 'ATENDIDO', NULL, 0, 'EFECTIVO', '20.00', 2, '2020-10-03 16:39:49', '2020-10-03 16:41:34'),
(763, NULL, 132, 1, '2020-10-03', '16:36:23', '17:16:23', 'ATENDIDO', NULL, 0, 'EFECTIVO', '25.00', 2, '2020-10-03 17:54:32', '2020-10-03 17:54:54'),
(764, NULL, 347, 2, '2020-10-03', '18:22:49', '19:02:49', 'ATENDIDO', NULL, 0, 'EFECTIVO', '25.00', 2, '2020-10-03 18:23:21', '2020-10-03 19:10:50'),
(765, NULL, 566, 1, '2020-10-03', '17:50:55', '18:30:55', 'ATENDIDO', NULL, 0, 'EFECTIVO', '25.00', 2, '2020-10-03 19:02:18', '2020-10-03 19:02:31'),
(766, NULL, 1, 2, '2020-10-03', '13:00:07', '13:40:07', 'ATENDIDO', NULL, 0, 'TARJETA', '25.00', 2, '2020-10-03 19:26:22', '2020-10-03 19:26:44'),
(767, NULL, 147, 1, '2020-10-03', '18:58:27', '19:33:27', 'ATENDIDO', NULL, 0, 'EFECTIVO', '20.00', 2, '2020-10-03 19:44:39', '2020-10-03 19:45:41'),
(768, NULL, 567, 2, '2020-10-03', '19:55:24', '20:35:24', 'ATENDIDO', NULL, 0, 'EFECTIVO', '25.00', 2, '2020-10-03 19:56:26', '2020-10-03 19:56:43'),
(769, NULL, 568, 2, '2020-10-05', '11:25:09', '12:00:09', 'ATENDIDO', NULL, 0, 'EFECTIVO', '20.00', 2, '2020-10-05 11:30:35', '2020-10-05 11:35:23'),
(770, NULL, 78, 1, '2020-10-05', '11:30:47', '12:10:47', 'ATENDIDO', NULL, 0, 'EFECTIVO', '25.00', 2, '2020-10-05 11:30:59', '2020-10-05 11:35:46'),
(771, NULL, 320, 1, '2020-10-05', '11:35:22', '00:10:22', 'ATENDIDO', NULL, 0, 'EFECTIVO', '20.00', 2, '2020-10-05 12:46:29', '2020-10-05 12:47:00'),
(772, NULL, 120, 2, '2020-10-05', '12:14:36', '12:54:36', 'ATENDIDO', NULL, 0, 'EFECTIVO', '25.00', 2, '2020-10-05 13:14:00', '2020-10-05 13:14:33'),
(773, NULL, 470, 1, '2020-10-05', '15:15:16', '15:50:16', 'ATENDIDO', NULL, 0, 'EFECTIVO', '20.00', 2, '2020-10-05 16:00:33', '2020-10-05 16:00:39'),
(774, NULL, 162, 2, '2020-10-05', '16:24:47', '17:04:47', 'ATENDIDO', NULL, 0, 'EFECTIVO', '25.00', 2, '2020-10-05 17:00:30', '2020-10-05 17:00:44'),
(775, NULL, 385, 1, '2020-10-05', '16:15:36', '16:50:36', 'ATENDIDO', NULL, 0, 'EFECTIVO', '20.00', 2, '2020-10-05 17:06:35', '2020-10-05 17:17:14'),
(776, NULL, 569, 2, '2020-10-05', '17:15:18', '17:55:18', 'ATENDIDO', NULL, 0, 'EFECTIVO', '25.00', 2, '2020-10-05 17:59:20', '2020-10-05 17:59:45'),
(777, NULL, 570, 1, '2020-10-05', '17:20:12', '17:55:12', 'ATENDIDO', NULL, 0, 'EFECTIVO', '20.00', 2, '2020-10-05 18:07:32', '2020-10-05 18:07:52'),
(778, NULL, 571, 2, '2020-10-05', '18:00:42', '18:35:42', 'ATENDIDO', NULL, 0, 'EFECTIVO', '20.00', 2, '2020-10-05 18:41:36', '2020-10-05 19:08:50'),
(779, NULL, 572, 1, '2020-10-05', '18:22:03', '18:57:03', 'ATENDIDO', NULL, 0, 'EFECTIVO', '20.00', 2, '2020-10-05 18:45:39', '2020-10-05 19:09:21'),
(780, NULL, 247, 1, '2020-10-05', '18:55:18', '19:30:18', 'ATENDIDO', NULL, 0, 'EFECTIVO', '20.00', 2, '2020-10-05 19:32:58', '2020-10-05 19:33:20'),
(781, NULL, 111, 1, '2020-10-06', '16:50:36', '10:35:36', 'ATENDIDO', NULL, 0, 'EFECTIVO', '25.00', 1, '2020-10-06 09:43:19', '2020-10-06 17:33:36'),
(782, NULL, 574, 1, '2020-10-06', '10:52:38', '11:32:38', 'ATENDIDO', NULL, 0, 'EFECTIVO', '25.00', 2, '2020-10-06 11:42:21', '2020-10-06 11:42:39'),
(783, NULL, 51, 1, '2020-10-06', '12:01:22', '12:36:22', 'ATENDIDO', NULL, 0, 'EFECTIVO', '20.00', 2, '2020-10-06 12:55:51', '2020-10-06 12:56:06'),
(784, NULL, 1, 2, '2020-10-06', '12:30:28', '13:10:28', 'ATENDIDO', NULL, 0, 'EFECTIVO', '25.00', 2, '2020-10-06 15:02:21', '2020-10-06 15:03:05'),
(785, NULL, 575, 1, '2020-10-06', '15:00:07', '15:35:07', 'ATENDIDO', NULL, 0, 'EFECTIVO', '20.00', 2, '2020-10-06 15:39:25', '2020-10-06 15:52:09'),
(786, NULL, 1, 1, '2020-10-06', '13:00:41', '14:29:41', 'ATENDIDO', NULL, 0, 'EFECTIVO', '20.00', 2, '2020-10-06 15:55:07', '2020-10-06 15:55:31'),
(787, NULL, 309, 2, '2020-10-06', '15:00:29', '16:36:29', 'ATENDIDO', NULL, 0, 'EFECTIVO', '25.00', 2, '2020-10-06 15:57:19', '2020-10-06 15:57:48'),
(788, NULL, 1, 1, '2020-10-06', '13:00:16', '13:35:16', 'ATENDIDO', NULL, 0, 'EFECTIVO', '20.00', 2, '2020-10-06 15:58:33', '2020-10-06 16:28:32'),
(789, NULL, 286, 2, '2020-10-06', '15:40:02', '16:15:02', 'ATENDIDO', NULL, 0, 'EFECTIVO', '20.00', 2, '2020-10-06 16:25:32', '2020-10-06 16:27:33'),
(790, NULL, 287, 1, '2020-10-06', '15:53:42', '16:28:42', 'ATENDIDO', NULL, 0, 'EFECTIVO', '20.00', 2, '2020-10-06 16:26:35', '2020-10-06 16:27:44'),
(791, NULL, 1, 1, '2020-10-06', '16:40:56', '17:05:56', 'ATENDIDO', NULL, 0, 'EFECTIVO', '20.00', 2, '2020-10-06 17:01:31', '2020-10-06 17:02:06'),
(792, NULL, 576, 2, '2020-10-06', '18:05:48', '18:40:48', 'ATENDIDO', NULL, 0, 'EFECTIVO', '20.00', 2, '2020-10-06 18:35:31', '2020-10-06 18:59:02'),
(793, NULL, 577, 1, '2020-10-06', '19:45:43', '20:20:43', 'ATENDIDO', NULL, 0, 'EFECTIVO', '20.00', 2, '2020-10-06 19:47:23', '2020-10-06 19:47:33'),
(794, NULL, 548, 2, '2020-10-07', '10:35:48', '11:10:48', 'ATENDIDO', NULL, 0, 'EFECTIVO', '20.00', 2, '2020-10-07 11:16:40', '2020-10-07 11:17:02'),
(795, NULL, 578, 1, '2020-10-07', '11:09:01', '11:44:01', 'ATENDIDO', NULL, 0, 'EFECTIVO', '20.00', 2, '2020-10-07 11:55:06', '2020-10-07 11:55:16'),
(796, NULL, 579, 2, '2020-10-07', '12:00:00', '12:35:00', 'ATENDIDO', NULL, 0, 'EFECTIVO', '20.00', 2, '2020-10-07 12:46:58', '2020-10-07 12:50:31'),
(797, NULL, 77, 1, '2020-10-07', '13:00:33', '13:35:33', 'ATENDIDO', NULL, 0, 'EFECTIVO', '20.00', 2, '2020-10-07 15:10:48', '2020-10-07 15:11:08'),
(798, NULL, 303, 2, '2020-10-07', '13:40:27', '14:20:27', 'ATENDIDO', NULL, 0, 'EFECTIVO', '25.00', 2, '2020-10-07 15:27:25', '2020-10-07 15:28:23'),
(799, NULL, 204, 1, '2020-10-07', '15:12:34', '15:47:34', 'ATENDIDO', NULL, 0, 'EFECTIVO', '20.00', 2, '2020-10-07 16:10:39', '2020-10-07 16:10:52'),
(800, NULL, 25, 2, '2020-10-07', '14:00:23', '14:40:23', 'ATENDIDO', NULL, 0, 'EFECTIVO', '20.00', 2, '2020-10-07 16:13:48', '2020-10-07 16:47:40'),
(801, NULL, 580, 2, '2020-10-07', '16:13:55', '16:48:55', 'ATENDIDO', NULL, 0, 'EFECTIVO', '20.00', 2, '2020-10-07 16:15:27', '2020-10-07 16:48:01'),
(803, NULL, 435, 2, '2020-10-08', '17:00:06', '17:35:06', 'ATENDIDO', 3, 0, 'EFECTIVO', '20.00', 2, '2020-10-07 17:00:40', '2020-10-08 17:51:49'),
(804, NULL, 581, 1, '2020-10-07', '16:17:33', '16:52:33', 'ATENDIDO', NULL, 0, 'EFECTIVO', '20.00', 2, '2020-10-07 17:13:52', '2020-10-07 17:14:02'),
(805, NULL, 456, 1, '2020-10-07', '17:15:59', '17:50:59', 'ATENDIDO', NULL, 0, 'EFECTIVO', '35.00', 2, '2020-10-07 17:19:23', '2020-10-07 18:18:24'),
(806, NULL, 279, 2, '2020-10-07', '16:40:30', '17:20:30', 'ATENDIDO', NULL, 0, 'EFECTIVO', '35.00', 2, '2020-10-07 17:57:15', '2020-10-07 18:12:50'),
(807, NULL, 319, 2, '2020-10-07', '18:00:28', '18:40:28', 'ATENDIDO', NULL, 0, 'EFECTIVO', '25.00', 2, '2020-10-07 19:06:23', '2020-10-07 19:06:48'),
(808, NULL, 582, 1, '2020-10-07', '19:12:00', '19:52:00', 'ATENDIDO', NULL, 0, 'EFECTIVO', '25.00', 2, '2020-10-07 19:13:18', '2020-10-07 19:13:28'),
(809, NULL, 583, 1, '2020-10-08', '12:15:52', '12:50:52', 'ATENDIDO', NULL, 0, 'EFECTIVO', '20.00', 2, '2020-10-08 12:30:07', '2020-10-08 12:55:23'),
(810, NULL, 584, 2, '2020-10-08', '12:55:41', '13:35:41', 'ATENDIDO', NULL, 0, 'EFECTIVO', '25.00', 2, '2020-10-08 12:57:04', '2020-10-08 12:59:33'),
(811, NULL, 585, 1, '2020-10-08', '11:08:17', '23:48:17', 'ATENDIDO', NULL, 0, 'EFECTIVO', '25.00', 2, '2020-10-08 12:58:53', '2020-10-08 13:00:11'),
(812, NULL, 304, 2, '2020-10-08', '13:20:11', '14:00:11', 'ATENDIDO', NULL, 0, 'EFECTIVO', '25.00', 2, '2020-10-08 15:21:21', '2020-10-08 15:22:38'),
(813, NULL, 1, 2, '2020-10-08', '13:00:30', '13:40:30', 'ATENDIDO', NULL, 0, 'EFECTIVO', '25.00', 2, '2020-10-08 15:24:09', '2020-10-08 15:25:05'),
(814, NULL, 1, 1, '2020-10-08', '13:30:08', '14:05:08', 'ATENDIDO', NULL, 0, 'EFECTIVO', '20.00', 2, '2020-10-08 15:26:36', '2020-10-08 15:26:53'),
(815, NULL, 270, 2, '2020-10-08', '15:25:27', '16:00:27', 'ATENDIDO', NULL, 0, 'EFECTIVO', '20.00', 2, '2020-10-08 15:41:53', '2020-10-08 15:42:09'),
(816, NULL, 15, 2, '2020-10-09', '11:01:35', '11:41:35', 'ATENDIDO', 4, 0, 'EFECTIVO', '20.00', 2, '2020-10-09 11:01:57', '2020-10-09 11:50:49'),
(817, NULL, 487, 1, '2020-10-09', '11:22:06', '00:02:06', 'ATENDIDO', NULL, 0, 'EFECTIVO', '25.00', 2, '2020-10-09 12:13:40', '2020-10-09 12:14:42'),
(818, NULL, 412, 2, '2020-10-09', '11:50:22', '00:30:22', 'ATENDIDO', NULL, 0, 'EFECTIVO', '25.00', 2, '2020-10-09 12:34:56', '2020-10-09 12:35:26'),
(819, NULL, 586, 1, '2020-10-09', '15:00:34', '15:40:34', 'ATENDIDO', NULL, 0, 'EFECTIVO', '30.00', 2, '2020-10-09 15:56:37', '2020-10-09 15:56:48'),
(820, NULL, 376, 1, '2020-10-09', '15:58:42', '16:33:42', 'ATENDIDO', NULL, 0, 'EFECTIVO', '20.00', 2, '2020-10-09 16:42:22', '2020-10-09 16:42:34'),
(821, NULL, 183, 1, '2020-10-09', '12:15:41', '17:26:41', 'ATENDIDO', NULL, 0, 'EFECTIVO', '35.00', 2, '2020-10-09 16:47:31', '2020-10-09 16:48:03'),
(822, NULL, 1, 2, '2020-10-09', '13:30:35', '14:05:35', 'ATENDIDO', NULL, 0, 'EFECTIVO', '20.00', 2, '2020-10-09 16:48:57', '2020-10-09 16:49:14'),
(823, NULL, 587, 2, '2020-10-09', '16:16:34', '16:51:34', 'ATENDIDO', NULL, 0, 'EFECTIVO', '20.00', 2, '2020-10-09 16:51:14', '2020-10-09 16:51:25'),
(824, NULL, 375, 2, '2020-10-09', '16:51:02', '17:26:02', 'ATENDIDO', NULL, 0, 'EFECTIVO', '20.00', 2, '2020-10-09 17:34:31', '2020-10-09 17:34:40'),
(825, NULL, 588, 1, '2020-10-09', '17:10:31', '17:45:31', 'ATENDIDO', NULL, 0, 'EFECTIVO', '20.00', 2, '2020-10-09 17:56:36', '2020-10-09 17:56:46'),
(826, NULL, 589, 2, '2020-10-09', '18:15:09', '18:55:09', 'ATENDIDO', NULL, 0, 'EFECTIVO', '20.00', 2, '2020-10-09 18:17:14', '2020-10-09 18:29:39'),
(827, NULL, 52, 2, '2020-10-09', '18:14:46', '18:49:46', 'ATENDIDO', NULL, 0, 'TARJETA', '20.00', 2, '2020-10-09 18:38:41', '2020-10-09 19:25:38'),
(828, NULL, 590, 1, '2020-10-09', '18:14:02', '18:54:02', 'ATENDIDO', NULL, 0, 'EFECTIVO', '25.00', 2, '2020-10-09 19:10:01', '2020-10-09 19:25:21'),
(829, NULL, 591, 1, '2020-10-09', '19:13:06', '19:48:06', 'ATENDIDO', NULL, 0, 'EFECTIVO', '20.00', 2, '2020-10-09 19:25:10', '2020-10-09 19:25:49'),
(830, NULL, 344, 2, '2020-10-09', '19:14:03', '19:54:03', 'ATENDIDO', NULL, 0, 'EFECTIVO', '25.00', 2, '2020-10-09 19:52:42', '2020-10-09 19:52:56'),
(831, NULL, 592, 1, '2020-10-09', '20:17:54', '20:52:54', 'ATENDIDO', NULL, 0, 'EFECTIVO', '20.00', 2, '2020-10-09 20:18:59', '2020-10-09 20:19:12'),
(832, NULL, 153, 1, '2020-10-10', '13:00:29', '01:35:29', 'ATENDIDO', NULL, 0, 'EFECTIVO', '20.00', 2, '2020-10-10 10:51:52', '2020-10-10 15:15:25'),
(833, NULL, 593, 1, '2020-10-10', '10:45:05', '11:25:05', 'ATENDIDO', NULL, 0, 'EFECTIVO', '25.00', 2, '2020-10-10 11:35:21', '2020-10-10 12:05:25'),
(834, NULL, 480, 2, '2020-10-10', '11:00:27', '11:40:27', 'ATENDIDO', NULL, 0, 'EFECTIVO', '25.00', 2, '2020-10-10 12:15:24', '2020-10-10 12:19:58'),
(835, NULL, 253, 1, '2020-10-10', '15:30:07', '16:05:07', 'ATENDIDO', NULL, 0, 'EFECTIVO', '20.00', 2, '2020-10-10 12:34:39', '2020-10-10 16:16:13'),
(836, NULL, 399, 1, '2020-10-10', '11:50:05', '00:30:05', 'ATENDIDO', NULL, 0, 'EFECTIVO', '25.00', 2, '2020-10-10 12:47:53', '2020-10-10 12:48:44'),
(837, NULL, 1, 2, '2020-10-10', '13:00:55', '13:40:55', 'ATENDIDO', NULL, 0, 'EFECTIVO', '25.00', 2, '2020-10-10 15:27:36', '2020-10-10 15:30:59'),
(838, NULL, 1, 1, '2020-10-10', '12:51:46', '13:31:46', 'ATENDIDO', NULL, 0, 'EFECTIVO', '25.00', 2, '2020-10-10 15:28:20', '2020-10-10 15:30:03'),
(839, NULL, 1, 2, '2020-10-10', '13:00:38', '13:40:38', 'ATENDIDO', NULL, 0, 'EFECTIVO', '25.00', 2, '2020-10-10 15:28:59', '2020-10-10 15:30:19'),
(840, NULL, 1, 1, '2020-10-10', '14:00:08', '14:35:08', 'ATENDIDO', NULL, 0, 'EFECTIVO', '20.00', 2, '2020-10-10 15:34:28', '2020-10-10 15:35:02'),
(841, NULL, 285, 1, '2020-10-10', '17:00:49', '17:35:49', 'ATENDIDO', NULL, 0, 'EFECTIVO', '20.00', 2, '2020-10-10 15:44:36', '2020-10-10 17:26:04'),
(842, NULL, 1, 2, '2020-10-10', '13:30:44', '15:28:44', 'ATENDIDO', NULL, 0, 'EFECTIVO', '20.00', 2, '2020-10-10 15:54:00', '2020-10-10 15:54:23'),
(843, NULL, 434, 2, '2020-10-10', '15:20:56', '15:55:56', 'ATENDIDO', NULL, 0, 'EFECTIVO', '20.00', 2, '2020-10-10 16:10:55', '2020-10-10 16:16:01'),
(844, NULL, 594, 1, '2020-10-10', '16:00:51', '16:35:51', 'ATENDIDO', NULL, 0, 'EFECTIVO', '20.00', 2, '2020-10-10 16:49:32', '2020-10-10 16:50:03'),
(845, NULL, 331, 2, '2020-10-10', '16:20:33', '17:00:33', 'ATENDIDO', NULL, 0, 'EFECTIVO', '25.00', 2, '2020-10-10 17:18:55', '2020-10-10 17:19:16'),
(846, NULL, 340, 2, '2020-10-10', '17:18:03', '17:58:03', 'ATENDIDO', NULL, 0, 'EFECTIVO', '25.00', 2, '2020-10-10 18:02:49', '2020-10-10 18:02:59'),
(847, NULL, 257, 2, '2020-10-10', '18:03:22', '18:43:22', 'ATENDIDO', NULL, 0, 'EFECTIVO', '30.00', 2, '2020-10-10 18:03:36', '2020-10-10 19:02:38'),
(848, NULL, 151, 1, '2020-10-10', '18:31:22', '19:11:22', 'ATENDIDO', NULL, 0, 'EFECTIVO', '25.00', 2, '2020-10-10 18:32:07', '2020-10-10 18:32:56'),
(849, NULL, 237, 1, '2020-10-10', '19:05:48', '19:40:48', 'ATENDIDO', NULL, 0, 'TARJETA', '20.00', 2, '2020-10-10 19:06:06', '2020-10-10 19:07:00'),
(850, NULL, 140, 2, '2020-10-10', '19:52:08', '20:27:08', 'ATENDIDO', NULL, 0, 'TARJETA', '20.00', 2, '2020-10-10 19:52:52', '2020-10-10 19:54:47'),
(851, NULL, 130, 2, '2020-10-10', '20:14:45', '20:49:45', 'ATENDIDO', NULL, 0, 'EFECTIVO', '20.00', 2, '2020-10-10 20:15:09', '2020-10-10 20:15:47'),
(852, NULL, 188, 1, '2020-10-12', '11:11:22', '11:46:22', 'ATENDIDO', NULL, 0, 'EFECTIVO', '20.00', 2, '2020-10-12 11:45:41', '2020-10-12 12:14:34'),
(853, NULL, 595, 2, '2020-10-12', '11:11:16', '12:49:16', 'ATENDIDO', NULL, 0, 'EFECTIVO', '20.00', 2, '2020-10-12 12:14:24', '2020-10-12 12:14:57'),
(854, NULL, 596, 2, '2020-10-12', '11:35:27', '00:10:27', 'ATENDIDO', NULL, 0, 'EFECTIVO', '20.00', 2, '2020-10-12 12:38:20', '2020-10-12 12:38:47'),
(855, NULL, 100, 1, '2020-10-12', '11:58:44', '12:38:44', 'ATENDIDO', NULL, 0, 'EFECTIVO', '25.00', 2, '2020-10-12 12:53:28', '2020-10-12 12:54:21'),
(856, NULL, 136, 2, '2020-10-12', '12:30:26', '13:05:26', 'ATENDIDO', NULL, 0, 'EFECTIVO', '20.00', 2, '2020-10-12 13:02:19', '2020-10-12 13:03:10'),
(857, NULL, 597, 4, '2020-10-12', '15:11:11', '15:46:11', 'ATENDIDO', NULL, 0, 'EFECTIVO', '20.00', 2, '2020-10-12 15:12:52', '2020-10-12 15:23:54'),
(858, NULL, 1, 2, '2020-10-12', '15:22:55', '16:02:55', 'ATENDIDO', NULL, 0, 'EFECTIVO', '20.00', 2, '2020-10-12 15:23:35', '2020-10-12 15:32:28'),
(859, NULL, 598, 2, '2020-10-12', '15:29:17', '16:04:17', 'ATENDIDO', NULL, 0, 'EFECTIVO', '20.00', 2, '2020-10-12 15:31:37', '2020-10-12 15:32:38'),
(860, NULL, 1, 1, '2020-10-12', '15:37:52', '16:17:52', 'ATENDIDO', NULL, 0, 'TARJETA', '35.00', 2, '2020-10-12 15:38:01', '2020-10-12 19:18:34'),
(861, NULL, 478, 2, '2020-10-12', '16:34:22', '17:14:22', 'ATENDIDO', NULL, 0, 'EFECTIVO', '25.00', 2, '2020-10-12 16:34:49', '2020-10-12 16:37:20'),
(862, NULL, 148, 2, '2020-10-12', '16:35:00', '17:10:00', 'ATENDIDO', NULL, 0, 'EFECTIVO', '20.00', 2, '2020-10-12 16:36:49', '2020-10-12 16:37:41'),
(863, NULL, 298, 1, '2020-10-12', '17:10:05', '17:45:05', 'ATENDIDO', NULL, 0, 'EFECTIVO', '20.00', 2, '2020-10-12 17:10:16', '2020-10-12 17:51:36'),
(864, NULL, 20, 2, '2020-10-12', '16:40:34', '17:20:34', 'ATENDIDO', NULL, 0, 'EFECTIVO', '25.00', 2, '2020-10-12 17:51:05', '2020-10-12 17:51:15'),
(865, NULL, 329, 4, '2020-10-12', '18:12:48', '18:47:48', 'ATENDIDO', NULL, 0, 'TARJETA', '20.00', 2, '2020-10-12 18:53:21', '2020-10-12 18:55:21'),
(866, NULL, 22, 2, '2020-10-12', '18:55:59', '19:35:59', 'ATENDIDO', NULL, 0, 'EFECTIVO', '25.00', 2, '2020-10-12 18:57:14', '2020-10-12 18:57:44'),
(867, NULL, 599, 1, '2020-10-12', '19:16:04', '19:51:04', 'ATENDIDO', NULL, 0, 'TARJETA', '20.00', 2, '2020-10-12 19:17:41', '2020-10-12 19:18:29'),
(868, NULL, 59, 2, '2020-10-12', '19:34:10', '20:09:10', 'ATENDIDO', NULL, 0, 'EFECTIVO', '20.00', 2, '2020-10-12 19:34:36', '2020-10-12 19:34:52'),
(869, NULL, 281, 1, '2020-10-13', '10:30:45', '11:05:45', 'ATENDIDO', NULL, 0, 'EFECTIVO', '20.00', 2, '2020-10-13 11:16:22', '2020-10-13 11:17:05'),
(870, NULL, 13, 2, '2020-10-13', '00:50:39', '01:25:39', 'ATENDIDO', NULL, 0, 'EFECTIVO', '20.00', 2, '2020-10-13 11:21:08', '2020-10-13 11:21:26'),
(871, NULL, 244, 1, '2020-10-13', '11:16:57', '11:51:57', 'ATENDIDO', NULL, 0, 'EFECTIVO', '20.00', 2, '2020-10-13 11:56:58', '2020-10-13 11:57:06'),
(872, NULL, 191, 1, '2020-10-13', '12:26:59', '13:01:59', 'ATENDIDO', NULL, 0, 'EFECTIVO', '20.00', 2, '2020-10-13 12:27:21', '2020-10-13 15:15:50'),
(873, NULL, 192, 4, '2020-10-13', '12:27:36', '13:02:36', 'ATENDIDO', NULL, 0, 'EFECTIVO', '20.00', 2, '2020-10-13 12:27:55', '2020-10-13 15:16:09'),
(874, NULL, 1, 1, '2020-10-13', '15:27:53', '16:02:53', 'ATENDIDO', NULL, 0, 'EFECTIVO', '20.00', 2, '2020-10-13 15:28:13', '2020-10-13 15:28:35'),
(875, NULL, 600, 1, '2020-10-13', '15:41:38', '16:16:38', 'ATENDIDO', NULL, 0, 'EFECTIVO', '20.00', 2, '2020-10-13 16:37:15', '2020-10-13 16:43:18'),
(876, NULL, 327, 2, '2020-10-13', '15:49:09', '16:29:09', 'ATENDIDO', NULL, 0, 'TARJETA', '25.00', 2, '2020-10-13 16:42:38', '2020-10-13 16:44:17'),
(877, NULL, 602, 4, '2020-10-13', '16:30:13', '17:05:13', 'ATENDIDO', NULL, 0, 'EFECTIVO', '20.00', 2, '2020-10-13 17:22:24', '2020-10-13 17:22:35'),
(878, NULL, 91, 1, '2020-10-13', '17:27:33', '18:02:33', 'ATENDIDO', NULL, 0, 'EFECTIVO', '20.00', 2, '2020-10-13 17:30:21', '2020-10-13 17:35:37'),
(879, NULL, 603, 2, '2020-10-13', '17:53:42', '18:28:42', 'ATENDIDO', NULL, 0, 'EFECTIVO', '20.00', 2, '2020-10-13 17:58:15', '2020-10-13 17:58:31'),
(880, NULL, 382, 1, '2020-10-14', '12:15:38', '12:50:38', 'ATENDIDO', NULL, 0, 'EFECTIVO', '20.00', 2, '2020-10-14 15:42:53', '2020-10-14 15:44:14'),
(881, NULL, 256, 1, '2020-10-14', '15:27:42', '16:02:42', 'ATENDIDO', NULL, 0, 'EFECTIVO', '20.00', 2, '2020-10-14 15:59:13', '2020-10-14 16:01:35'),
(882, NULL, 604, 2, '2020-10-14', '15:36:00', '16:11:00', 'ATENDIDO', NULL, 0, 'EFECTIVO', '20.00', 2, '2020-10-14 16:17:32', '2020-10-14 16:19:45'),
(883, NULL, 19, 1, '2020-10-14', '16:35:35', '17:10:35', 'ATENDIDO', NULL, 0, 'EFECTIVO', '20.00', 2, '2020-10-14 17:09:56', '2020-10-14 17:10:08'),
(884, NULL, 372, 1, '2020-10-14', '17:11:09', '17:46:09', 'ATENDIDO', NULL, 0, 'EFECTIVO', '20.00', 2, '2020-10-14 18:14:08', '2020-10-14 18:14:33'),
(885, NULL, 293, 2, '2020-10-14', '18:00:35', '18:35:35', 'ATENDIDO', NULL, 0, 'EFECTIVO', '20.00', 2, '2020-10-14 18:40:43', '2020-10-14 18:40:59'),
(886, NULL, 269, 1, '2020-10-14', '18:41:25', '19:16:25', 'ATENDIDO', NULL, 0, 'EFECTIVO', '20.00', 2, '2020-10-14 18:42:08', '2020-10-14 18:42:20'),
(887, NULL, 143, 1, '2020-10-14', '19:12:00', '19:47:00', 'ATENDIDO', NULL, 0, 'EFECTIVO', '20.00', 2, '2020-10-14 19:39:29', '2020-10-14 19:39:46'),
(888, NULL, 1, 1, '2020-10-14', '19:45:57', '20:20:57', 'ATENDIDO', NULL, 0, 'EFECTIVO', '20.00', 2, '2020-10-14 19:46:11', '2020-10-14 19:46:22'),
(889, NULL, 428, 2, '2020-10-15', '11:15:37', '23:50:37', 'ATENDIDO', NULL, 0, 'EFECTIVO', '20.00', 2, '2020-10-15 12:13:15', '2020-10-15 12:18:25'),
(890, NULL, 222, 2, '2020-10-15', '15:14:31', '15:54:31', 'ATENDIDO', NULL, 0, 'EFECTIVO', '25.00', 2, '2020-10-15 15:16:16', '2020-10-15 15:16:34'),
(891, NULL, 605, 1, '2020-10-15', '15:48:30', '16:23:30', 'ATENDIDO', NULL, 0, 'TARJETA', '25.00', 2, '2020-10-15 15:50:05', '2020-10-15 15:52:30'),
(892, NULL, 456, 1, '2020-10-15', '15:52:40', '16:27:40', 'ATENDIDO', NULL, 0, 'TARJETA', '20.00', 2, '2020-10-15 15:52:55', '2020-10-15 15:53:21'),
(893, NULL, 606, 1, '2020-10-15', '16:09:42', '16:44:42', 'ATENDIDO', NULL, 0, 'EFECTIVO', '20.00', 2, '2020-10-15 16:58:13', '2020-10-15 16:58:30'),
(894, NULL, 176, 1, '2020-10-15', '17:00:07', '17:35:07', 'ATENDIDO', NULL, 0, 'EFECTIVO', '20.00', 2, '2020-10-15 17:37:33', '2020-10-15 17:41:14'),
(895, NULL, 439, 1, '2020-10-15', '19:51:38', '20:26:38', 'ATENDIDO', NULL, 0, 'EFECTIVO', '20.00', 2, '2020-10-15 19:52:05', '2020-10-15 19:54:19'),
(896, NULL, 607, 2, '2020-10-16', '10:05:01', '10:40:01', 'ATENDIDO', NULL, 0, 'EFECTIVO', '20.00', 2, '2020-10-16 10:57:21', '2020-10-16 11:02:22'),
(897, NULL, 608, 1, '2020-10-16', '10:30:31', '11:05:31', 'ATENDIDO', NULL, 0, 'EFECTIVO', '20.00', 2, '2020-10-16 11:44:00', '2020-10-16 11:55:57'),
(898, NULL, 609, 1, '2020-10-16', '11:15:18', '11:50:18', 'ATENDIDO', NULL, 0, 'EFECTIVO', '20.00', 2, '2020-10-16 11:45:27', '2020-10-16 11:56:08'),
(899, NULL, 473, 1, '2020-10-16', '15:41:49', '16:21:49', 'ATENDIDO', 3, 0, 'EFECTIVO', '20.00', 2, '2020-10-16 15:44:43', '2020-10-16 15:46:02'),
(900, NULL, 610, 2, '2020-10-16', '14:00:15', '14:35:15', 'ATENDIDO', NULL, 0, 'EFECTIVO', '20.00', 2, '2020-10-16 15:51:14', '2020-10-16 16:54:40'),
(901, NULL, 611, 2, '2020-10-16', '15:51:22', '16:26:22', 'ATENDIDO', NULL, 0, 'EFECTIVO', '20.00', 2, '2020-10-16 15:59:24', '2020-10-16 16:55:01'),
(902, NULL, 424, 2, '2020-10-16', '16:55:10', '17:30:10', 'ATENDIDO', NULL, 0, 'EFECTIVO', '20.00', 2, '2020-10-16 16:57:03', '2020-10-16 17:50:03'),
(903, NULL, 612, 2, '2020-10-16', '17:21:33', '17:56:33', 'ATENDIDO', NULL, 0, 'EFECTIVO', '20.00', 2, '2020-10-16 17:52:07', '2020-10-16 17:52:50'),
(904, NULL, 269, 1, '2020-10-16', '17:43:11', '18:18:11', 'ATENDIDO', NULL, 0, 'EFECTIVO', '20.00', 2, '2020-10-16 18:18:08', '2020-10-16 18:19:41'),
(905, NULL, 613, 2, '2020-10-16', '18:00:36', '18:35:36', 'ATENDIDO', NULL, 0, 'EFECTIVO', '20.00', 2, '2020-10-16 18:41:50', '2020-10-16 18:42:17'),
(906, NULL, 179, 2, '2020-10-16', '19:50:08', '20:25:08', 'ATENDIDO', NULL, 0, 'EFECTIVO', '20.00', 2, '2020-10-16 19:51:01', '2020-10-16 19:57:04'),
(907, NULL, 292, 1, '2020-10-16', '19:52:43', '20:27:43', 'ATENDIDO', NULL, 0, 'EFECTIVO', '20.00', 2, '2020-10-16 19:53:43', '2020-10-16 19:57:24'),
(908, NULL, 291, 2, '2020-10-16', '19:54:12', '20:29:12', 'ATENDIDO', NULL, 0, 'TARJETA', '20.00', 2, '2020-10-16 19:54:26', '2020-10-16 20:06:34'),
(909, NULL, 614, 1, '2020-10-17', '10:43:49', '11:18:49', 'ATENDIDO', NULL, 0, 'EFECTIVO', '20.00', 2, '2020-10-17 11:20:03', '2020-10-17 11:20:20'),
(910, NULL, 38, 2, '2020-10-17', '12:20:22', '12:55:22', 'ATENDIDO', NULL, 0, 'EFECTIVO', '20.00', 2, '2020-10-17 12:34:49', '2020-10-17 15:21:42'),
(911, NULL, 39, 1, '2020-10-17', '12:38:58', '13:30:58', 'ATENDIDO', NULL, 0, 'EFECTIVO', '20.00', 2, '2020-10-17 12:35:52', '2020-10-17 15:22:23'),
(912, NULL, 51, 1, '2020-10-17', '11:20:42', '00:00:42', 'ATENDIDO', NULL, 0, 'EFECTIVO', '25.00', 2, '2020-10-17 12:37:32', '2020-10-17 12:38:07'),
(913, NULL, 79, 2, '2020-10-17', '13:30:19', '14:05:19', 'ATENDIDO', NULL, 0, 'EFECTIVO', '20.00', 2, '2020-10-17 15:30:40', '2020-10-17 15:30:58'),
(914, NULL, 104, 1, '2020-10-17', '14:45:04', '15:20:04', 'ATENDIDO', NULL, 0, 'EFECTIVO', '20.00', 2, '2020-10-17 15:37:33', '2020-10-17 15:39:04'),
(915, NULL, 448, 1, '2020-10-17', '15:30:52', '16:10:52', 'ATENDIDO', NULL, 0, 'EFECTIVO', '25.00', 2, '2020-10-17 16:38:03', '2020-10-17 16:45:11'),
(916, NULL, 195, 2, '2020-10-17', '16:15:15', '16:50:15', 'ATENDIDO', NULL, 0, 'EFECTIVO', '20.00', 2, '2020-10-17 17:15:22', '2020-10-17 17:17:51'),
(917, NULL, 116, 1, '2020-10-17', '16:40:50', '17:15:50', 'ATENDIDO', NULL, 0, 'EFECTIVO', '20.00', 2, '2020-10-17 17:24:46', '2020-10-17 17:25:18'),
(918, NULL, 484, 2, '2020-10-17', '17:00:54', '17:35:54', 'ATENDIDO', NULL, 0, 'EFECTIVO', '20.00', 2, '2020-10-17 17:41:18', '2020-10-17 17:44:40'),
(919, NULL, 82, 2, '2020-10-17', '18:10:34', '18:45:34', 'ATENDIDO', NULL, 0, 'EFECTIVO', '20.00', 2, '2020-10-17 19:03:12', '2020-10-17 19:03:48'),
(920, NULL, 225, 1, '2020-10-17', '18:00:17', '18:35:17', 'ATENDIDO', NULL, 0, 'EFECTIVO', '20.00', 2, '2020-10-17 19:04:36', '2020-10-17 19:05:25'),
(921, NULL, 281, 1, '2020-10-19', '10:55:00', '11:35:00', 'ATENDIDO', NULL, 0, 'EFECTIVO', '25.00', 2, '2020-10-19 11:56:48', '2020-10-19 12:19:49'),
(922, NULL, 615, 1, '2020-10-19', '12:00:16', '12:35:16', 'ATENDIDO', NULL, 0, 'EFECTIVO', '20.00', 2, '2020-10-19 15:15:35', '2020-10-19 15:49:31'),
(923, NULL, 163, 1, '2020-10-19', '15:00:41', '15:35:41', 'ATENDIDO', NULL, 0, 'EFECTIVO', '20.00', 2, '2020-10-19 15:51:04', '2020-10-19 16:05:10'),
(924, NULL, 616, 2, '2020-10-19', '15:10:40', '15:45:40', 'ATENDIDO', NULL, 0, 'EFECTIVO', '20.00', 2, '2020-10-19 16:06:48', '2020-10-19 16:21:51'),
(925, NULL, 617, 2, '2020-10-19', '16:00:51', '16:40:51', 'ATENDIDO', NULL, 0, 'EFECTIVO', '25.00', 2, '2020-10-19 16:51:56', '2020-10-19 17:13:23'),
(926, NULL, 196, 1, '2020-10-19', '16:00:06', '16:35:06', 'ATENDIDO', NULL, 0, 'EFECTIVO', '20.00', 2, '2020-10-19 16:53:25', '2020-10-19 17:13:11'),
(927, NULL, 111, 1, '2020-10-19', '17:42:49', '18:35:49', 'ATENDIDO', NULL, 0, 'EFECTIVO', '25.00', 2, '2020-10-19 17:24:22', '2020-10-19 18:40:25'),
(928, NULL, 24, 1, '2020-10-19', '16:55:53', '17:35:53', 'ATENDIDO', NULL, 0, 'EFECTIVO', '25.00', 2, '2020-10-19 17:44:54', '2020-10-19 18:42:54'),
(929, NULL, 618, 2, '2020-10-19', '17:16:00', '17:51:00', 'ATENDIDO', NULL, 0, 'EFECTIVO', '20.00', 2, '2020-10-19 18:02:05', '2020-10-19 18:43:35'),
(930, NULL, 155, 2, '2020-10-19', '18:39:53', '19:19:53', 'ATENDIDO', NULL, 0, 'EFECTIVO', '25.00', 2, '2020-10-19 19:36:45', '2020-10-19 19:41:10'),
(931, NULL, 187, 1, '2020-10-20', '11:40:38', '12:15:38', 'ATENDIDO', NULL, 0, 'EFECTIVO', '20.00', 2, '2020-10-20 12:33:18', '2020-10-20 15:14:18'),
(932, NULL, 619, 1, '2020-10-20', '12:33:30', '13:08:30', 'ATENDIDO', NULL, 0, 'EFECTIVO', '20.00', 2, '2020-10-20 12:34:34', '2020-10-20 15:14:30'),
(933, NULL, 1, 2, '2020-10-20', '13:00:15', '13:35:15', 'ATENDIDO', NULL, 0, 'EFECTIVO', '20.00', 2, '2020-10-20 15:15:37', '2020-10-20 15:16:12'),
(934, NULL, 415, 1, '2020-10-20', '15:35:53', '16:25:53', 'ATENDIDO', NULL, 0, 'EFECTIVO', '20.00', 2, '2020-10-20 15:25:23', '2020-10-20 16:18:19'),
(935, NULL, 620, 1, '2020-10-20', '15:26:19', '16:01:19', 'ATENDIDO', NULL, 0, 'EFECTIVO', '20.00', 2, '2020-10-20 15:27:52', '2020-10-20 15:30:44'),
(936, NULL, 621, 1, '2020-10-20', '14:00:59', '14:35:59', 'ATENDIDO', NULL, 0, 'EFECTIVO', '20.00', 2, '2020-10-20 15:29:03', '2020-10-20 15:30:31'),
(937, NULL, 482, 2, '2020-10-20', '15:00:38', '15:40:38', 'ATENDIDO', NULL, 0, 'EFECTIVO', '25.00', 2, '2020-10-20 16:33:53', '2020-10-20 16:35:41'),
(938, NULL, 622, 2, '2020-10-20', '16:00:03', '16:40:03', 'ATENDIDO', NULL, 0, 'EFECTIVO', '25.00', 2, '2020-10-20 16:35:01', '2020-10-20 16:36:09'),
(939, NULL, 1, 2, '2020-10-20', '13:15:07', '13:55:07', 'ATENDIDO', NULL, 0, 'EFECTIVO', '25.00', 2, '2020-10-20 16:42:39', '2020-10-20 16:43:05'),
(940, NULL, 123, 2, '2020-10-20', '16:35:40', '17:10:40', 'ATENDIDO', NULL, 0, 'EFECTIVO', '20.00', 2, '2020-10-20 17:03:23', '2020-10-20 18:15:52'),
(941, NULL, 1, 2, '2020-10-20', '12:40:18', '13:15:18', 'ATENDIDO', NULL, 0, 'EFECTIVO', '20.00', 2, '2020-10-20 17:21:42', '2020-10-20 17:21:50'),
(942, NULL, 623, 1, '2020-10-20', '17:22:31', '17:57:31', 'ATENDIDO', NULL, 0, 'EFECTIVO', '20.00', 2, '2020-10-20 18:18:29', '2020-10-20 18:18:53'),
(943, NULL, 624, 2, '2020-10-20', '18:09:37', '18:44:37', 'ATENDIDO', NULL, 0, 'EFECTIVO', '20.00', 2, '2020-10-20 18:47:52', '2020-10-20 18:54:51'),
(944, NULL, 427, 1, '2020-10-20', '18:19:25', '18:54:25', 'ATENDIDO', NULL, 0, 'EFECTIVO', '20.00', 2, '2020-10-20 18:54:35', '2020-10-20 18:55:12'),
(945, NULL, 1, 2, '2020-10-21', '13:00:18', '13:35:18', 'ATENDIDO', NULL, 0, 'EFECTIVO', '20.00', 2, '2020-10-21 15:01:34', '2020-10-21 15:01:47'),
(946, NULL, 308, 1, '2020-10-21', '14:30:40', '15:05:40', 'ATENDIDO', NULL, 0, 'EFECTIVO', '20.00', 2, '2020-10-21 15:24:28', '2020-10-21 15:32:12'),
(947, NULL, 1, 1, '2020-10-21', '13:20:34', '13:55:34', 'ATENDIDO', NULL, 0, 'EFECTIVO', '20.00', 2, '2020-10-21 15:32:55', '2020-10-21 15:33:03'),
(948, NULL, 114, 2, '2020-10-21', '15:10:57', '15:50:57', 'ATENDIDO', NULL, 0, 'EFECTIVO', '25.00', 2, '2020-10-21 16:15:59', '2020-10-21 16:16:45'),
(949, NULL, 103, 2, '2020-10-21', '16:12:39', '16:52:39', 'ATENDIDO', NULL, 0, 'EFECTIVO', '30.00', 2, '2020-10-21 17:07:25', '2020-10-21 17:08:32'),
(950, NULL, 435, 1, '2020-10-21', '16:45:54', '17:25:54', 'ATENDIDO', NULL, 0, 'EFECTIVO', '25.00', 2, '2020-10-21 17:31:53', '2020-10-21 17:32:43'),
(951, NULL, 626, 2, '2020-10-21', '17:45:51', '18:12:51', 'ATENDIDO', NULL, 0, 'EFECTIVO', '25.00', 2, '2020-10-21 17:33:27', '2020-10-21 18:34:29'),
(952, NULL, 47, 2, '2020-10-21', '17:15:41', '18:11:41', 'ATENDIDO', NULL, 0, 'EFECTIVO', '20.00', 2, '2020-10-21 17:37:29', '2020-10-21 17:38:07'),
(953, NULL, 625, 1, '2020-10-21', '18:00:41', '18:35:41', 'ATENDIDO', NULL, 0, 'EFECTIVO', '20.00', 2, '2020-10-21 18:26:39', '2020-10-21 18:27:02'),
(954, NULL, 331, 2, '2020-10-21', '19:05:22', '19:45:22', 'ATENDIDO', NULL, 0, 'EFECTIVO', '25.00', 2, '2020-10-21 19:05:57', '2020-10-21 19:06:50'),
(955, NULL, 627, 1, '2020-10-21', '19:11:39', '19:51:39', 'ATENDIDO', NULL, 0, 'EFECTIVO', '25.00', 2, '2020-10-21 19:12:47', '2020-10-21 19:17:35'),
(956, NULL, 628, 1, '2020-10-22', '12:02:40', '12:37:40', 'ATENDIDO', NULL, 0, 'EFECTIVO', '20.00', 2, '2020-10-22 12:04:11', '2020-10-22 12:30:24'),
(957, NULL, 629, 1, '2020-10-22', '12:30:39', '13:15:39', 'ATENDIDO', NULL, 0, 'EFECTIVO', '20.00', 2, '2020-10-22 12:21:10', '2020-10-22 15:11:46'),
(958, NULL, 1, 2, '2020-10-22', '13:30:36', '14:10:36', 'ATENDIDO', NULL, 0, 'EFECTIVO', '25.00', 2, '2020-10-22 15:17:50', '2020-10-22 15:18:20'),
(959, NULL, 1, 1, '2020-10-22', '13:40:58', '14:15:58', 'ATENDIDO', NULL, 0, 'EFECTIVO', '20.00', 2, '2020-10-22 15:18:13', '2020-10-22 15:18:28'),
(960, NULL, 561, 2, '2020-10-22', '16:55:58', '16:44:58', 'ATENDIDO', NULL, 0, 'EFECTIVO', '25.00', 2, '2020-10-22 16:56:52', '2020-10-22 18:38:21'),
(961, NULL, 567, 2, '2020-10-22', '16:05:22', '16:45:22', 'ATENDIDO', NULL, 0, 'EFECTIVO', '25.00', 2, '2020-10-22 17:17:01', '2020-10-22 17:23:11'),
(962, NULL, 630, 1, '2020-10-22', '16:06:23', '16:46:23', 'ATENDIDO', NULL, 0, 'EFECTIVO', '25.00', 2, '2020-10-22 17:23:02', '2020-10-22 17:23:21'),
(963, NULL, 325, 1, '2020-10-22', '17:27:02', '18:07:02', 'ATENDIDO', NULL, 0, 'EFECTIVO', '30.00', 2, '2020-10-22 17:27:36', '2020-10-22 18:25:39'),
(964, NULL, 34, 2, '2020-10-22', '18:00:13', '18:35:13', 'ATENDIDO', NULL, 0, 'EFECTIVO', '20.00', 2, '2020-10-22 18:38:02', '2020-10-22 18:38:11'),
(965, NULL, 130, 1, '2020-10-22', '18:55:04', '19:30:04', 'ATENDIDO', NULL, 0, 'EFECTIVO', '20.00', 2, '2020-10-22 18:55:22', '2020-10-22 19:39:32'),
(966, NULL, 346, 1, '2020-10-23', '10:40:51', '11:20:51', 'ATENDIDO', NULL, 0, 'EFECTIVO', '25.00', 2, '2020-10-23 11:36:52', '2020-10-23 11:37:08'),
(967, NULL, 631, 2, '2020-10-23', '10:40:32', '11:20:32', 'ATENDIDO', NULL, 0, 'EFECTIVO', '25.00', 2, '2020-10-23 11:54:51', '2020-10-23 11:56:44'),
(968, NULL, 632, 2, '2020-10-23', '11:19:58', '11:59:58', 'ATENDIDO', NULL, 0, 'EFECTIVO', '25.00', 2, '2020-10-23 11:56:16', '2020-10-23 11:56:54'),
(969, NULL, 436, 1, '2020-10-23', '11:25:07', '00:00:07', 'ATENDIDO', NULL, 0, 'EFECTIVO', '20.00', 2, '2020-10-23 12:16:22', '2020-10-23 12:16:43'),
(970, NULL, 633, 1, '2020-10-23', '15:26:48', '16:01:48', 'ATENDIDO', NULL, 0, 'EFECTIVO', '20.00', 2, '2020-10-23 15:28:13', '2020-10-23 15:28:22'),
(971, NULL, 634, 2, '2020-10-23', '15:25:29', '15:55:29', 'ATENDIDO', NULL, 0, 'EFECTIVO', '20.00', 2, '2020-10-23 15:58:21', '2020-10-23 15:58:47'),
(972, NULL, 1, 1, '2020-10-23', '13:30:55', '14:05:55', 'ATENDIDO', NULL, 0, 'EFECTIVO', '20.00', 2, '2020-10-23 16:32:13', '2020-10-23 16:32:22'),
(973, NULL, 1, 1, '2020-10-23', '13:45:02', '14:20:02', 'ATENDIDO', NULL, 0, 'EFECTIVO', '20.00', 2, '2020-10-23 18:11:15', '2020-10-23 18:11:28'),
(974, NULL, 635, 1, '2020-10-23', '18:00:36', '18:35:36', 'ATENDIDO', NULL, 0, 'EFECTIVO', '20.00', 2, '2020-10-23 19:00:23', '2020-10-23 19:00:43'),
(975, NULL, 101, 1, '2020-10-23', '19:00:22', '19:35:22', 'ATENDIDO', NULL, 0, 'EFECTIVO', '20.00', 2, '2020-10-23 19:34:12', '2020-10-23 19:34:23'),
(976, NULL, 636, 1, '2020-10-23', '19:34:34', '20:09:34', 'ATENDIDO', NULL, 0, 'EFECTIVO', '20.00', 2, '2020-10-23 19:35:49', '2020-10-23 20:00:38'),
(977, NULL, 390, 1, '2020-10-24', '10:00:11', '10:35:11', 'ATENDIDO', NULL, 0, 'EFECTIVO', '25.00', 2, '2020-10-23 20:16:37', '2020-10-24 11:30:54'),
(978, NULL, 153, 1, '2020-10-24', '13:30:49', '14:05:49', 'ATENDIDO', 4, 0, 'EFECTIVO', '15.00', 2, '2020-10-24 10:32:08', '2020-10-24 15:15:48'),
(979, NULL, 339, 2, '2020-10-24', '10:54:32', '11:34:32', 'ATENDIDO', NULL, 0, 'EFECTIVO', '25.00', 2, '2020-10-24 11:45:07', '2020-10-24 11:45:38'),
(980, NULL, 637, 1, '2020-10-24', '12:26:15', '13:01:15', 'ATENDIDO', NULL, 0, 'EFECTIVO', '20.00', 2, '2020-10-24 12:27:44', '2020-10-24 12:28:16'),
(981, NULL, 637, 1, '2020-10-24', '12:00:23', '12:35:23', 'ATENDIDO', NULL, 0, 'EFECTIVO', '20.00', 2, '2020-10-24 12:28:45', '2020-10-24 15:11:36'),
(982, NULL, 1, 1, '2020-10-24', '15:17:08', '15:52:08', 'ATENDIDO', NULL, 0, 'TARJETA', '20.00', 2, '2020-10-24 15:17:30', '2020-10-24 15:21:29'),
(983, NULL, 1, 2, '2020-10-24', '15:29:16', '16:04:16', 'ATENDIDO', NULL, 0, 'EFECTIVO', '20.00', 2, '2020-10-24 15:29:38', '2020-10-24 15:32:35'),
(984, NULL, 638, 1, '2020-10-24', '15:50:52', '16:25:52', 'ATENDIDO', NULL, 0, 'EFECTIVO', '20.00', 2, '2020-10-24 16:56:00', '2020-10-24 17:48:41'),
(985, NULL, 639, 2, '2020-10-24', '17:20:53', '17:55:53', 'ATENDIDO', NULL, 0, 'TARJETA', '20.00', 2, '2020-10-24 17:51:08', '2020-10-24 17:51:32'),
(986, NULL, 132, 1, '2020-10-24', '17:03:23', '17:43:23', 'ATENDIDO', NULL, 0, 'EFECTIVO', '25.00', 2, '2020-10-24 18:06:01', '2020-10-24 18:06:17'),
(987, NULL, 257, 2, '2020-10-24', '17:51:25', '18:31:25', 'ATENDIDO', NULL, 0, 'EFECTIVO', '30.00', 2, '2020-10-24 18:07:59', '2020-10-24 18:26:21'),
(988, NULL, 1, 1, '2020-10-24', '18:51:27', '19:26:27', 'ATENDIDO', NULL, 0, 'EFECTIVO', '20.00', 2, '2020-10-24 19:11:59', '2020-10-24 19:14:09'),
(989, NULL, 440, 2, '2020-10-24', '18:26:12', '19:01:12', 'ATENDIDO', NULL, 0, 'EFECTIVO', '20.00', 2, '2020-10-24 19:12:59', '2020-10-24 19:13:55'),
(990, NULL, 557, 2, '2020-10-24', '19:13:04', '19:53:04', 'ATENDIDO', NULL, 0, 'EFECTIVO', '25.00', 2, '2020-10-24 19:43:05', '2020-10-24 19:43:33'),
(991, NULL, 640, 1, '2020-10-24', '19:48:06', '20:23:06', 'ATENDIDO', NULL, 0, 'EFECTIVO', '20.00', 2, '2020-10-24 19:49:06', '2020-10-24 19:49:17'),
(992, NULL, 564, 1, '2020-10-26', '15:30:32', '16:05:32', 'ATENDIDO', NULL, 0, 'EFECTIVO', '20.00', 2, '2020-10-26 11:19:25', '2020-10-26 15:46:21'),
(993, NULL, 1, 1, '2020-10-26', '13:00:45', '13:35:45', 'ATENDIDO', NULL, 0, 'EFECTIVO', '20.00', 2, '2020-10-26 15:16:06', '2020-10-26 15:16:29'),
(994, NULL, 165, 1, '2020-10-26', '15:40:00', '16:05:00', 'ATENDIDO', NULL, 0, 'EFECTIVO', '20.00', 2, '2020-10-26 16:20:45', '2020-10-26 16:24:05'),
(995, NULL, 1, 1, '2020-10-26', '14:00:48', '14:35:48', 'ATENDIDO', NULL, 0, 'EFECTIVO', '20.00', 2, '2020-10-26 16:30:10', '2020-10-26 16:30:20'),
(996, NULL, 138, 1, '2020-10-26', '13:12:28', '13:47:28', 'ATENDIDO', NULL, 0, 'EFECTIVO', '20.00', 2, '2020-10-26 16:31:19', '2020-10-26 16:31:28'),
(997, NULL, 520, 1, '2020-10-26', '16:51:06', '17:26:06', 'ATENDIDO', NULL, 0, 'EFECTIVO', '20.00', 2, '2020-10-26 17:47:22', '2020-10-26 17:47:42'),
(998, NULL, 641, 1, '2020-10-26', '17:15:12', '17:50:12', 'ATENDIDO', NULL, 0, 'EFECTIVO', '20.00', 2, '2020-10-26 18:07:06', '2020-10-26 19:38:43'),
(999, NULL, 642, 1, '2020-10-26', '18:07:19', '18:42:19', 'ATENDIDO', NULL, 0, 'EFECTIVO', '20.00', 2, '2020-10-26 18:09:30', '2020-10-26 19:38:53'),
(1000, NULL, 643, 1, '2020-10-26', '18:45:27', '19:20:27', 'ATENDIDO', NULL, 0, 'EFECTIVO', '20.00', 2, '2020-10-26 19:38:27', '2020-10-26 19:39:03'),
(1001, NULL, 644, 1, '2020-10-26', '19:15:14', '19:50:14', 'ATENDIDO', NULL, 0, 'EFECTIVO', '20.00', 2, '2020-10-26 20:06:01', '2020-10-26 20:06:14'),
(1002, NULL, 289, 1, '2020-10-28', '22:20:00', '11:25:47', 'ATENDIDO', NULL, 0, 'EFECTIVO', '20.00', 2, '2020-10-27 11:00:07', '2020-10-28 11:14:37'),
(1003, NULL, 111, 1, '2020-10-27', '10:50:15', '11:25:15', 'ATENDIDO', NULL, 0, 'TARJETA', '20.00', 2, '2020-10-27 11:00:39', '2020-10-27 11:46:49'),
(1004, NULL, 596, 2, '2020-10-27', '23:09:12', '23:49:12', 'ATENDIDO', NULL, 0, 'EFECTIVO', '20.00', 2, '2020-10-27 12:05:37', '2020-10-27 12:17:00'),
(1005, NULL, 133, 2, '2020-10-27', '12:00:03', '12:40:03', 'ATENDIDO', NULL, 0, 'EFECTIVO', '20.00', 2, '2020-10-27 12:52:56', '2020-10-27 12:53:40'),
(1006, NULL, 382, 1, '2020-10-27', '12:00:36', '12:35:36', 'ATENDIDO', NULL, 0, 'EFECTIVO', '20.00', 2, '2020-10-27 12:56:53', '2020-10-27 12:57:05'),
(1007, NULL, 423, 1, '2020-10-27', '14:45:25', '15:25:25', 'ATENDIDO', NULL, 0, 'EFECTIVO', '20.00', 2, '2020-10-27 15:23:08', '2020-10-27 15:33:50'),
(1008, NULL, 593, 2, '2020-10-27', '15:00:20', '15:35:20', 'ATENDIDO', NULL, 0, 'EFECTIVO', '20.00', 2, '2020-10-27 15:49:04', '2020-10-27 15:49:15'),
(1009, NULL, 52, 2, '2020-10-27', '15:30:04', '15:35:04', 'ATENDIDO', NULL, 0, 'EFECTIVO', '20.00', 2, '2020-10-27 16:04:47', '2020-10-27 16:05:48'),
(1010, NULL, 645, 1, '2020-10-27', '15:55:21', '16:30:21', 'ATENDIDO', NULL, 0, 'EFECTIVO', '20.00', 2, '2020-10-27 16:31:28', '2020-10-27 16:32:00'),
(1011, NULL, 154, 1, '2020-10-27', '16:32:09', '17:07:09', 'ATENDIDO', NULL, 0, 'EFECTIVO', '20.00', 2, '2020-10-27 16:32:29', '2020-10-27 17:15:30'),
(1012, NULL, 646, 2, '2020-10-27', '15:50:45', '17:13:45', 'ATENDIDO', NULL, 0, 'EFECTIVO', '20.00', 2, '2020-10-27 16:39:50', '2020-10-27 16:40:22'),
(1013, NULL, 569, 2, '2020-10-27', '17:00:34', '17:40:34', 'ATENDIDO', NULL, 0, 'EFECTIVO', '20.00', 2, '2020-10-27 17:53:14', '2020-10-27 18:02:22'),
(1014, NULL, 77, 1, '2020-10-27', '17:25:03', '18:00:03', 'ATENDIDO', NULL, 0, 'EFECTIVO', '20.00', 2, '2020-10-27 18:01:56', '2020-10-27 18:02:08'),
(1015, NULL, 148, 2, '2020-10-27', '17:50:41', '18:25:41', 'ATENDIDO', NULL, 0, 'EFECTIVO', '20.00', 2, '2020-10-27 18:23:57', '2020-10-27 18:24:11'),
(1016, NULL, 478, 2, '2020-10-27', '18:00:20', '18:40:20', 'ATENDIDO', NULL, 0, 'EFECTIVO', '20.00', 2, '2020-10-27 18:56:07', '2020-10-27 18:56:39'),
(1017, NULL, 146, 1, '2020-10-27', '18:30:30', '19:05:30', 'ATENDIDO', NULL, 0, 'EFECTIVO', '20.00', 2, '2020-10-27 19:05:49', '2020-10-27 19:17:02'),
(1018, NULL, 647, 2, '2020-10-27', '18:45:30', '19:25:30', 'ATENDIDO', NULL, 0, 'EFECTIVO', '20.00', 2, '2020-10-27 19:44:10', '2020-10-27 19:44:37'),
(1019, NULL, 345, 1, '2020-10-27', '19:00:44', '19:35:44', 'ATENDIDO', NULL, 0, 'EFECTIVO', '20.00', 2, '2020-10-27 19:45:01', '2020-10-27 19:47:05'),
(1020, NULL, 582, 1, '2020-10-28', '11:15:28', '11:55:28', 'ATENDIDO', NULL, 0, 'EFECTIVO', '20.00', 2, '2020-10-28 12:03:49', '2020-10-28 12:31:45'),
(1021, NULL, 648, 2, '2020-10-28', '17:50:50', '18:10:50', 'ATENDIDO', NULL, 0, 'TARJETA', '20.00', 2, '2020-10-28 12:33:29', '2020-10-28 18:33:08'),
(1022, NULL, 15, 2, '2020-10-28', '15:18:52', '15:58:52', 'ATENDIDO', 4, 0, 'EFECTIVO', '20.00', 2, '2020-10-28 15:20:43', '2020-10-28 16:30:08'),
(1023, NULL, 649, 1, '2020-10-28', '14:45:00', '15:20:00', 'ATENDIDO', NULL, 0, 'EFECTIVO', '20.00', 2, '2020-10-28 15:31:08', '2020-10-28 15:43:09'),
(1024, NULL, 330, 2, '2020-10-28', '16:55:10', '17:35:10', 'ATENDIDO', NULL, 0, 'EFECTIVO', '20.00', 2, '2020-10-28 17:52:40', '2020-10-28 17:54:02'),
(1025, NULL, 650, 2, '2020-10-28', '17:00:56', '17:35:56', 'ATENDIDO', NULL, 0, 'EFECTIVO', '20.00', 2, '2020-10-28 18:24:59', '2020-10-28 18:32:21'),
(1026, NULL, 65, 1, '2020-10-28', '18:00:18', '18:35:18', 'ATENDIDO', NULL, 0, 'EFECTIVO', '20.00', 2, '2020-10-28 18:53:54', '2020-10-28 19:07:27'),
(1027, NULL, 651, 1, '2020-10-28', '18:00:58', '18:40:58', 'ATENDIDO', NULL, 0, 'EFECTIVO', '20.00', 2, '2020-10-28 19:16:32', '2020-10-28 19:17:02'),
(1028, NULL, 158, 1, '2020-10-28', '19:00:10', '19:35:10', 'ATENDIDO', NULL, 0, 'EFECTIVO', '20.00', 2, '2020-10-28 19:35:40', '2020-10-28 19:38:33'),
(1029, NULL, 652, 2, '2020-10-28', '19:05:35', '19:40:35', 'ATENDIDO', NULL, 0, 'EFECTIVO', '20.00', 2, '2020-10-28 19:41:08', '2020-10-28 19:44:33'),
(1030, NULL, 653, 2, '2020-10-28', '20:05:22', '20:40:22', 'ATENDIDO', NULL, 0, 'EFECTIVO', '20.00', 2, '2020-10-28 20:07:23', '2020-10-28 20:10:20'),
(1031, NULL, 92, 2, '2020-10-28', '20:10:35', '20:45:35', 'ATENDIDO', NULL, 0, 'TARJETA', '20.00', 2, '2020-10-28 20:10:53', '2020-10-28 20:12:12'),
(1032, NULL, 654, 1, '2020-10-29', '10:47:59', '11:22:59', 'ATENDIDO', NULL, 0, 'EFECTIVO', '20.00', 2, '2020-10-29 11:17:14', '2020-10-29 11:17:25'),
(1033, NULL, 655, 2, '2020-10-29', '10:30:33', '11:10:33', 'ATENDIDO', NULL, 0, 'EFECTIVO', '20.00', 2, '2020-10-29 11:18:49', '2020-10-29 11:19:02'),
(1034, NULL, 515, 1, '2020-10-29', '11:00:42', '11:35:42', 'ATENDIDO', NULL, 0, 'EFECTIVO', '20.00', 2, '2020-10-29 11:49:06', '2020-10-29 11:49:45'),
(1035, NULL, 656, 2, '2020-10-29', '11:25:21', '00:05:21', 'ATENDIDO', NULL, 0, 'EFECTIVO', '20.00', 2, '2020-10-29 12:04:44', '2020-10-29 12:05:18'),
(1036, NULL, 414, 1, '2020-10-29', '11:55:35', '00:20:35', 'ATENDIDO', NULL, 0, 'EFECTIVO', '20.00', 2, '2020-10-29 12:32:32', '2020-10-29 12:32:57'),
(1037, NULL, 48, 1, '2020-10-29', '12:38:01', '13:18:01', 'ATENDIDO', NULL, 0, 'EFECTIVO', '20.00', 2, '2020-10-29 12:38:32', '2020-10-29 15:02:12'),
(1038, NULL, 1, 2, '2020-10-29', '13:45:18', '14:25:18', 'ATENDIDO', NULL, 0, 'EFECTIVO', '20.00', 2, '2020-10-29 15:06:43', '2020-10-29 15:06:55'),
(1039, NULL, 338, 2, '2020-10-29', '15:41:23', '16:21:23', 'ATENDIDO', NULL, 0, 'EFECTIVO', '20.00', 2, '2020-10-29 15:42:03', '2020-10-29 15:42:22'),
(1040, NULL, 94, 1, '2020-10-29', '18:05:25', '18:50:25', 'ATENDIDO', NULL, 0, 'EFECTIVO', '20.00', 2, '2020-10-29 16:11:47', '2020-10-29 19:16:29'),
(1041, NULL, 471, 2, '2020-10-29', '16:17:49', '16:52:49', 'ATENDIDO', NULL, 0, 'EFECTIVO', '20.00', 2, '2020-10-29 16:52:48', '2020-10-29 16:53:17'),
(1042, NULL, 131, 1, '2020-10-29', '16:27:29', '17:02:29', 'ATENDIDO', NULL, 0, 'TARJETA', '20.00', 2, '2020-10-29 17:02:52', '2020-10-29 17:19:53'),
(1043, NULL, 657, 2, '2020-10-29', '16:53:09', '17:28:09', 'ATENDIDO', NULL, 0, 'EFECTIVO', '20.00', 2, '2020-10-29 17:22:16', '2020-10-29 17:22:31'),
(1044, NULL, 658, 2, '2020-10-29', '18:07:25', '19:10:25', 'ATENDIDO', NULL, 0, 'EFECTIVO', '20.00', 2, '2020-10-29 17:47:22', '2020-10-29 18:42:42'),
(1045, NULL, 543, 1, '2020-10-29', '17:03:25', '17:43:25', 'ATENDIDO', NULL, 0, 'EFECTIVO', '20.00', 2, '2020-10-29 17:55:08', '2020-10-29 17:55:21');
INSERT INTO `citas` (`id`, `codigo`, `cliente`, `empleado`, `fecha`, `hora`, `hora_termino`, `estado`, `promocion`, `tarjeta`, `metodo_pago`, `total`, `created_by`, `created_at`, `updated_at`) VALUES
(1046, NULL, 100, 2, '2020-10-29', '17:06:59', '17:46:59', 'ATENDIDO', NULL, 0, 'EFECTIVO', '20.00', 2, '2020-10-29 18:06:53', '2020-10-29 18:07:07'),
(1047, NULL, 548, 2, '2020-10-29', '18:00:04', '18:40:04', 'ATENDIDO', NULL, 0, 'EFECTIVO', '20.00', 2, '2020-10-29 18:29:41', '2020-10-29 18:29:55'),
(1048, NULL, 135, 2, '2020-10-29', '18:30:30', '19:10:30', 'ATENDIDO', NULL, 0, 'EFECTIVO', '20.00', 2, '2020-10-29 19:15:07', '2020-10-29 19:15:46'),
(1049, NULL, 659, 1, '2020-10-29', '19:58:35', '20:38:35', 'ATENDIDO', NULL, 0, 'EFECTIVO', '20.00', 2, '2020-10-29 20:03:10', '2020-10-29 20:03:36'),
(1050, NULL, 660, 1, '2020-10-30', '10:43:16', '11:18:16', 'ATENDIDO', NULL, 0, 'EFECTIVO', '20.00', 2, '2020-10-30 10:47:50', '2020-10-30 11:25:16'),
(1051, NULL, 661, 1, '2020-10-30', '11:20:26', '12:15:26', 'ATENDIDO', NULL, 0, 'EFECTIVO', '20.00', 2, '2020-10-30 10:56:05', '2020-10-30 12:07:38'),
(1052, NULL, 662, 1, '2020-10-30', '12:10:31', '00:35:31', 'ATENDIDO', NULL, 0, 'EFECTIVO', '20.00', 2, '2020-10-30 11:13:50', '2020-10-30 15:57:00'),
(1053, NULL, 179, 2, '2020-10-30', '11:31:10', '12:06:10', 'ATENDIDO', NULL, 0, 'TARJETA', '20.00', 2, '2020-10-30 11:31:33', '2020-10-30 12:13:14'),
(1054, NULL, 74, 2, '2020-10-30', '15:10:08', '15:50:08', 'ATENDIDO', NULL, 0, 'EFECTIVO', '20.00', 2, '2020-10-30 16:10:53', '2020-10-30 16:38:44'),
(1055, NULL, 130, 2, '2020-10-30', '14:00:46', '14:30:46', 'ATENDIDO', NULL, 0, 'EFECTIVO', '20.00', 2, '2020-10-30 16:41:44', '2020-10-30 19:05:06'),
(1056, NULL, 81, 2, '2020-10-30', '16:00:00', '16:40:00', 'ATENDIDO', NULL, 0, 'EFECTIVO', '20.00', 2, '2020-10-30 16:46:19', '2020-10-30 16:46:49'),
(1057, NULL, 1, 2, '2020-10-30', '12:40:57', '13:20:57', 'ATENDIDO', NULL, 0, 'EFECTIVO', '20.00', 2, '2020-10-30 17:27:17', '2020-10-30 17:27:39'),
(1058, NULL, 121, 2, '2020-10-30', '17:27:43', '18:02:43', 'ATENDIDO', NULL, 0, 'EFECTIVO', '20.00', 2, '2020-10-30 18:04:26', '2020-10-30 18:06:06'),
(1059, NULL, 78, 1, '2020-10-30', '17:10:43', '17:50:43', 'ATENDIDO', NULL, 0, 'EFECTIVO', '20.00', 2, '2020-10-30 18:05:29', '2020-10-30 18:05:49'),
(1060, NULL, 19, 1, '2020-10-30', '18:06:36', '18:41:36', 'ATENDIDO', NULL, 0, 'EFECTIVO', '20.00', 2, '2020-10-30 18:06:52', '2020-10-30 18:44:13'),
(1061, NULL, 663, 2, '2020-10-30', '18:03:50', '18:43:50', 'ATENDIDO', NULL, 0, 'EFECTIVO', '20.00', 2, '2020-10-30 18:41:34', '2020-10-30 18:43:54'),
(1062, NULL, 447, 2, '2020-10-30', '19:25:45', '20:00:45', 'ATENDIDO', NULL, 0, 'EFECTIVO', '20.00', 2, '2020-10-30 19:26:08', '2020-10-30 19:27:29'),
(1063, NULL, 664, 1, '2020-10-31', '11:00:50', '11:35:50', 'ATENDIDO', NULL, 0, 'EFECTIVO', '20.00', 2, '2020-10-31 11:39:19', '2020-10-31 11:46:03'),
(1064, NULL, 665, 2, '2020-10-31', '11:45:22', '00:20:22', 'ATENDIDO', NULL, 0, 'EFECTIVO', '20.00', 2, '2020-10-31 12:25:12', '2020-10-31 12:25:35'),
(1066, NULL, 35, 1, '2020-10-31', '11:37:26', '12:12:26', 'ATENDIDO', NULL, 0, 'EFECTIVO', '20.00', 2, '2020-10-31 15:17:45', '2020-10-31 15:17:54'),
(1067, NULL, 17, 2, '2020-10-31', '12:27:10', '13:02:10', 'ATENDIDO', NULL, 0, 'EFECTIVO', '20.00', 2, '2020-10-31 15:18:57', '2020-10-31 15:19:06'),
(1068, NULL, 79, 2, '2020-10-31', '13:00:37', '13:40:37', 'ATENDIDO', NULL, 0, 'EFECTIVO', '20.00', 2, '2020-10-31 15:20:00', '2020-10-31 15:20:12'),
(1069, NULL, 202, 2, '2020-10-31', '13:48:21', '14:23:21', 'ATENDIDO', NULL, 0, 'EFECTIVO', '20.00', 2, '2020-10-31 15:21:25', '2020-10-31 15:21:37'),
(1070, NULL, 1, 2, '2020-10-31', '13:00:28', '13:40:28', 'ATENDIDO', NULL, 0, 'EFECTIVO', '30.00', 2, '2020-10-31 16:18:02', '2020-10-31 16:18:14'),
(1071, NULL, 666, 2, '2020-10-31', '15:33:29', '16:08:29', 'ATENDIDO', NULL, 0, 'EFECTIVO', '20.00', 2, '2020-10-31 16:20:25', '2020-10-31 16:20:43'),
(1072, NULL, 1, 1, '2020-10-31', '13:30:00', '14:05:00', 'ATENDIDO', NULL, 0, 'EFECTIVO', '20.00', 2, '2020-10-31 16:22:34', '2020-10-31 16:22:46'),
(1073, NULL, 667, 1, '2020-10-31', '15:44:04', '16:19:04', 'ATENDIDO', NULL, 0, 'EFECTIVO', '20.00', 2, '2020-10-31 16:23:49', '2020-10-31 16:25:56'),
(1074, NULL, 668, 1, '2020-10-31', '15:15:04', '15:50:04', 'ATENDIDO', NULL, 0, 'EFECTIVO', '20.00', 2, '2020-10-31 16:25:21', '2020-10-31 16:25:44'),
(1075, NULL, 669, 2, '2020-10-31', '16:20:19', '16:55:19', 'ATENDIDO', NULL, 0, 'EFECTIVO', '20.00', 2, '2020-10-31 16:56:07', '2020-10-31 16:56:34'),
(1076, NULL, 399, 1, '2020-10-31', '16:27:08', '17:07:08', 'ATENDIDO', NULL, 0, 'EFECTIVO', '20.00', 2, '2020-10-31 17:24:00', '2020-10-31 17:24:12'),
(1077, NULL, 550, 1, '2020-10-31', '17:41:02', '18:16:02', 'ATENDIDO', 4, 0, 'TARJETA', '15.00', 2, '2020-10-31 17:41:53', '2020-10-31 18:41:28'),
(1078, NULL, 116, 1, '2020-10-31', '18:40:28', '19:15:28', 'ATENDIDO', NULL, 0, 'EFECTIVO', '20.00', 2, '2020-10-31 18:41:08', '2020-10-31 18:41:41'),
(1079, NULL, 488, 2, '2020-10-31', '17:35:22', '18:10:22', 'ATENDIDO', NULL, 0, 'EFECTIVO', '20.00', 2, '2020-10-31 18:45:39', '2020-10-31 18:45:51'),
(1080, NULL, 670, 2, '2020-10-31', '18:10:15', '18:50:15', 'ATENDIDO', NULL, 0, 'EFECTIVO', '30.00', 2, '2020-10-31 18:55:49', '2020-10-31 18:56:26'),
(1081, NULL, 342, 1, '2020-10-31', '18:41:47', '19:16:47', 'ATENDIDO', NULL, 0, 'EFECTIVO', '20.00', 2, '2020-10-31 19:18:42', '2020-10-31 19:18:54'),
(1082, NULL, 671, 2, '2020-10-31', '19:23:49', '20:03:49', 'ATENDIDO', NULL, 0, 'EFECTIVO', '30.00', 2, '2020-10-31 19:24:43', '2020-10-31 19:36:34'),
(1083, NULL, 332, 1, '2020-11-02', '15:10:27', '15:35:27', 'ATENDIDO', 4, 0, 'EFECTIVO', '15.00', 2, '2020-11-02 11:09:43', '2020-11-02 15:45:04'),
(1084, NULL, 162, 2, '2020-11-02', '11:17:56', '11:57:56', 'ATENDIDO', NULL, 0, 'EFECTIVO', '20.00', 2, '2020-11-02 12:21:28', '2020-11-02 12:21:44'),
(1085, NULL, 672, 1, '2020-11-02', '11:17:47', '11:52:47', 'ATENDIDO', NULL, 0, 'EFECTIVO', '20.00', 2, '2020-11-02 12:24:56', '2020-11-02 12:25:03'),
(1086, NULL, 1, 1, '2020-11-02', '12:20:57', '13:00:57', 'ATENDIDO', NULL, 0, 'EFECTIVO', '20.00', 2, '2020-11-02 15:14:31', '2020-11-02 15:14:48'),
(1087, NULL, 1, 1, '2020-11-02', '13:00:59', '13:35:59', 'ATENDIDO', NULL, 0, 'EFECTIVO', '20.00', 2, '2020-11-02 15:15:19', '2020-11-02 15:15:27'),
(1088, NULL, 673, 2, '2020-11-02', '15:10:22', '15:45:22', 'ATENDIDO', NULL, 0, 'EFECTIVO', '20.00', 2, '2020-11-02 16:10:25', '2020-11-02 16:14:33'),
(1089, NULL, 674, 2, '2020-11-02', '15:33:34', '16:08:34', 'ATENDIDO', NULL, 0, 'EFECTIVO', '20.00', 2, '2020-11-02 16:11:41', '2020-11-02 16:15:03'),
(1090, NULL, 675, 1, '2020-11-02', '15:44:53', '16:19:53', 'ATENDIDO', NULL, 0, 'EFECTIVO', '20.00', 2, '2020-11-02 16:12:49', '2020-11-02 16:16:09'),
(1091, NULL, 676, 2, '2020-11-02', '15:55:23', '16:30:23', 'ATENDIDO', NULL, 0, 'EFECTIVO', '20.00', 2, '2020-11-02 16:29:30', '2020-11-02 16:30:10'),
(1092, NULL, 594, 2, '2020-11-02', '16:10:41', '16:45:41', 'ATENDIDO', NULL, 0, 'EFECTIVO', '20.00', 2, '2020-11-02 16:38:06', '2020-11-02 16:38:26'),
(1093, NULL, 677, 2, '2020-11-02', '16:34:59', '17:09:59', 'ATENDIDO', NULL, 0, 'EFECTIVO', '20.00', 2, '2020-11-02 17:10:23', '2020-11-02 17:10:41'),
(1094, NULL, 542, 1, '2020-11-02', '16:39:02', '17:19:02', 'ATENDIDO', NULL, 0, 'EFECTIVO', '20.00', 2, '2020-11-02 17:31:08', '2020-11-02 17:31:14'),
(1095, NULL, 678, 2, '2020-11-02', '17:10:42', '17:45:42', 'ATENDIDO', NULL, 0, 'EFECTIVO', '20.00', 2, '2020-11-02 17:40:19', '2020-11-02 17:40:27'),
(1096, NULL, 679, 2, '2020-11-02', '17:38:00', '18:18:00', 'ATENDIDO', NULL, 0, 'EFECTIVO', '20.00', 2, '2020-11-02 18:29:39', '2020-11-02 18:29:54'),
(1097, NULL, 60, 1, '2020-11-02', '17:31:53', '18:11:53', 'ATENDIDO', NULL, 0, 'TARJETA', '20.00', 2, '2020-11-02 18:37:13', '2020-11-02 18:43:12'),
(1098, NULL, 680, 2, '2020-11-02', '18:20:17', '18:55:17', 'ATENDIDO', NULL, 0, 'EFECTIVO', '20.00', 2, '2020-11-02 18:51:59', '2020-11-02 18:54:11'),
(1099, NULL, 681, 2, '2020-11-02', '18:53:01', '19:33:01', 'ATENDIDO', NULL, 0, 'EFECTIVO', '20.00', 2, '2020-11-02 19:31:43', '2020-11-02 19:31:57'),
(1100, NULL, 682, 1, '2020-11-02', '18:50:22', '19:30:22', 'ATENDIDO', NULL, 0, 'EFECTIVO', '30.00', 2, '2020-11-02 19:35:08', '2020-11-02 19:35:34'),
(1101, NULL, 433, 2, '2020-11-02', '19:30:38', '20:05:38', 'ATENDIDO', NULL, 0, 'EFECTIVO', '20.00', 2, '2020-11-02 19:57:09', '2020-11-02 19:57:42'),
(1102, NULL, 161, 1, '2020-11-02', '19:35:55', '20:10:55', 'ATENDIDO', NULL, 0, 'EFECTIVO', '20.00', 2, '2020-11-02 20:13:09', '2020-11-02 20:14:47'),
(1103, NULL, 525, 1, '2020-11-03', '10:35:05', '11:10:05', 'ATENDIDO', NULL, 0, 'EFECTIVO', '20.00', 2, '2020-11-03 11:19:15', '2020-11-03 11:19:20'),
(1104, NULL, 411, 2, '2020-11-03', '14:00:42', '14:35:42', 'ATENDIDO', NULL, 0, 'EFECTIVO', '20.00', 2, '2020-11-03 15:36:34', '2020-11-03 15:36:39'),
(1105, NULL, 523, 1, '2020-11-03', '16:04:55', '16:39:55', 'ATENDIDO', NULL, 0, 'TARJETA', '20.00', 2, '2020-11-03 16:44:30', '2020-11-03 16:46:12'),
(1106, NULL, 499, 1, '2020-11-03', '17:07:07', '17:42:07', 'ATENDIDO', NULL, 0, 'EFECTIVO', '20.00', 2, '2020-11-03 17:07:42', '2020-11-03 17:35:49'),
(1107, NULL, 363, 2, '2020-11-03', '17:12:51', '17:42:51', 'ATENDIDO', 1, 0, 'EFECTIVO', '15.00', 2, '2020-11-03 17:09:47', '2020-11-03 17:37:45'),
(1108, NULL, 522, 1, '2020-11-03', '17:36:02', '17:45:02', 'ATENDIDO', NULL, 0, 'EFECTIVO', '20.00', 2, '2020-11-03 17:10:29', '2020-11-03 17:56:47'),
(1109, NULL, 288, 2, '2020-11-03', '17:40:25', '18:15:25', 'ATENDIDO', NULL, 0, 'EFECTIVO', '20.00', 2, '2020-11-03 18:11:20', '2020-11-03 18:57:44'),
(1110, NULL, 359, 2, '2020-11-03', '18:11:28', '18:46:28', 'ATENDIDO', NULL, 0, 'EFECTIVO', '20.00', 2, '2020-11-03 18:53:19', '2020-11-03 19:18:54'),
(1111, NULL, 683, 1, '2020-11-03', '18:25:18', '19:00:18', 'ATENDIDO', NULL, 0, 'EFECTIVO', '20.00', 2, '2020-11-03 19:26:01', '2020-11-03 19:26:19'),
(1112, NULL, 344, 2, '2020-11-03', '18:52:19', '19:32:19', 'ATENDIDO', NULL, 0, 'EFECTIVO', '20.00', 2, '2020-11-03 19:33:26', '2020-11-03 19:33:42'),
(1113, NULL, 684, 2, '2020-11-04', '11:15:10', '11:50:10', 'ATENDIDO', NULL, 0, 'EFECTIVO', '20.00', 2, '2020-11-04 11:58:34', '2020-11-04 11:58:40'),
(1114, NULL, 295, 1, '2020-11-04', '11:08:47', '11:48:47', 'ATENDIDO', NULL, 0, 'EFECTIVO', '20.00', 2, '2020-11-04 12:11:50', '2020-11-04 12:11:56'),
(1115, NULL, 504, 2, '2020-11-04', '12:00:34', '12:35:34', 'ATENDIDO', NULL, 0, 'EFECTIVO', '20.00', 2, '2020-11-04 12:27:56', '2020-11-04 12:28:03'),
(1116, NULL, 1, 2, '2020-11-04', '14:00:00', '14:40:00', 'ATENDIDO', NULL, 0, 'EFECTIVO', '20.00', 2, '2020-11-04 15:01:00', '2020-11-04 15:01:17'),
(1117, NULL, 685, 1, '2020-11-04', '15:07:00', '15:42:00', 'ATENDIDO', NULL, 0, 'EFECTIVO', '20.00', 2, '2020-11-04 15:08:53', '2020-11-04 15:09:01'),
(1118, NULL, 686, 2, '2020-11-04', '15:08:59', '16:28:59', 'ATENDIDO', NULL, 0, 'EFECTIVO', '20.00', 2, '2020-11-04 15:56:04', '2020-11-04 15:58:18'),
(1119, NULL, 687, 1, '2020-11-04', '15:21:09', '16:31:09', 'ATENDIDO', NULL, 0, 'EFECTIVO', '20.00', 2, '2020-11-04 15:56:59', '2020-11-04 15:58:48'),
(1120, NULL, 1, 2, '2020-11-04', '12:27:35', '13:07:35', 'ATENDIDO', NULL, 0, 'EFECTIVO', '20.00', 2, '2020-11-04 16:00:07', '2020-11-04 16:00:11'),
(1121, NULL, 1, 1, '2020-11-04', '12:17:16', '12:57:16', 'ATENDIDO', NULL, 0, 'EFECTIVO', '20.00', 2, '2020-11-04 16:00:35', '2020-11-04 16:00:39'),
(1122, NULL, 315, 2, '2020-11-04', '15:55:57', '16:30:57', 'ATENDIDO', NULL, 0, 'EFECTIVO', '20.00', 2, '2020-11-04 16:30:28', '2020-11-04 16:30:34'),
(1123, NULL, 688, 1, '2020-11-04', '15:46:40', '16:26:40', 'ATENDIDO', NULL, 0, 'EFECTIVO', '20.00', 2, '2020-11-04 16:35:41', '2020-11-04 16:35:48'),
(1124, NULL, 347, 1, '2020-11-04', '18:52:48', '18:40:48', 'ATENDIDO', 3, 0, 'EFECTIVO', '20.00', 2, '2020-11-04 17:19:13', '2020-11-04 19:37:07'),
(1125, NULL, 86, 2, '2020-11-04', '17:18:08', '17:58:08', 'ATENDIDO', NULL, 0, 'EFECTIVO', '20.00', 2, '2020-11-04 18:12:17', '2020-11-04 18:14:16'),
(1126, NULL, 118, 2, '2020-11-05', '15:00:41', '15:40:41', 'ATENDIDO', 3, 0, 'EFECTIVO', '15.00', 2, '2020-11-04 18:20:22', '2020-11-05 16:06:02'),
(1127, NULL, 689, 1, '2020-11-04', '18:06:36', '18:41:36', 'ATENDIDO', NULL, 0, 'EFECTIVO', '20.00', 2, '2020-11-04 18:49:24', '2020-11-04 18:49:42'),
(1128, NULL, 1, 2, '2020-11-05', '13:00:52', '13:40:52', 'ATENDIDO', NULL, 0, 'EFECTIVO', '20.00', 2, '2020-11-05 15:03:48', '2020-11-05 15:04:46'),
(1129, NULL, 1, 2, '2020-11-05', '13:55:59', '14:30:59', 'ATENDIDO', NULL, 0, 'EFECTIVO', '20.00', 2, '2020-11-05 15:05:32', '2020-11-05 15:05:38'),
(1130, NULL, 1, 1, '2020-11-05', '12:30:43', '13:05:43', 'ATENDIDO', NULL, 0, 'EFECTIVO', '20.00', 2, '2020-11-05 15:06:06', '2020-11-05 15:06:17'),
(1131, NULL, 1, 2, '2020-11-05', '12:52:29', '13:32:29', 'ATENDIDO', NULL, 0, 'EFECTIVO', '20.00', 2, '2020-11-05 15:08:13', '2020-11-05 15:08:26'),
(1132, NULL, 690, 1, '2020-11-05', '15:20:04', '15:55:04', 'ATENDIDO', NULL, 0, 'EFECTIVO', '20.00', 2, '2020-11-05 15:21:21', '2020-11-05 15:21:32'),
(1133, NULL, 1, 1, '2020-11-05', '13:00:20', '13:35:20', 'ATENDIDO', NULL, 0, 'EFECTIVO', '20.00', 2, '2020-11-05 15:22:37', '2020-11-05 15:24:45'),
(1134, NULL, 301, 1, '2020-11-05', '15:32:34', '16:39:34', 'ATENDIDO', NULL, 0, 'EFECTIVO', '20.00', 2, '2020-11-05 16:05:41', '2020-11-05 16:05:56'),
(1135, NULL, 190, 2, '2020-11-05', '15:37:26', '16:12:26', 'ATENDIDO', NULL, 0, 'EFECTIVO', '20.00', 2, '2020-11-05 16:15:54', '2020-11-05 16:16:03'),
(1136, NULL, 691, 2, '2020-11-05', '16:00:20', '16:40:20', 'ATENDIDO', NULL, 0, 'EFECTIVO', '20.00', 2, '2020-11-05 16:59:08', '2020-11-05 18:05:12'),
(1137, NULL, 22, 2, '2020-11-05', '17:10:33', '17:50:33', 'ATENDIDO', NULL, 0, 'EFECTIVO', '20.00', 2, '2020-11-05 18:10:31', '2020-11-05 18:10:39'),
(1138, NULL, 425, 2, '2020-11-05', '18:08:12', '18:43:12', 'ATENDIDO', NULL, 0, 'EFECTIVO', '20.00', 2, '2020-11-05 18:39:56', '2020-11-05 18:40:47'),
(1139, NULL, 424, 1, '2020-11-05', '18:35:05', '19:10:05', 'ATENDIDO', NULL, 0, 'EFECTIVO', '20.00', 2, '2020-11-05 18:40:25', '2020-11-05 19:08:39'),
(1140, NULL, 333, 2, '2020-11-05', '19:35:44', '20:10:44', 'ATENDIDO', NULL, 0, 'TARJETA', '20.00', 2, '2020-11-05 19:36:41', '2020-11-05 19:39:06'),
(1141, NULL, 427, 1, '2020-11-05', '19:10:55', '19:45:55', 'ATENDIDO', NULL, 0, 'EFECTIVO', '20.00', 2, '2020-11-05 19:42:43', '2020-11-05 19:42:50'),
(1142, NULL, 71, 2, '2020-11-06', '10:48:28', '11:28:28', 'ATENDIDO', NULL, 0, 'EFECTIVO', '20.00', 2, '2020-11-06 11:33:27', '2020-11-06 11:33:34'),
(1143, NULL, 692, 1, '2020-11-06', '12:23:04', '13:03:04', 'ATENDIDO', NULL, 0, 'EFECTIVO', '20.00', 2, '2020-11-06 12:24:34', '2020-11-06 15:00:46'),
(1144, NULL, 693, 2, '2020-11-06', '11:32:17', '00:12:17', 'ATENDIDO', NULL, 0, 'EFECTIVO', '20.00', 2, '2020-11-06 12:31:58', '2020-11-06 12:32:15'),
(1145, NULL, 47, 2, '2020-11-06', '15:08:23', '15:43:23', 'ATENDIDO', NULL, 0, 'EFECTIVO', '20.00', 2, '2020-11-06 15:09:01', '2020-11-06 15:09:22'),
(1146, NULL, 694, 1, '2020-11-06', '15:17:25', '15:52:25', 'ATENDIDO', NULL, 0, 'TARJETA', '20.00', 2, '2020-11-06 15:18:51', '2020-11-06 15:20:53'),
(1147, NULL, 1, 1, '2020-11-06', '15:21:15', '16:01:15', 'ATENDIDO', NULL, 0, 'EFECTIVO', '20.00', 2, '2020-11-06 15:22:21', '2020-11-06 16:51:26'),
(1148, NULL, 326, 1, '2020-11-06', '15:50:35', '16:30:35', 'ATENDIDO', NULL, 0, 'TARJETA', '30.00', 2, '2020-11-06 16:51:04', '2020-11-06 16:51:42'),
(1149, NULL, 695, 2, '2020-11-06', '16:32:09', '17:07:09', 'ATENDIDO', NULL, 0, 'EFECTIVO', '20.00', 2, '2020-11-06 17:11:05', '2020-11-06 17:11:13'),
(1150, NULL, 696, 1, '2020-11-07', '23:14:08', '23:40:08', 'ATENDIDO', NULL, 0, 'EFECTIVO', '20.00', 2, '2020-11-06 18:22:01', '2020-11-07 12:27:35'),
(1151, NULL, 247, 1, '2020-11-06', '18:38:56', '19:13:56', 'ATENDIDO', NULL, 0, 'TARJETA', '20.00', 2, '2020-11-06 19:13:28', '2020-11-06 19:13:52'),
(1152, NULL, 646, 2, '2020-11-07', '23:10:25', '23:45:25', 'ATENDIDO', NULL, 0, 'EFECTIVO', '20.00', 2, '2020-11-07 12:14:55', '2020-11-07 12:15:30'),
(1153, NULL, 1, 2, '2020-11-07', '12:10:14', '12:50:14', 'ATENDIDO', NULL, 0, 'EFECTIVO', '20.00', 2, '2020-11-07 15:04:47', '2020-11-07 15:04:57'),
(1154, NULL, 1, 1, '2020-11-07', '12:42:14', '13:17:14', 'ATENDIDO', NULL, 0, 'EFECTIVO', '20.00', 2, '2020-11-07 15:05:42', '2020-11-07 15:05:53'),
(1155, NULL, 163, 2, '2020-11-07', '14:47:01', '15:27:01', 'ATENDIDO', NULL, 0, 'EFECTIVO', '20.00', 2, '2020-11-07 15:06:39', '2020-11-07 15:06:48'),
(1156, NULL, 1, 1, '2020-11-07', '15:07:03', '15:42:03', 'ATENDIDO', NULL, 0, 'EFECTIVO', '20.00', 2, '2020-11-07 15:07:27', '2020-11-07 15:07:57'),
(1157, NULL, 53, 2, '2020-11-07', '15:08:41', '15:48:41', 'ATENDIDO', NULL, 0, 'EFECTIVO', '20.00', 2, '2020-11-07 15:10:16', '2020-11-07 15:10:30'),
(1158, NULL, 257, 2, '2020-11-07', '15:08:50', '15:48:50', 'ATENDIDO', NULL, 0, 'EFECTIVO', '30.00', 2, '2020-11-07 15:11:33', '2020-11-07 15:47:53'),
(1159, NULL, 697, 1, '2020-11-07', '15:00:26', '15:35:26', 'ATENDIDO', NULL, 0, 'EFECTIVO', '20.00', 2, '2020-11-07 15:45:30', '2020-11-07 15:45:40'),
(1160, NULL, 698, 2, '2020-11-07', '15:51:48', '16:21:48', 'ATENDIDO', NULL, 0, 'EFECTIVO', '20.00', 2, '2020-11-07 16:44:31', '2020-11-07 16:45:24'),
(1161, NULL, 699, 1, '2020-11-07', '15:45:42', '16:25:42', 'ATENDIDO', NULL, 0, 'EFECTIVO', '35.00', 2, '2020-11-07 17:05:25', '2020-11-07 17:05:36'),
(1162, NULL, 231, 1, '2020-11-07', '17:05:48', '17:45:48', 'ATENDIDO', NULL, 0, 'EFECTIVO', '20.00', 2, '2020-11-07 17:47:26', '2020-11-07 17:47:40'),
(1163, NULL, 273, 2, '2020-11-07', '17:30:24', '18:10:24', 'ATENDIDO', NULL, 0, 'EFECTIVO', '20.00', 2, '2020-11-07 18:20:44', '2020-11-07 18:21:00'),
(1164, NULL, 251, 1, '2020-11-07', '18:00:11', '18:35:11', 'ATENDIDO', NULL, 0, 'EFECTIVO', '20.00', 2, '2020-11-07 18:43:42', '2020-11-07 18:43:56'),
(1165, NULL, 360, 2, '2020-11-07', '18:10:48', '18:50:48', 'ATENDIDO', NULL, 0, 'EFECTIVO', '20.00', 2, '2020-11-07 18:55:07', '2020-11-07 18:55:14'),
(1166, NULL, 700, 2, '2020-11-07', '19:24:13', '19:59:13', 'ATENDIDO', NULL, 0, 'EFECTIVO', '20.00', 2, '2020-11-07 19:29:18', '2020-11-07 19:29:28'),
(1167, NULL, 701, 1, '2020-11-07', '19:29:35', '20:04:35', 'ATENDIDO', NULL, 0, 'EFECTIVO', '20.00', 2, '2020-11-07 19:32:32', '2020-11-07 19:32:43'),
(1168, NULL, 1, 4, '2020-11-09', '12:00:00', '12:40:00', 'ATENDIDO', NULL, 0, 'TARJETA', '20.00', 2, '2020-11-09 12:24:35', '2020-11-09 12:25:07'),
(1169, NULL, 1, 1, '2020-11-09', '12:33:05', '13:08:05', 'ATENDIDO', NULL, 0, 'EFECTIVO', '20.00', 2, '2020-11-09 15:19:27', '2020-11-09 15:19:36'),
(1170, NULL, 702, 1, '2020-11-09', '15:22:49', '16:02:49', 'ATENDIDO', NULL, 0, 'EFECTIVO', '20.00', 2, '2020-11-09 15:25:53', '2020-11-09 15:26:02'),
(1171, NULL, 382, 1, '2020-11-09', '15:25:11', '16:00:11', 'ATENDIDO', NULL, 0, 'EFECTIVO', '20.00', 2, '2020-11-09 16:20:32', '2020-11-09 16:20:50'),
(1172, NULL, 703, 4, '2020-11-09', '15:42:22', '16:17:22', 'ATENDIDO', NULL, 0, 'EFECTIVO', '20.00', 2, '2020-11-09 16:44:52', '2020-11-09 16:44:59'),
(1173, NULL, 704, 1, '2020-11-09', '16:15:36', '16:55:36', 'ATENDIDO', NULL, 0, 'EFECTIVO', '20.00', 2, '2020-11-09 17:16:20', '2020-11-09 17:16:28'),
(1174, NULL, 1, 2, '2020-11-09', '13:00:58', '13:40:58', 'ATENDIDO', NULL, 0, 'EFECTIVO', '20.00', 2, '2020-11-09 17:17:18', '2020-11-09 17:17:23'),
(1175, NULL, 339, 2, '2020-11-09', '16:57:05', '17:37:05', 'ATENDIDO', NULL, 0, 'EFECTIVO', '20.00', 2, '2020-11-09 17:43:01', '2020-11-09 17:43:22'),
(1176, NULL, 143, 1, '2020-11-09', '18:36:39', '19:11:39', 'ATENDIDO', NULL, 0, 'EFECTIVO', '20.00', 2, '2020-11-09 19:11:12', '2020-11-09 19:30:28'),
(1177, NULL, 187, 1, '2020-11-09', '19:15:05', '19:50:05', 'ATENDIDO', NULL, 0, 'EFECTIVO', '20.00', 2, '2020-11-09 19:50:18', '2020-11-09 20:06:45'),
(1178, NULL, 705, 4, '2020-11-10', '11:48:29', '00:23:29', 'ATENDIDO', NULL, 0, 'EFECTIVO', '20.00', 2, '2020-11-10 12:19:21', '2020-11-10 12:55:49'),
(1179, NULL, 59, 2, '2020-11-10', '12:10:00', '12:50:00', 'ATENDIDO', NULL, 0, 'TARJETA', '20.00', 2, '2020-11-10 12:54:32', '2020-11-10 12:55:43'),
(1180, NULL, 1, 2, '2020-11-10', '12:56:46', '13:36:46', 'ATENDIDO', NULL, 0, 'EFECTIVO', '20.00', 2, '2020-11-10 12:57:01', '2020-11-10 15:09:32'),
(1181, NULL, 325, 1, '2020-11-10', '14:45:38', '15:25:38', 'ATENDIDO', NULL, 0, 'EFECTIVO', '30.00', 2, '2020-11-10 15:21:19', '2020-11-10 15:51:30'),
(1182, NULL, 706, 4, '2020-11-10', '15:15:18', '15:55:18', 'ATENDIDO', NULL, 0, 'EFECTIVO', '30.00', 2, '2020-11-10 16:22:13', '2020-11-10 16:22:57'),
(1183, NULL, 55, 1, '2020-11-10', '15:51:12', '16:26:12', 'ATENDIDO', NULL, 0, 'EFECTIVO', '20.00', 2, '2020-11-10 16:39:23', '2020-11-10 16:39:33'),
(1184, NULL, 456, 1, '2020-11-10', '16:39:41', '17:14:41', 'ATENDIDO', NULL, 0, 'EFECTIVO', '20.00', 2, '2020-11-10 16:39:55', '2020-11-10 17:18:54'),
(1185, NULL, 370, 2, '2020-11-10', '16:22:12', '16:57:12', 'ATENDIDO', NULL, 0, 'TARJETA', '20.00', 2, '2020-11-10 16:51:46', '2020-11-10 16:52:31'),
(1186, NULL, 707, 2, '2020-11-10', '16:53:21', '17:28:21', 'ATENDIDO', NULL, 0, 'EFECTIVO', '20.00', 2, '2020-11-10 17:34:31', '2020-11-10 17:34:40'),
(1187, NULL, 590, 4, '2020-11-10', '17:20:05', '18:00:05', 'ATENDIDO', NULL, 0, 'EFECTIVO', '20.00', 2, '2020-11-10 18:39:21', '2020-11-10 18:39:29'),
(1188, NULL, 204, 1, '2020-11-10', '18:16:35', '18:51:35', 'ATENDIDO', NULL, 0, 'EFECTIVO', '20.00', 2, '2020-11-10 19:16:26', '2020-11-10 19:17:01'),
(1189, NULL, 708, 1, '2020-11-10', '19:14:45', '19:54:45', 'ATENDIDO', NULL, 0, 'EFECTIVO', '20.00', 2, '2020-11-10 20:14:45', '2020-11-10 20:14:55'),
(1190, NULL, 709, 2, '2020-11-10', '17:40:26', '19:40:26', 'ATENDIDO', NULL, 0, 'EFECTIVO', '80.00', 2, '2020-11-10 20:26:38', '2020-11-10 20:30:57'),
(1191, NULL, 558, 1, '2020-11-11', '10:37:41', '11:01:41', 'ATENDIDO', 4, 0, 'EFECTIVO', '15.00', 2, '2020-11-11 10:27:03', '2020-11-11 12:18:55'),
(1192, NULL, 244, 1, '2020-11-11', '11:35:25', '12:10:25', 'ATENDIDO', NULL, 0, 'EFECTIVO', '20.00', 2, '2020-11-11 10:59:56', '2020-11-11 12:18:45'),
(1193, NULL, 390, 2, '2020-11-12', '11:20:40', '10:50:40', 'ATENDIDO', NULL, 0, 'EFECTIVO', '20.00', 2, '2020-11-11 11:23:02', '2020-11-12 12:06:24'),
(1194, NULL, 710, 2, '2020-11-11', '11:56:27', '00:36:27', 'ATENDIDO', NULL, 0, 'EFECTIVO', '20.00', 2, '2020-11-11 12:35:27', '2020-11-11 12:35:42'),
(1195, NULL, 1, 2, '2020-11-11', '12:35:48', '13:10:48', 'ATENDIDO', NULL, 0, 'EFECTIVO', '20.00', 2, '2020-11-11 12:36:03', '2020-11-11 15:09:59'),
(1196, NULL, 1, 1, '2020-11-11', '12:40:39', '13:15:39', 'ATENDIDO', NULL, 0, 'EFECTIVO', '20.00', 2, '2020-11-11 12:40:52', '2020-11-11 15:10:05'),
(1197, NULL, 1, 4, '2020-11-11', '12:55:25', '13:30:25', 'ATENDIDO', NULL, 0, 'EFECTIVO', '20.00', 2, '2020-11-11 12:55:35', '2020-11-11 15:10:13'),
(1198, NULL, 554, 2, '2020-11-11', '13:45:07', '14:25:07', 'ATENDIDO', NULL, 0, 'EFECTIVO', '20.00', 2, '2020-11-11 15:11:45', '2020-11-11 15:12:45'),
(1199, NULL, 647, 2, '2020-11-11', '14:16:49', '14:56:49', 'ATENDIDO', NULL, 0, 'EFECTIVO', '20.00', 2, '2020-11-11 15:12:38', '2020-11-11 15:12:52'),
(1200, NULL, 429, 2, '2020-11-11', '15:09:52', '15:44:52', 'ATENDIDO', NULL, 0, 'EFECTIVO', '20.00', 2, '2020-11-11 15:32:25', '2020-11-11 15:32:45'),
(1201, NULL, 1, 1, '2020-11-11', '13:30:12', '14:05:12', 'ATENDIDO', NULL, 0, 'EFECTIVO', '20.00', 2, '2020-11-11 15:33:28', '2020-11-11 15:33:36'),
(1202, NULL, 183, 1, '2020-11-11', '15:44:13', '16:19:13', 'ATENDIDO', 3, 0, 'EFECTIVO', '40.00', 2, '2020-11-11 15:44:54', '2020-11-11 17:15:28'),
(1203, NULL, 534, 1, '2020-11-11', '17:15:10', '17:50:10', 'ATENDIDO', NULL, 0, 'EFECTIVO', '20.00', 2, '2020-11-11 18:05:21', '2020-11-11 18:12:08'),
(1204, NULL, 111, 1, '2020-11-11', '18:11:36', '18:51:36', 'ATENDIDO', NULL, 0, 'TARJETA', '20.00', 2, '2020-11-11 18:11:55', '2020-11-11 19:07:07'),
(1205, NULL, 711, 4, '2020-11-11', '18:51:26', '19:36:26', 'ATENDIDO', NULL, 0, 'EFECTIVO', '15.00', 2, '2020-11-11 18:53:41', '2020-11-11 18:53:53'),
(1206, NULL, 712, 2, '2020-11-11', '19:10:47', '19:50:47', 'ATENDIDO', NULL, 0, 'EFECTIVO', '20.00', 2, '2020-11-11 19:45:40', '2020-11-11 19:45:51'),
(1207, NULL, 713, 4, '2020-11-11', '19:24:11', '20:09:11', 'ATENDIDO', NULL, 0, 'TARJETA', '15.00', 2, '2020-11-11 20:17:09', '2020-11-11 20:17:44'),
(1208, NULL, 526, 1, '2020-11-11', '19:49:47', '20:29:47', 'ATENDIDO', NULL, 0, 'EFECTIVO', '30.00', 2, '2020-11-11 20:36:54', '2020-11-11 20:37:55'),
(1209, NULL, 168, 2, '2020-11-12', '12:06:05', '00:35:05', 'ATENDIDO', NULL, 0, 'EFECTIVO', '20.00', 2, '2020-11-12 11:26:32', '2020-11-12 12:54:17'),
(1210, NULL, 460, 4, '2020-11-12', '10:15:25', '23:00:25', 'ATENDIDO', NULL, 0, 'EFECTIVO', '15.00', 2, '2020-11-12 12:12:10', '2020-11-12 12:13:07'),
(1211, NULL, 289, 1, '2020-11-12', '11:10:28', '23:50:28', 'ATENDIDO', NULL, 0, 'EFECTIVO', '20.00', 2, '2020-11-12 12:16:54', '2020-11-12 12:17:11'),
(1212, NULL, 587, 4, '2020-11-12', '12:10:54', '12:55:54', 'ATENDIDO', NULL, 0, 'EFECTIVO', '15.00', 2, '2020-11-12 13:07:39', '2020-11-12 13:07:47'),
(1213, NULL, 1, 2, '2020-11-12', '12:40:53', '13:20:53', 'ATENDIDO', NULL, 0, 'EFECTIVO', '30.00', 2, '2020-11-12 13:08:13', '2020-11-12 14:59:00'),
(1214, NULL, 1, 1, '2020-11-12', '12:51:46', '13:31:46', 'ATENDIDO', NULL, 0, 'EFECTIVO', '20.00', 2, '2020-11-12 13:16:05', '2020-11-12 15:32:33'),
(1215, NULL, 1, 2, '2020-11-12', '14:36:04', '15:16:04', 'ATENDIDO', NULL, 0, 'EFECTIVO', '20.00', 2, '2020-11-12 14:59:29', '2020-11-12 15:01:03'),
(1216, NULL, 255, 1, '2020-11-12', '14:10:12', '14:50:12', 'ATENDIDO', NULL, 0, 'EFECTIVO', '20.00', 2, '2020-11-12 15:14:45', '2020-11-12 15:29:35'),
(1217, NULL, 714, 1, '2020-11-12', '15:20:53', '15:55:53', 'ATENDIDO', NULL, 0, 'EFECTIVO', '20.00', 2, '2020-11-12 15:52:20', '2020-11-12 15:52:50'),
(1218, NULL, 715, 2, '2020-11-12', '16:44:50', '17:24:50', 'ATENDIDO', NULL, 0, 'EFECTIVO', '20.00', 2, '2020-11-12 16:49:42', '2020-11-12 17:19:54'),
(1219, NULL, 495, 2, '2020-11-12', '17:21:08', '18:01:08', 'ATENDIDO', NULL, 0, 'EFECTIVO', '20.00', 2, '2020-11-12 17:19:31', '2020-11-12 18:07:04'),
(1220, NULL, 195, 2, '2020-11-12', '16:49:27', '17:24:27', 'ATENDIDO', NULL, 0, 'EFECTIVO', '20.00', 2, '2020-11-12 17:24:43', '2020-11-12 17:24:51'),
(1221, NULL, 299, 1, '2020-11-12', '16:47:04', '17:22:04', 'ATENDIDO', NULL, 0, 'EFECTIVO', '20.00', 2, '2020-11-12 17:32:07', '2020-11-12 18:07:35'),
(1222, NULL, 430, 4, '2020-11-12', '18:26:13', '19:06:13', 'ATENDIDO', NULL, 0, 'EFECTIVO', '30.00', 2, '2020-11-12 18:26:29', '2020-11-12 19:12:57'),
(1223, NULL, 716, 2, '2020-11-12', '18:20:47', '19:00:47', 'ATENDIDO', NULL, 0, 'EFECTIVO', '20.00', 2, '2020-11-12 18:27:03', '2020-11-12 19:17:22'),
(1224, NULL, 316, 1, '2020-11-12', '18:28:02', '19:03:02', 'ATENDIDO', NULL, 0, 'EFECTIVO', '20.00', 2, '2020-11-12 19:14:34', '2020-11-12 19:15:02'),
(1225, NULL, 130, 1, '2020-11-12', '19:15:19', '19:50:19', 'ATENDIDO', NULL, 0, 'EFECTIVO', '20.00', 2, '2020-11-12 19:15:42', '2020-11-12 20:04:10'),
(1226, NULL, 717, 2, '2020-11-12', '19:00:13', '19:40:13', 'ATENDIDO', NULL, 0, 'EFECTIVO', '20.00', 2, '2020-11-12 19:19:49', '2020-11-12 19:31:44'),
(1227, NULL, 1, 4, '2020-11-12', '19:35:14', '20:20:14', 'ATENDIDO', NULL, 0, 'TARJETA', '15.00', 2, '2020-11-12 19:47:52', '2020-11-12 19:48:37'),
(1228, NULL, 652, 2, '2020-11-13', '10:22:31', '11:02:31', 'ATENDIDO', NULL, 0, 'EFECTIVO', '20.00', 2, '2020-11-13 11:20:50', '2020-11-13 11:21:07'),
(1229, NULL, 530, 1, '2020-11-13', '10:37:43', '11:17:43', 'ATENDIDO', NULL, 0, 'EFECTIVO', '20.00', 2, '2020-11-13 11:40:13', '2020-11-13 11:57:58'),
(1230, NULL, 96, 2, '2020-11-13', '12:00:41', '12:35:41', 'ATENDIDO', NULL, 0, 'EFECTIVO', '20.00', 2, '2020-11-13 12:33:21', '2020-11-13 12:33:31'),
(1231, NULL, 718, 2, '2020-11-13', '15:09:56', '15:44:56', 'ATENDIDO', NULL, 0, 'EFECTIVO', '20.00', 2, '2020-11-13 15:11:14', '2020-11-13 15:11:29'),
(1232, NULL, 256, 1, '2020-11-13', '15:32:29', '16:12:29', 'ATENDIDO', NULL, 0, 'EFECTIVO', '20.00', 2, '2020-11-13 15:32:43', '2020-11-13 15:43:57'),
(1233, NULL, 440, 2, '2020-11-13', '17:15:55', '17:55:55', 'ATENDIDO', NULL, 0, 'EFECTIVO', '20.00', 2, '2020-11-13 17:50:49', '2020-11-13 17:51:15'),
(1234, NULL, 175, 1, '2020-11-13', '17:21:14', '17:56:14', 'ATENDIDO', NULL, 0, 'EFECTIVO', '20.00', 2, '2020-11-13 17:53:46', '2020-11-13 18:04:07'),
(1235, NULL, 140, 2, '2020-11-13', '17:51:22', '18:31:22', 'ATENDIDO', NULL, 0, 'EFECTIVO', '30.00', 2, '2020-11-13 18:14:08', '2020-11-13 18:14:20'),
(1236, NULL, 719, 4, '2020-11-13', '17:52:50', '18:37:50', 'ATENDIDO', NULL, 0, 'EFECTIVO', '15.00', 2, '2020-11-13 18:41:10', '2020-11-13 18:41:22'),
(1237, NULL, 420, 1, '2020-11-14', '10:30:39', '11:05:39', 'ATENDIDO', NULL, 0, 'EFECTIVO', '20.00', 2, '2020-11-14 11:03:31', '2020-11-14 11:04:36'),
(1238, NULL, 92, 2, '2020-11-14', '11:53:12', '00:28:12', 'ATENDIDO', NULL, 0, 'EFECTIVO', '20.00', 2, '2020-11-14 12:26:25', '2020-11-14 12:26:39'),
(1239, NULL, 354, 1, '2020-11-14', '11:54:34', '00:34:34', 'ATENDIDO', NULL, 0, 'EFECTIVO', '20.00', 2, '2020-11-14 13:01:41', '2020-11-14 13:02:43'),
(1240, NULL, 1, 4, '2020-11-14', '12:31:41', '13:16:41', 'EN PROCESO', NULL, 0, 'EFECTIVO', '15.00', 2, '2020-11-14 13:04:36', '2020-11-14 13:04:44'),
(1241, NULL, 720, 4, '2020-11-14', '14:54:52', '15:39:52', 'ATENDIDO', NULL, 0, 'EFECTIVO', '15.00', 2, '2020-11-14 15:04:51', '2020-11-14 15:05:10'),
(1242, NULL, 1, 2, '2020-11-14', '14:29:00', '15:09:00', 'ATENDIDO', NULL, 0, 'EFECTIVO', '20.00', 2, '2020-11-14 15:08:00', '2020-11-14 15:08:14'),
(1243, NULL, 348, 1, '2020-11-14', '15:21:41', '16:01:41', 'ATENDIDO', NULL, 0, 'EFECTIVO', '30.00', 2, '2020-11-14 15:23:09', '2020-11-14 15:23:17'),
(1244, NULL, 103, 2, '2020-11-14', '15:23:26', '16:03:26', 'ATENDIDO', NULL, 0, 'EFECTIVO', '30.00', 2, '2020-11-14 15:24:46', '2020-11-14 15:25:05'),
(1245, NULL, 481, 2, '2020-11-14', '15:25:49', '16:00:49', 'ATENDIDO', NULL, 0, 'EFECTIVO', '20.00', 2, '2020-11-14 15:59:53', '2020-11-14 16:00:02'),
(1246, NULL, 116, 1, '2020-11-14', '15:38:31', '16:13:31', 'ATENDIDO', NULL, 0, 'EFECTIVO', '20.00', 2, '2020-11-14 16:32:05', '2020-11-14 16:32:36'),
(1247, NULL, 397, 2, '2020-11-14', '16:14:31', '16:49:31', 'ATENDIDO', NULL, 0, 'EFECTIVO', '20.00', 2, '2020-11-14 16:55:35', '2020-11-14 16:55:41'),
(1248, NULL, 721, 4, '2020-11-14', '16:37:51', '17:22:51', 'ATENDIDO', NULL, 0, 'EFECTIVO', '15.00', 2, '2020-11-14 17:27:27', '2020-11-14 17:27:35'),
(1249, NULL, 722, 2, '2020-11-14', '17:05:50', '17:40:50', 'ATENDIDO', NULL, 0, 'TARJETA', '20.00', 2, '2020-11-14 17:30:30', '2020-11-14 17:33:23'),
(1250, NULL, 541, 1, '2020-11-14', '16:30:46', '17:10:46', 'ATENDIDO', NULL, 0, 'EFECTIVO', '20.00', 2, '2020-11-14 17:32:23', '2020-11-14 17:32:31'),
(1251, NULL, 723, 1, '2020-11-14', '17:32:32', '18:12:32', 'ATENDIDO', NULL, 0, 'EFECTIVO', '20.00', 2, '2020-11-14 18:07:25', '2020-11-14 18:08:03'),
(1252, NULL, 724, 1, '2020-11-14', '18:06:53', '18:41:53', 'ATENDIDO', NULL, 0, 'EFECTIVO', '20.00', 2, '2020-11-14 18:44:38', '2020-11-14 18:45:22'),
(1253, NULL, 725, 2, '2020-11-14', '18:25:39', '19:00:39', 'ATENDIDO', NULL, 0, 'EFECTIVO', '20.00', 2, '2020-11-14 18:46:51', '2020-11-14 18:48:28'),
(1254, NULL, 726, 4, '2020-11-14', '18:48:46', '19:33:46', 'ATENDIDO', NULL, 0, 'EFECTIVO', '15.00', 2, '2020-11-14 18:50:06', '2020-11-14 20:17:21'),
(1255, NULL, 457, 1, '2020-11-14', '19:34:34', '20:09:34', 'ATENDIDO', NULL, 0, 'EFECTIVO', '20.00', 2, '2020-11-14 20:16:05', '2020-11-14 20:16:39'),
(1256, NULL, 708, 1, '2020-11-16', '10:20:30', '11:00:30', 'ATENDIDO', NULL, 0, 'EFECTIVO', '20.00', 2, '2020-11-16 11:32:49', '2020-11-16 11:35:38'),
(1257, NULL, 1, 1, '2020-11-16', '12:20:59', '13:00:59', 'ATENDIDO', NULL, 0, 'EFECTIVO', '20.00', 2, '2020-11-16 12:32:26', '2020-11-16 15:03:47'),
(1258, NULL, 383, 1, '2020-11-16', '15:38:53', '16:13:53', 'ATENDIDO', NULL, 0, 'EFECTIVO', '20.00', 2, '2020-11-16 16:28:29', '2020-11-16 16:28:45'),
(1259, NULL, 367, 2, '2020-11-16', '16:04:38', '16:39:38', 'ATENDIDO', NULL, 0, 'EFECTIVO', '20.00', 2, '2020-11-16 16:35:26', '2020-11-16 16:35:39'),
(1260, NULL, 476, 2, '2020-11-16', '17:41:42', '18:16:42', 'ATENDIDO', NULL, 0, 'EFECTIVO', '20.00', 2, '2020-11-16 18:05:00', '2020-11-16 18:37:24'),
(1261, NULL, 292, 1, '2020-11-16', '18:19:07', '19:00:07', 'ATENDIDO', NULL, 0, 'EFECTIVO', '20.00', 2, '2020-11-16 18:06:51', '2020-11-16 19:24:44'),
(1262, NULL, 727, 1, '2020-11-16', '17:41:51', '18:16:51', 'ATENDIDO', NULL, 0, 'EFECTIVO', '20.00', 2, '2020-11-16 18:19:47', '2020-11-16 18:20:11'),
(1263, NULL, 728, 2, '2020-11-16', '19:04:58', '19:39:58', 'ATENDIDO', NULL, 0, 'EFECTIVO', '20.00', 2, '2020-11-16 19:40:25', '2020-11-16 19:40:33'),
(1264, NULL, 729, 4, '2020-11-16', '19:02:44', '19:47:44', 'ATENDIDO', NULL, 0, 'EFECTIVO', '15.00', 2, '2020-11-16 19:48:16', '2020-11-16 19:53:50'),
(1265, NULL, 146, 1, '2020-11-16', '19:25:27', '20:00:27', 'ATENDIDO', NULL, 0, 'EFECTIVO', '20.00', 2, '2020-11-16 19:48:49', '2020-11-16 20:03:23'),
(1266, NULL, 730, 2, '2020-11-17', '10:28:21', '11:03:21', 'ATENDIDO', NULL, 0, 'EFECTIVO', '20.00', 2, '2020-11-17 11:27:43', '2020-11-17 11:30:34'),
(1267, NULL, 731, 1, '2020-11-17', '12:35:09', '13:10:09', 'ATENDIDO', NULL, 0, 'EFECTIVO', '20.00', 2, '2020-11-17 12:35:26', '2020-11-17 13:00:34'),
(1268, NULL, 672, 2, '2020-11-17', '15:30:39', '16:10:39', 'ATENDIDO', NULL, 0, 'EFECTIVO', '20.00', 2, '2020-11-17 15:31:22', '2020-11-17 15:34:45'),
(1269, NULL, 732, 2, '2020-11-17', '15:31:26', '16:11:26', 'ATENDIDO', NULL, 0, 'EFECTIVO', '20.00', 2, '2020-11-17 15:33:19', '2020-11-17 15:34:57'),
(1270, NULL, 733, 1, '2020-11-17', '15:33:22', '16:13:22', 'ATENDIDO', NULL, 0, 'EFECTIVO', '20.00', 2, '2020-11-17 15:34:26', '2020-11-17 15:35:10'),
(1271, NULL, 634, 1, '2020-11-17', '15:51:14', '16:26:14', 'ATENDIDO', NULL, 0, 'EFECTIVO', '20.00', 2, '2020-11-17 15:52:29', '2020-11-17 15:52:37'),
(1272, NULL, 19, 1, '2020-11-17', '16:36:03', '17:11:03', 'ATENDIDO', NULL, 0, 'EFECTIVO', '20.00', 2, '2020-11-17 16:36:18', '2020-11-17 17:17:51'),
(1273, NULL, 77, 1, '2020-11-17', '17:17:56', '17:52:56', 'ATENDIDO', NULL, 0, 'EFECTIVO', '20.00', 2, '2020-11-17 17:18:10', '2020-11-17 18:07:16'),
(1274, NULL, 314, 2, '2020-11-17', '17:20:58', '17:55:58', 'ATENDIDO', NULL, 0, 'EFECTIVO', '35.00', 2, '2020-11-17 17:21:15', '2020-11-17 18:15:13'),
(1275, NULL, 735, 1, '2020-11-18', '11:29:54', '12:04:54', 'ATENDIDO', NULL, 0, 'EFECTIVO', '20.00', 2, '2020-11-18 11:30:24', '2020-11-18 12:22:00'),
(1276, NULL, 205, 2, '2020-11-18', '11:49:15', '12:29:15', 'ATENDIDO', NULL, 0, 'EFECTIVO', '20.00', 2, '2020-11-18 11:49:48', '2020-11-18 12:48:12'),
(1277, NULL, 734, 4, '2020-11-18', '11:50:02', '12:35:02', 'ATENDIDO', NULL, 0, 'EFECTIVO', '15.00', 2, '2020-11-18 11:51:25', '2020-11-18 12:48:20'),
(1278, NULL, 256, 1, '2020-11-18', '12:24:56', '12:59:56', 'ATENDIDO', NULL, 0, 'EFECTIVO', '20.00', 2, '2020-11-18 12:25:06', '2020-11-18 12:49:43'),
(1279, NULL, 511, 2, '2020-11-18', '12:36:05', '13:11:05', 'ATENDIDO', NULL, 0, 'EFECTIVO', '20.00', 2, '2020-11-18 12:36:16', '2020-11-18 13:04:32'),
(1280, NULL, 44, 2, '2020-11-18', '15:04:21', '15:44:21', 'ATENDIDO', NULL, 0, 'EFECTIVO', '20.00', 2, '2020-11-18 15:04:44', '2020-11-18 15:10:06'),
(1281, NULL, 222, 2, '2020-11-18', '15:10:16', '15:50:16', 'ATENDIDO', NULL, 0, 'TARJETA', '20.00', 2, '2020-11-18 15:11:01', '2020-11-18 16:10:02'),
(1282, NULL, 736, 1, '2020-11-18', '15:56:40', '16:36:40', 'ATENDIDO', NULL, 0, 'EFECTIVO', '20.00', 2, '2020-11-18 15:56:55', '2020-11-18 16:45:38'),
(1283, NULL, 217, 1, '2020-11-18', '16:48:15', '17:28:15', 'ATENDIDO', NULL, 0, 'EFECTIVO', '20.00', 2, '2020-11-18 16:48:51', '2020-11-18 18:45:21'),
(1284, NULL, 665, 1, '2020-11-19', '11:11:39', '11:40:39', 'ATENDIDO', NULL, 0, 'EFECTIVO', '20.00', 2, '2020-11-19 10:43:15', '2020-11-19 12:08:28'),
(1285, NULL, 25, 2, '2020-11-19', '10:51:52', '11:31:52', 'ATENDIDO', NULL, 0, 'EFECTIVO', '20.00', 2, '2020-11-19 10:52:16', '2020-11-19 11:56:40'),
(1286, NULL, 737, 1, '2020-11-19', '12:09:28', '12:49:28', 'ATENDIDO', NULL, 0, 'TARJETA', '20.00', 2, '2020-11-19 12:09:41', '2020-11-19 12:42:18'),
(1287, NULL, 738, 4, '2020-11-19', '12:24:40', '13:09:40', 'ATENDIDO', NULL, 0, 'EFECTIVO', '15.00', 2, '2020-11-19 12:24:56', '2020-11-19 12:59:16'),
(1288, NULL, 739, 2, '2020-11-19', '15:44:45', '16:19:45', 'ATENDIDO', NULL, 0, 'EFECTIVO', '20.00', 2, '2020-11-19 15:44:55', '2020-11-19 16:10:12'),
(1289, NULL, 740, 1, '2020-11-19', '15:40:04', '16:20:04', 'ATENDIDO', NULL, 0, 'EFECTIVO', '20.00', 2, '2020-11-19 15:45:23', '2020-11-19 16:14:24'),
(1290, NULL, 606, 1, '2020-11-19', '14:30:06', '15:05:06', 'ATENDIDO', NULL, 0, 'EFECTIVO', '20.00', 2, '2020-11-19 16:07:23', '2020-11-19 16:10:22'),
(1291, NULL, 62, 1, '2020-11-19', '16:27:13', '17:02:13', 'ATENDIDO', NULL, 0, 'TARJETA', '20.00', 2, '2020-11-19 16:37:01', '2020-11-19 17:28:56'),
(1292, NULL, 361, 2, '2020-11-19', '16:43:37', '17:18:37', 'ATENDIDO', NULL, 0, 'EFECTIVO', '20.00', 2, '2020-11-19 16:43:52', '2020-11-19 17:12:23'),
(1293, NULL, 123, 2, '2020-11-19', '17:12:33', '17:47:33', 'ATENDIDO', NULL, 0, 'EFECTIVO', '20.00', 2, '2020-11-19 17:12:49', '2020-11-19 17:42:38'),
(1294, NULL, 27, 1, '2020-11-19', '17:30:34', '18:05:34', 'ATENDIDO', NULL, 0, 'EFECTIVO', '20.00', 2, '2020-11-19 17:41:47', '2020-11-19 17:54:33'),
(1295, NULL, 742, 4, '2020-11-19', '17:53:05', '18:38:05', 'ATENDIDO', NULL, 0, 'EFECTIVO', '15.00', 2, '2020-11-19 17:53:28', '2020-11-19 19:23:44'),
(1296, NULL, 741, 1, '2020-11-19', '18:02:19', '18:37:19', 'ATENDIDO', NULL, 0, 'EFECTIVO', '20.00', 2, '2020-11-19 18:02:29', '2020-11-19 18:49:39'),
(1297, NULL, 82, 2, '2020-11-19', '18:09:13', '18:49:13', 'ATENDIDO', NULL, 0, 'EFECTIVO', '20.00', 2, '2020-11-19 18:09:30', '2020-11-19 18:50:06'),
(1298, NULL, 1, 1, '2020-11-19', '19:16:49', '19:51:49', 'ATENDIDO', NULL, 0, 'EFECTIVO', '20.00', 2, '2020-11-19 19:17:32', '2020-11-19 19:56:44'),
(1299, NULL, 1, 2, '2020-11-19', '13:30:47', '13:50:47', 'ATENDIDO', NULL, 0, 'EFECTIVO', '15.00', 2, '2020-11-19 19:18:08', '2020-11-19 19:18:16'),
(1300, NULL, 325, 1, '2020-11-19', '19:50:01', '20:30:01', 'ATENDIDO', NULL, 0, 'TARJETA', '30.00', 2, '2020-11-19 19:43:41', '2020-11-19 19:56:35'),
(1301, NULL, 743, 2, '2020-11-20', '10:51:20', '11:26:20', 'ATENDIDO', NULL, 0, 'EFECTIVO', '20.00', 2, '2020-11-20 10:51:32', '2020-11-20 11:46:49'),
(1302, NULL, 257, 2, '2020-11-20', '11:47:02', '12:27:02', 'ATENDIDO', NULL, 0, 'EFECTIVO', '30.00', 2, '2020-11-20 11:47:38', '2020-11-20 12:34:57'),
(1303, NULL, 635, 1, '2020-11-20', '11:56:42', '12:36:42', 'ATENDIDO', NULL, 0, 'TARJETA', '20.00', 2, '2020-11-20 11:56:52', '2020-11-20 12:42:01'),
(1304, NULL, 744, 4, '2020-11-20', '12:12:10', '12:52:10', 'ATENDIDO', NULL, 0, 'EFECTIVO', '15.00', 2, '2020-11-20 12:12:24', '2020-11-20 15:03:27'),
(1305, NULL, 1, 1, '2020-11-20', '13:40:32', '14:15:32', 'ATENDIDO', NULL, 0, 'EFECTIVO', '20.00', 2, '2020-11-20 15:17:09', '2020-11-20 15:17:39'),
(1306, NULL, 745, 2, '2020-11-20', '14:40:23', '15:20:23', 'ATENDIDO', NULL, 0, 'EFECTIVO', '20.00', 2, '2020-11-20 15:32:45', '2020-11-20 15:32:56'),
(1307, NULL, 333, 2, '2020-11-20', '15:33:05', '16:08:05', 'ATENDIDO', NULL, 0, 'EFECTIVO', '20.00', 2, '2020-11-20 15:33:15', '2020-11-20 15:53:56'),
(1308, NULL, 1, 2, '2020-11-20', '13:00:40', '13:40:40', 'ATENDIDO', NULL, 0, 'EFECTIVO', '20.00', 2, '2020-11-20 15:41:00', '2020-11-20 15:41:08'),
(1309, NULL, 746, 1, '2020-11-20', '16:57:12', '17:32:12', 'ATENDIDO', NULL, 0, 'EFECTIVO', '20.00', 2, '2020-11-20 16:58:55', '2020-11-20 17:33:57'),
(1310, NULL, 203, 1, '2020-11-20', '17:40:10', '18:15:10', 'ATENDIDO', NULL, 0, 'TARJETA', '20.00', 2, '2020-11-20 18:11:34', '2020-11-20 18:12:10'),
(1311, NULL, 270, 2, '2020-11-20', '18:04:08', '18:39:08', 'ATENDIDO', NULL, 0, 'EFECTIVO', '20.00', 2, '2020-11-20 18:15:28', '2020-11-20 18:33:14'),
(1312, NULL, 453, 2, '2020-11-21', '10:30:49', '11:05:49', 'ATENDIDO', NULL, 0, 'EFECTIVO', '20.00', 2, '2020-11-21 11:23:43', '2020-11-21 11:23:52'),
(1313, NULL, 13, 1, '2020-11-21', '23:32:50', '00:07:50', 'ATENDIDO', NULL, 0, 'EFECTIVO', '20.00', 2, '2020-11-21 12:18:42', '2020-11-21 12:18:52'),
(1314, NULL, 293, 2, '2020-11-21', '23:24:15', '23:59:15', 'ATENDIDO', NULL, 0, 'EFECTIVO', '20.00', 2, '2020-11-21 12:22:09', '2020-11-21 12:23:13'),
(1315, NULL, 747, 2, '2020-11-21', '11:50:37', '00:25:37', 'ATENDIDO', NULL, 0, 'EFECTIVO', '20.00', 2, '2020-11-21 12:23:02', '2020-11-21 12:23:28'),
(1316, NULL, 154, 1, '2020-11-21', '12:35:38', '13:15:38', 'ATENDIDO', NULL, 0, 'EFECTIVO', '20.00', 2, '2020-11-21 12:36:01', '2020-11-21 15:08:11'),
(1317, NULL, 1, 1, '2020-11-21', '13:25:33', '13:33:33', 'ATENDIDO', NULL, 0, 'EFECTIVO', '20.00', 2, '2020-11-21 12:53:50', '2020-11-21 15:08:18'),
(1318, NULL, 132, 2, '2020-11-21', '13:30:00', '14:10:00', 'ATENDIDO', NULL, 0, 'EFECTIVO', '20.00', 2, '2020-11-21 15:18:13', '2020-11-21 15:18:48'),
(1319, NULL, 748, 2, '2020-11-21', '15:30:29', '16:10:29', 'ATENDIDO', NULL, 0, 'TARJETA', '20.00', 2, '2020-11-21 15:32:03', '2020-11-21 15:47:01'),
(1320, NULL, 749, 1, '2020-11-21', '15:32:21', '16:12:21', 'ATENDIDO', NULL, 0, 'TARJETA', '20.00', 2, '2020-11-21 15:33:57', '2020-11-21 15:48:38'),
(1321, NULL, 519, 4, '2020-11-21', '15:37:56', '16:12:56', 'ATENDIDO', NULL, 0, 'EFECTIVO', '15.00', 2, '2020-11-21 15:39:24', '2020-11-21 15:44:01'),
(1322, NULL, 1, 4, '2020-11-21', '13:00:00', '13:45:00', 'ATENDIDO', NULL, 0, 'EFECTIVO', '15.00', 2, '2020-11-21 16:01:46', '2020-11-21 16:02:41'),
(1323, NULL, 750, 1, '2020-11-21', '15:40:48', '16:20:48', 'ATENDIDO', NULL, 0, 'EFECTIVO', '20.00', 2, '2020-11-21 16:38:45', '2020-11-21 16:38:58'),
(1324, NULL, 380, 2, '2020-11-21', '15:52:26', '16:32:26', 'ATENDIDO', NULL, 0, 'EFECTIVO', '20.00', 2, '2020-11-21 16:51:14', '2020-11-21 16:51:52'),
(1325, NULL, 32, 1, '2020-11-21', '16:30:25', '17:05:25', 'ATENDIDO', NULL, 0, 'EFECTIVO', '20.00', 2, '2020-11-21 17:03:04', '2020-11-21 17:25:40'),
(1326, NULL, 742, 2, '2020-11-21', '16:50:54', '17:25:54', 'ATENDIDO', NULL, 0, 'EFECTIVO', '20.00', 2, '2020-11-21 17:26:19', '2020-11-21 17:37:18'),
(1327, NULL, 399, 1, '2020-11-21', '17:03:02', '17:43:02', 'ATENDIDO', NULL, 0, 'EFECTIVO', '20.00', 2, '2020-11-21 18:20:28', '2020-11-21 18:25:45'),
(1328, NULL, 189, 2, '2020-11-21', '17:20:48', '18:00:48', 'ATENDIDO', NULL, 0, 'EFECTIVO', '20.00', 2, '2020-11-21 18:29:32', '2020-11-21 18:31:24'),
(1329, NULL, 79, 2, '2020-11-21', '18:05:34', '18:40:34', 'ATENDIDO', NULL, 0, 'EFECTIVO', '20.00', 2, '2020-11-21 18:31:59', '2020-11-21 18:37:33'),
(1330, NULL, 751, 4, '2020-11-21', '18:14:59', '18:59:59', 'ATENDIDO', NULL, 0, 'EFECTIVO', '15.00', 2, '2020-11-21 19:22:11', '2020-11-21 19:52:04'),
(1331, NULL, 752, 1, '2020-11-21', '19:22:43', '19:57:43', 'ATENDIDO', NULL, 0, 'EFECTIVO', '20.00', 2, '2020-11-21 20:10:06', '2020-11-21 20:10:21'),
(1332, NULL, 753, 4, '2020-11-21', '19:42:52', '20:17:52', 'ATENDIDO', NULL, 0, 'EFECTIVO', '20.00', 2, '2020-11-21 20:11:49', '2020-11-21 20:12:40'),
(1333, NULL, 627, 1, '2020-11-23', '12:22:57', '12:57:57', 'ATENDIDO', NULL, 0, 'EFECTIVO', '20.00', 2, '2020-11-23 12:23:09', '2020-11-23 13:27:20'),
(1334, NULL, 162, 4, '2020-11-23', '15:29:58', '16:14:58', 'ATENDIDO', NULL, 0, 'EFECTIVO', '15.00', 2, '2020-11-23 15:30:22', '2020-11-23 16:48:34'),
(1335, NULL, 1, 4, '2020-11-23', '13:37:54', '14:22:54', 'ATENDIDO', NULL, 0, 'EFECTIVO', '15.00', 2, '2020-11-23 15:38:13', '2020-11-23 15:38:23'),
(1336, NULL, 129, 1, '2020-11-23', '15:00:06', '15:35:06', 'ATENDIDO', NULL, 0, 'EFECTIVO', '20.00', 2, '2020-11-23 15:56:40', '2020-11-23 15:56:59'),
(1337, NULL, 1, 1, '2020-11-23', '13:00:05', '13:35:05', 'ATENDIDO', NULL, 0, 'EFECTIVO', '20.00', 2, '2020-11-23 16:57:19', '2020-11-23 16:57:27'),
(1338, NULL, 309, 4, '2020-11-23', '17:27:30', '17:37:30', 'ATENDIDO', NULL, 0, 'EFECTIVO', '5.00', 2, '2020-11-23 17:29:33', '2020-11-23 17:30:05'),
(1339, NULL, 448, 1, '2020-11-23', '16:54:43', '17:34:43', 'ATENDIDO', NULL, 0, 'EFECTIVO', '20.00', 2, '2020-11-23 17:55:17', '2020-11-23 17:55:48'),
(1340, NULL, 339, 1, '2020-11-23', '18:49:37', '19:29:37', 'ATENDIDO', NULL, 0, 'EFECTIVO', '20.00', 2, '2020-11-23 18:49:54', '2020-11-23 18:51:39'),
(1341, NULL, 421, 4, '2020-11-23', '18:24:29', '19:09:29', 'ATENDIDO', NULL, 0, 'EFECTIVO', '15.00', 2, '2020-11-23 19:04:00', '2020-11-23 19:06:06'),
(1342, NULL, 417, 1, '2020-11-23', '18:50:52', '19:30:52', 'ATENDIDO', NULL, 0, 'EFECTIVO', '20.00', 2, '2020-11-23 19:40:31', '2020-11-23 19:40:46'),
(1343, NULL, 488, 4, '2020-11-23', '19:19:30', '19:54:30', 'ATENDIDO', NULL, 0, 'EFECTIVO', '20.00', 2, '2020-11-23 20:18:16', '2020-11-23 20:18:25'),
(1344, NULL, 1, 4, '2020-11-23', '20:18:37', '20:53:37', 'ATENDIDO', NULL, 0, 'EFECTIVO', '20.00', 2, '2020-11-23 20:18:53', '2020-11-23 20:19:06'),
(1345, NULL, 465, 1, '2020-11-23', '19:43:33', '20:18:33', 'ATENDIDO', NULL, 0, 'EFECTIVO', '20.00', 2, '2020-11-23 20:20:08', '2020-11-23 20:20:18'),
(1346, NULL, 48, 1, '2020-11-24', '10:32:06', '11:12:06', 'ATENDIDO', 4, 0, 'EFECTIVO', '20.00', 2, '2020-11-24 10:33:41', '2020-11-24 12:07:37'),
(1347, NULL, 15, 2, '2020-11-24', '10:33:53', '11:13:53', 'ATENDIDO', 4, 0, 'EFECTIVO', '20.00', 2, '2020-11-24 10:34:13', '2020-11-24 12:07:43'),
(1348, NULL, 109, 2, '2020-11-24', '11:32:15', '00:12:15', 'ATENDIDO', NULL, 0, 'EFECTIVO', '20.00', 2, '2020-11-24 12:42:40', '2020-11-24 12:50:31'),
(1349, NULL, 754, 4, '2020-11-24', '11:21:54', '00:06:54', 'ATENDIDO', NULL, 0, 'EFECTIVO', '15.00', 2, '2020-11-24 12:55:52', '2020-11-24 13:04:34'),
(1350, NULL, 608, 1, '2020-11-24', '11:50:10', '12:30:10', 'ATENDIDO', NULL, 0, 'EFECTIVO', '20.00', 2, '2020-11-24 12:56:50', '2020-11-24 13:04:58'),
(1351, NULL, 609, 4, '2020-11-24', '12:40:09', '13:25:09', 'ATENDIDO', NULL, 0, 'EFECTIVO', '15.00', 2, '2020-11-24 12:57:33', '2020-11-24 15:12:59'),
(1352, NULL, 524, 2, '2020-11-24', '12:30:02', '13:10:02', 'ATENDIDO', NULL, 0, 'EFECTIVO', '20.00', 2, '2020-11-24 13:03:48', '2020-11-24 15:12:50'),
(1353, NULL, 1, 1, '2020-11-24', '12:46:18', '13:26:18', 'ATENDIDO', NULL, 0, 'EFECTIVO', '20.00', 2, '2020-11-24 13:05:53', '2020-11-24 15:13:11'),
(1354, NULL, 167, 2, '2020-11-24', '15:14:57', '15:54:57', 'ATENDIDO', NULL, 0, 'EFECTIVO', '20.00', 2, '2020-11-24 15:18:07', '2020-11-24 15:18:20'),
(1355, NULL, 617, 2, '2020-11-24', '13:40:40', '15:58:40', 'ATENDIDO', NULL, 0, 'EFECTIVO', '20.00', 2, '2020-11-24 15:19:28', '2020-11-24 15:23:34'),
(1356, NULL, 101, 1, '2020-11-24', '15:19:34', '15:59:34', 'ATENDIDO', NULL, 0, 'EFECTIVO', '20.00', 2, '2020-11-24 15:20:24', '2020-11-24 15:23:52'),
(1357, NULL, 440, 1, '2020-11-24', '15:23:03', '15:58:03', 'ATENDIDO', NULL, 0, 'EFECTIVO', '20.00', 2, '2020-11-24 15:28:27', '2020-11-24 15:58:22'),
(1358, NULL, 1, 1, '2020-11-24', '13:20:00', '14:00:00', 'ATENDIDO', NULL, 0, 'EFECTIVO', '20.00', 2, '2020-11-24 16:04:09', '2020-11-24 16:04:17'),
(1359, NULL, 487, 2, '2020-11-24', '16:05:06', '16:45:06', 'ATENDIDO', NULL, 0, 'EFECTIVO', '20.00', 2, '2020-11-24 16:12:04', '2020-11-24 16:12:17'),
(1360, NULL, 1, 4, '2020-11-24', '13:41:00', '14:26:00', 'ATENDIDO', NULL, 0, 'EFECTIVO', '15.00', 2, '2020-11-24 16:14:16', '2020-11-24 16:14:32'),
(1361, NULL, 430, 2, '2020-11-24', '16:12:41', '16:52:41', 'ATENDIDO', NULL, 0, 'EFECTIVO', '20.00', 2, '2020-11-24 16:49:09', '2020-11-24 16:52:40'),
(1362, NULL, 755, 2, '2020-11-24', '16:49:28', '17:24:28', 'ATENDIDO', NULL, 0, 'EFECTIVO', '20.00', 2, '2020-11-24 17:19:07', '2020-11-24 17:19:15'),
(1363, NULL, 127, 4, '2020-11-24', '17:09:53', '17:54:53', 'ATENDIDO', NULL, 0, 'EFECTIVO', '15.00', 2, '2020-11-24 17:58:11', '2020-11-24 17:58:39'),
(1364, NULL, 478, 2, '2020-11-24', '17:58:46', '18:38:46', 'ATENDIDO', NULL, 0, 'EFECTIVO', '20.00', 2, '2020-11-24 18:00:04', '2020-11-24 18:00:11'),
(1365, NULL, 756, 1, '2020-11-24', '18:22:55', '18:57:55', 'ATENDIDO', NULL, 0, 'EFECTIVO', '20.00', 2, '2020-11-24 18:26:28', '2020-11-24 18:26:42'),
(1366, NULL, 757, 2, '2020-11-24', '18:00:59', '18:35:59', 'ATENDIDO', NULL, 0, 'EFECTIVO', '20.00', 2, '2020-11-24 18:40:46', '2020-11-24 18:41:21'),
(1367, NULL, 758, 1, '2020-11-24', '18:26:29', '19:01:29', 'ATENDIDO', NULL, 0, 'EFECTIVO', '20.00', 2, '2020-11-24 18:57:51', '2020-11-24 18:58:08'),
(1368, NULL, 486, 4, '2020-11-24', '18:16:19', '19:01:19', 'ATENDIDO', NULL, 0, 'EFECTIVO', '15.00', 2, '2020-11-24 18:59:40', '2020-11-24 18:59:49'),
(1369, NULL, 759, 4, '2020-11-24', '19:31:49', '20:06:49', 'ATENDIDO', NULL, 0, 'EFECTIVO', '20.00', 2, '2020-11-24 19:36:06', '2020-11-24 20:09:53'),
(1370, NULL, 760, 1, '2020-11-24', '19:24:41', '19:59:41', 'ATENDIDO', NULL, 0, 'EFECTIVO', '20.00', 2, '2020-11-24 19:55:39', '2020-11-24 19:56:23'),
(1371, NULL, 111, 1, '2020-11-25', '10:56:19', '11:36:19', 'ATENDIDO', NULL, 0, 'EFECTIVO', '20.00', 2, '2020-11-25 10:56:40', '2020-11-25 11:56:36'),
(1372, NULL, 761, 2, '2020-11-25', '10:25:50', '11:05:50', 'ATENDIDO', NULL, 0, 'EFECTIVO', '20.00', 2, '2020-11-25 11:19:15', '2020-11-25 11:19:34'),
(1373, NULL, 762, 4, '2020-11-25', '10:25:11', '11:10:11', 'ATENDIDO', NULL, 0, 'EFECTIVO', '15.00', 2, '2020-11-25 11:58:16', '2020-11-25 12:35:34'),
(1374, NULL, 569, 2, '2020-11-25', '23:16:48', '23:56:48', 'ATENDIDO', NULL, 0, 'EFECTIVO', '20.00', 2, '2020-11-25 12:19:33', '2020-11-25 12:19:41'),
(1375, NULL, 763, 4, '2020-11-25', '11:23:20', '00:08:20', 'ATENDIDO', NULL, 0, 'EFECTIVO', '15.00', 2, '2020-11-25 12:32:09', '2020-11-25 12:35:18'),
(1376, NULL, 582, 1, '2020-11-25', '11:56:40', '12:36:40', 'ATENDIDO', NULL, 0, 'EFECTIVO', '20.00', 2, '2020-11-25 12:56:51', '2020-11-25 12:56:59'),
(1377, NULL, 1, 1, '2020-11-25', '12:57:16', '13:37:16', 'ATENDIDO', NULL, 0, 'EFECTIVO', '20.00', 2, '2020-11-25 12:57:43', '2020-11-25 15:18:06'),
(1378, NULL, 1, 1, '2020-11-25', '13:00:33', '13:35:33', 'ATENDIDO', NULL, 0, 'EFECTIVO', '20.00', 2, '2020-11-25 15:19:54', '2020-11-25 15:20:02'),
(1379, NULL, 596, 2, '2020-11-25', '12:19:19', '12:59:19', 'ATENDIDO', NULL, 0, 'EFECTIVO', '30.00', 2, '2020-11-25 15:23:23', '2020-11-25 15:23:56'),
(1380, NULL, 240, 4, '2020-11-25', '15:58:26', '16:43:26', 'ATENDIDO', NULL, 0, 'EFECTIVO', '15.00', 2, '2020-11-25 16:33:07', '2020-11-25 17:11:09'),
(1381, NULL, 764, 1, '2020-11-25', '16:34:38', '17:09:38', 'ATENDIDO', NULL, 0, 'EFECTIVO', '20.00', 2, '2020-11-25 17:10:42', '2020-11-25 17:11:31');
INSERT INTO `citas` (`id`, `codigo`, `cliente`, `empleado`, `fecha`, `hora`, `hora_termino`, `estado`, `promocion`, `tarjeta`, `metodo_pago`, `total`, `created_by`, `created_at`, `updated_at`) VALUES
(1382, NULL, 658, 2, '2020-11-25', '17:00:15', '17:35:15', 'ATENDIDO', NULL, 0, 'EFECTIVO', '20.00', 2, '2020-11-25 17:15:51', '2020-11-25 17:43:00'),
(1383, NULL, 630, 2, '2020-11-25', '16:05:32', '16:40:32', 'ATENDIDO', NULL, 0, 'TARJETA', '20.00', 2, '2020-11-25 17:22:03', '2020-11-25 17:23:10'),
(1384, NULL, 475, 2, '2020-11-25', '16:36:23', '17:11:23', 'ATENDIDO', NULL, 0, 'TARJETA', '20.00', 2, '2020-11-25 17:24:27', '2020-11-25 17:25:19'),
(1385, NULL, 131, 1, '2020-11-25', '17:22:38', '17:57:38', 'ATENDIDO', NULL, 0, 'TARJETA', '20.00', 2, '2020-11-25 18:05:29', '2020-11-25 18:06:18'),
(1386, NULL, 765, 1, '2020-11-25', '18:15:24', '18:55:24', 'ATENDIDO', NULL, 0, 'EFECTIVO', '20.00', 2, '2020-11-25 18:53:12', '2020-11-25 19:01:09'),
(1387, NULL, 415, 1, '2020-11-25', '20:00:23', '20:40:23', 'ATENDIDO', NULL, 0, 'EFECTIVO', '20.00', 2, '2020-11-25 19:44:49', '2020-11-25 20:02:52'),
(1388, NULL, 116, 1, '2020-11-25', '19:10:43', '19:50:43', 'ATENDIDO', NULL, 0, 'EFECTIVO', '20.00', 2, '2020-11-25 19:56:36', '2020-11-25 19:57:02'),
(1389, NULL, 771, 2, '2020-11-26', '16:12:20', '04:35:20', 'ATENDIDO', NULL, 0, 'EFECTIVO', '20.00', 2, '2020-11-26 11:03:54', '2020-11-26 17:05:59'),
(1390, NULL, 164, 2, '2020-11-26', '12:25:17', '00:40:17', 'ATENDIDO', NULL, 0, 'EFECTIVO', '20.00', 2, '2020-11-26 11:16:56', '2020-11-26 13:03:00'),
(1391, NULL, 766, 4, '2020-11-26', '10:30:07', '11:15:07', 'ATENDIDO', NULL, 0, 'EFECTIVO', '15.00', 2, '2020-11-26 11:39:20', '2020-11-26 12:07:16'),
(1392, NULL, 410, 2, '2020-11-26', '10:46:58', '23:26:58', 'ATENDIDO', NULL, 0, 'TARJETA', '20.00', 2, '2020-11-26 12:21:58', '2020-11-26 12:23:36'),
(1393, NULL, 253, 2, '2020-11-26', '11:39:16', '00:19:16', 'ATENDIDO', NULL, 0, 'TARJETA', '20.00', 2, '2020-11-26 12:25:43', '2020-11-26 12:26:37'),
(1394, NULL, 1, 1, '2020-11-26', '12:30:15', '13:10:15', 'ATENDIDO', NULL, 0, 'EFECTIVO', '20.00', 2, '2020-11-26 12:38:39', '2020-11-26 15:08:07'),
(1395, NULL, 579, 2, '2020-11-26', '13:39:14', '14:19:14', 'ATENDIDO', NULL, 0, 'EFECTIVO', '20.00', 2, '2020-11-26 15:09:44', '2020-11-26 15:09:55'),
(1396, NULL, 666, 2, '2020-11-26', '14:43:08', '15:23:08', 'ATENDIDO', NULL, 0, 'EFECTIVO', '20.00', 2, '2020-11-26 15:10:46', '2020-11-26 15:10:58'),
(1397, NULL, 768, 1, '2020-11-26', '15:35:43', '16:10:43', 'ATENDIDO', NULL, 0, 'EFECTIVO', '20.00', 2, '2020-11-26 15:40:47', '2020-11-26 16:09:51'),
(1398, NULL, 767, 4, '2020-11-26', '14:59:31', '15:44:31', 'ATENDIDO', NULL, 0, 'EFECTIVO', '15.00', 2, '2020-11-26 15:50:07', '2020-11-26 15:50:26'),
(1399, NULL, 456, 1, '2020-11-26', '16:10:48', '16:45:48', 'ATENDIDO', NULL, 0, 'EFECTIVO', '20.00', 2, '2020-11-26 16:11:12', '2020-11-26 16:45:55'),
(1400, NULL, 769, 4, '2020-11-26', '16:03:02', '16:48:02', 'ATENDIDO', NULL, 0, 'EFECTIVO', '15.00', 2, '2020-11-26 16:57:36', '2020-11-26 16:57:46'),
(1401, NULL, 770, 1, '2020-11-26', '16:58:48', '17:33:48', 'ATENDIDO', NULL, 0, 'EFECTIVO', '20.00', 2, '2020-11-26 17:00:22', '2020-11-26 17:35:36'),
(1402, NULL, 772, 2, '2020-11-26', '17:00:07', '17:35:07', 'ATENDIDO', NULL, 0, 'EFECTIVO', '20.00', 2, '2020-11-26 17:24:52', '2020-11-26 17:49:50'),
(1403, NULL, 464, 4, '2020-11-26', '17:01:26', '17:46:26', 'ATENDIDO', NULL, 0, 'EFECTIVO', '15.00', 2, '2020-11-26 17:53:14', '2020-11-26 17:53:22'),
(1404, NULL, 773, 4, '2020-11-26', '18:22:14', '18:57:14', 'ATENDIDO', NULL, 0, 'EFECTIVO', '20.00', 2, '2020-11-26 18:59:53', '2020-11-26 19:00:17'),
(1405, NULL, 1, 1, '2020-11-26', '20:12:42', '20:52:42', 'ATENDIDO', NULL, 0, 'EFECTIVO', '20.00', 2, '2020-11-26 20:13:22', '2020-11-26 20:13:36'),
(1406, NULL, 396, 4, '2020-11-27', '10:55:09', '23:40:09', 'ATENDIDO', NULL, 0, 'EFECTIVO', '15.00', 2, '2020-11-27 12:05:19', '2020-11-27 12:05:50'),
(1407, NULL, 470, 1, '2020-11-27', '23:00:45', '23:40:45', 'ATENDIDO', NULL, 0, 'EFECTIVO', '20.00', 2, '2020-11-27 12:18:39', '2020-11-27 12:18:47'),
(1408, NULL, 121, 2, '2020-11-27', '11:34:09', '12:14:09', 'ATENDIDO', NULL, 0, 'EFECTIVO', '20.00', 2, '2020-11-27 12:33:52', '2020-11-27 12:34:05'),
(1409, NULL, 1, 2, '2020-11-27', '12:34:09', '13:14:09', 'ATENDIDO', NULL, 0, 'EFECTIVO', '20.00', 2, '2020-11-27 12:34:26', '2020-11-27 15:05:32'),
(1410, NULL, 1, 1, '2020-11-27', '12:42:44', '13:22:44', 'ATENDIDO', NULL, 0, 'EFECTIVO', '20.00', 2, '2020-11-27 12:43:23', '2020-11-27 15:05:42'),
(1411, NULL, 774, 1, '2020-11-27', '15:42:48', '16:22:48', 'ATENDIDO', NULL, 0, 'EFECTIVO', '20.00', 2, '2020-11-27 15:45:58', '2020-11-27 15:46:07'),
(1412, NULL, 512, 2, '2020-11-27', '15:44:59', '16:19:59', 'ATENDIDO', NULL, 0, 'EFECTIVO', '20.00', 2, '2020-11-27 16:27:20', '2020-11-27 16:27:37'),
(1413, NULL, 60, 1, '2020-11-27', '15:44:19', '16:24:19', 'ATENDIDO', NULL, 0, 'EFECTIVO', '20.00', 2, '2020-11-27 16:45:18', '2020-11-27 16:45:26'),
(1414, NULL, 94, 1, '2020-11-27', '16:44:43', '17:19:43', 'ATENDIDO', NULL, 0, 'EFECTIVO', '20.00', 2, '2020-11-27 17:24:26', '2020-11-27 17:26:13'),
(1415, NULL, 181, 2, '2020-11-27', '16:29:53', '17:09:53', 'ATENDIDO', NULL, 0, 'EFECTIVO', '20.00', 2, '2020-11-27 17:25:41', '2020-11-27 17:26:03'),
(1416, NULL, 1, 2, '2020-11-27', '13:30:53', '14:10:53', 'ATENDIDO', NULL, 0, 'EFECTIVO', '20.00', 2, '2020-11-27 18:04:22', '2020-11-27 18:04:31'),
(1417, NULL, 652, 2, '2020-11-27', '17:30:09', '18:10:09', 'ATENDIDO', NULL, 0, 'EFECTIVO', '20.00', 2, '2020-11-27 18:55:26', '2020-11-27 18:55:36'),
(1418, NULL, 635, 1, '2020-11-27', '18:39:07', '19:14:07', 'ATENDIDO', NULL, 0, 'TARJETA', '20.00', 2, '2020-11-27 19:27:51', '2020-11-27 19:29:05'),
(1419, NULL, 567, 2, '2020-11-27', '18:42:31', '19:22:31', 'ATENDIDO', NULL, 0, 'TARJETA', '20.00', 2, '2020-11-27 19:30:21', '2020-11-27 19:30:44'),
(1420, NULL, 325, 1, '2020-11-27', '19:49:17', '20:29:17', 'ATENDIDO', NULL, 0, 'TARJETA', '30.00', 2, '2020-11-27 19:49:35', '2020-11-27 20:25:10'),
(1421, NULL, 407, 2, '2020-11-28', '11:25:31', '12:00:31', 'ATENDIDO', NULL, 0, 'EFECTIVO', '20.00', 2, '2020-11-28 11:26:26', '2020-11-28 11:35:26'),
(1422, NULL, 775, 1, '2020-11-28', '11:32:00', '12:12:00', 'ATENDIDO', NULL, 0, 'EFECTIVO', '20.00', 2, '2020-11-28 11:34:41', '2020-11-28 11:35:52'),
(1423, NULL, 776, 4, '2020-11-28', '11:47:10', '12:32:10', 'ATENDIDO', NULL, 0, 'EFECTIVO', '15.00', 2, '2020-11-28 11:50:01', '2020-11-28 11:54:30'),
(1424, NULL, 303, 2, '2020-11-28', '11:54:48', '12:34:48', 'ATENDIDO', NULL, 0, 'EFECTIVO', '20.00', 2, '2020-11-28 11:55:10', '2020-11-28 11:56:02'),
(1425, NULL, 290, 1, '2020-11-28', '12:09:28', '12:44:28', 'ATENDIDO', NULL, 0, 'EFECTIVO', '20.00', 2, '2020-11-28 12:09:50', '2020-11-28 12:10:39'),
(1426, NULL, 224, 2, '2020-11-28', '15:27:23', '14:40:23', 'ATENDIDO', NULL, 0, 'EFECTIVO', '20.00', 2, '2020-11-28 12:28:49', '2020-11-28 16:23:53'),
(1427, NULL, 187, 1, '2020-11-28', '13:00:32', '13:40:32', 'ATENDIDO', NULL, 0, 'EFECTIVO', '20.00', 2, '2020-11-28 12:30:10', '2020-11-28 15:28:13'),
(1428, NULL, 163, 4, '2020-11-28', '11:53:06', '00:38:06', 'ATENDIDO', NULL, 0, 'EFECTIVO', '15.00', 2, '2020-11-28 12:33:10', '2020-11-28 12:39:43'),
(1429, NULL, 300, 2, '2020-11-28', '12:01:42', '12:36:42', 'ATENDIDO', NULL, 0, 'EFECTIVO', '20.00', 2, '2020-11-28 12:42:59', '2020-11-28 12:43:42'),
(1430, NULL, 723, 1, '2020-11-28', '12:10:17', '12:50:17', 'ATENDIDO', NULL, 0, 'EFECTIVO', '20.00', 2, '2020-11-28 12:53:09', '2020-11-28 12:53:57'),
(1431, NULL, 619, 1, '2020-11-28', '12:54:46', '13:34:46', 'ATENDIDO', NULL, 0, 'EFECTIVO', '20.00', 2, '2020-11-28 12:55:01', '2020-11-28 15:27:55'),
(1432, NULL, 638, 1, '2020-11-28', '15:26:46', '16:01:46', 'ATENDIDO', NULL, 0, 'EFECTIVO', '20.00', 2, '2020-11-28 15:27:40', '2020-11-28 15:32:10'),
(1433, NULL, 191, 2, '2020-11-28', '14:37:22', '15:17:22', 'ATENDIDO', NULL, 0, 'EFECTIVO', '20.00', 2, '2020-11-28 15:34:00', '2020-11-28 15:37:35'),
(1434, NULL, 49, 1, '2020-11-28', '15:47:27', '16:27:27', 'ATENDIDO', NULL, 0, 'EFECTIVO', '30.00', 2, '2020-11-28 16:22:13', '2020-11-28 16:22:29'),
(1435, NULL, 777, 1, '2020-11-28', '16:35:34', '17:10:34', 'ATENDIDO', NULL, 0, 'EFECTIVO', '20.00', 2, '2020-11-28 17:16:05', '2020-11-28 17:24:50'),
(1436, NULL, 102, 4, '2020-11-28', '16:19:29', '17:04:29', 'ATENDIDO', NULL, 0, 'EFECTIVO', '15.00', 2, '2020-11-28 17:29:53', '2020-11-28 17:32:17'),
(1437, NULL, 471, 4, '2020-11-28', '17:00:06', '17:45:06', 'ATENDIDO', NULL, 0, 'EFECTIVO', '15.00', 2, '2020-11-28 17:37:30', '2020-11-28 17:37:57'),
(1438, NULL, 141, 2, '2020-11-28', '16:30:30', '17:10:30', 'ATENDIDO', NULL, 0, 'EFECTIVO', '30.00', 2, '2020-11-28 17:43:52', '2020-11-28 17:44:04'),
(1439, NULL, 329, 1, '2020-11-28', '17:17:15', '17:52:15', 'ATENDIDO', NULL, 0, 'EFECTIVO', '20.00', 2, '2020-11-28 17:48:43', '2020-11-28 17:49:08'),
(1440, NULL, 360, 2, '2020-11-28', '17:41:42', '18:16:42', 'ATENDIDO', NULL, 0, 'EFECTIVO', '20.00', 2, '2020-11-28 18:07:05', '2020-11-28 18:09:50'),
(1441, NULL, 778, 1, '2020-11-28', '18:10:04', '18:45:04', 'ATENDIDO', NULL, 0, 'EFECTIVO', '20.00', 2, '2020-11-28 18:11:34', '2020-11-28 18:12:05'),
(1442, NULL, 779, 4, '2020-11-28', '17:53:14', '18:38:14', 'ATENDIDO', NULL, 0, 'EFECTIVO', '15.00', 2, '2020-11-28 18:15:14', '2020-11-28 18:15:27'),
(1443, NULL, 35, 1, '2020-11-28', '18:23:35', '19:03:35', 'ATENDIDO', NULL, 0, 'EFECTIVO', '20.00', 2, '2020-11-28 18:28:56', '2020-11-28 19:26:41'),
(1444, NULL, 1, 2, '2020-11-28', '18:07:48', '18:42:48', 'ATENDIDO', NULL, 0, 'EFECTIVO', '20.00', 2, '2020-11-28 18:31:11', '2020-11-28 18:31:40'),
(1445, NULL, 1, 1, '2020-11-30', '12:39:30', '13:19:30', 'ATENDIDO', NULL, 0, 'EFECTIVO', '20.00', 2, '2020-11-30 12:39:41', '2020-11-30 14:55:09'),
(1446, NULL, 255, 1, '2020-11-30', '14:53:34', '15:33:34', 'ATENDIDO', NULL, 0, 'EFECTIVO', '20.00', 2, '2020-11-30 14:54:49', '2020-11-30 14:55:00'),
(1447, NULL, 404, 2, '2020-11-30', '15:50:12', '16:30:12', 'ATENDIDO', NULL, 0, 'EFECTIVO', '20.00', 2, '2020-11-30 15:50:43', '2020-11-30 16:48:38'),
(1448, NULL, 405, 4, '2020-11-30', '15:50:57', '16:30:57', 'ATENDIDO', NULL, 0, 'EFECTIVO', '20.00', 2, '2020-11-30 15:51:14', '2020-11-30 16:49:18'),
(1449, NULL, 780, 2, '2020-11-30', '16:49:28', '17:24:28', 'ATENDIDO', NULL, 0, 'EFECTIVO', '20.00', 2, '2020-11-30 16:50:48', '2020-11-30 17:45:19'),
(1450, NULL, 176, 1, '2020-11-30', '17:42:59', '18:17:59', 'ATENDIDO', NULL, 0, 'EFECTIVO', '20.00', 2, '2020-11-30 17:43:14', '2020-11-30 18:19:22'),
(1451, NULL, 1, 2, '2020-11-30', '17:56:05', '18:31:05', 'ATENDIDO', NULL, 0, 'EFECTIVO', '20.00', 2, '2020-11-30 17:56:42', '2020-11-30 18:19:32'),
(1452, NULL, 214, 4, '2020-11-30', '18:00:35', '18:35:35', 'ATENDIDO', NULL, 0, 'EFECTIVO', '20.00', 2, '2020-11-30 18:19:54', '2020-11-30 19:11:22'),
(1453, NULL, 436, 2, '2020-11-30', '18:13:15', '18:48:15', 'ATENDIDO', NULL, 0, 'EFECTIVO', '20.00', 2, '2020-11-30 18:25:21', '2020-11-30 18:45:59'),
(1454, NULL, 234, 2, '2020-11-30', '20:00:54', '20:40:54', 'ATENDIDO', NULL, 0, 'EFECTIVO', '30.00', 2, '2020-11-30 20:01:56', '2020-11-30 20:02:08'),
(1455, NULL, 59, 4, '2020-12-01', '11:30:06', '12:10:06', 'ATENDIDO', NULL, 0, 'EFECTIVO', '20.00', 2, '2020-12-01 11:30:42', '2020-12-01 12:13:06'),
(1456, NULL, 1, 1, '2020-12-01', '12:15:38', '12:55:38', 'ATENDIDO', NULL, 0, 'EFECTIVO', '20.00', 2, '2020-12-01 12:15:57', '2020-12-01 15:31:50'),
(1457, NULL, 1, 1, '2020-12-01', '13:10:52', '13:45:52', 'ATENDIDO', NULL, 0, 'EFECTIVO', '20.00', 2, '2020-12-01 12:58:10', '2020-12-01 15:32:04'),
(1458, NULL, 1, 4, '2020-12-01', '15:29:05', '16:04:05', 'ATENDIDO', NULL, 0, 'EFECTIVO', '20.00', 2, '2020-12-01 15:29:20', '2020-12-01 15:29:28'),
(1459, NULL, 781, 1, '2020-12-01', '15:36:47', '16:16:47', 'ATENDIDO', NULL, 0, 'TARJETA', '35.00', 2, '2020-12-01 15:38:33', '2020-12-01 15:39:05'),
(1460, NULL, 151, 1, '2020-12-01', '16:20:37', '17:00:37', 'ATENDIDO', NULL, 0, 'EFECTIVO', '20.00', 2, '2020-12-01 16:20:56', '2020-12-01 17:26:23'),
(1461, NULL, 543, 4, '2020-12-01', '16:55:14', '17:30:14', 'ATENDIDO', NULL, 0, 'EFECTIVO', '20.00', 2, '2020-12-01 17:02:18', '2020-12-01 17:46:44'),
(1462, NULL, 130, 1, '2020-12-01', '17:27:15', '17:57:15', 'ATENDIDO', NULL, 0, 'EFECTIVO', '20.00', 2, '2020-12-01 17:27:33', '2020-12-01 20:04:18'),
(1463, NULL, 189, 4, '2020-12-01', '17:47:08', '18:22:08', 'ATENDIDO', NULL, 0, 'EFECTIVO', '20.00', 2, '2020-12-01 17:47:19', '2020-12-01 19:27:26'),
(1464, NULL, 327, 1, '2020-12-01', '18:16:36', '18:51:36', 'ATENDIDO', NULL, 0, 'EFECTIVO', '20.00', 2, '2020-12-01 19:27:55', '2020-12-01 19:28:03'),
(1465, NULL, 76, 4, '2020-12-01', '19:10:56', '19:45:56', 'ATENDIDO', NULL, 0, 'EFECTIVO', '20.00', 2, '2020-12-01 20:00:12', '2020-12-01 20:00:30'),
(1466, NULL, 582, 1, '2020-12-01', '19:13:16', '19:48:16', 'ATENDIDO', NULL, 0, 'EFECTIVO', '20.00', 2, '2020-12-01 20:04:02', '2020-12-01 20:04:11'),
(1467, NULL, 92, 1, '2020-12-01', '19:45:28', '20:20:28', 'ATENDIDO', NULL, 0, 'EFECTIVO', '20.00', 2, '2020-12-01 20:18:14', '2020-12-01 20:18:21'),
(1468, NULL, 663, 4, '2020-12-02', '10:30:21', '11:05:21', 'ATENDIDO', NULL, 0, 'EFECTIVO', '20.00', 2, '2020-12-02 10:40:47', '2020-12-02 11:39:50'),
(1469, NULL, 230, 1, '2020-12-02', '10:35:08', '11:10:08', 'ATENDIDO', NULL, 0, 'EFECTIVO', '20.00', 2, '2020-12-02 10:42:23', '2020-12-02 11:38:05'),
(1470, NULL, 362, 1, '2020-12-02', '15:00:16', '15:35:16', 'ATENDIDO', NULL, 0, 'EFECTIVO', '20.00', 2, '2020-12-02 15:59:02', '2020-12-02 15:59:15'),
(1471, NULL, 180, 1, '2020-12-02', '17:52:44', '18:27:44', 'ATENDIDO', NULL, 0, 'EFECTIVO', '20.00', 2, '2020-12-02 19:11:28', '2020-12-02 19:11:36'),
(1472, NULL, 210, 4, '2020-12-02', '18:34:10', '19:09:10', 'ATENDIDO', NULL, 0, 'EFECTIVO', '20.00', 2, '2020-12-02 19:28:54', '2020-12-02 19:29:00'),
(1473, NULL, 782, 1, '2020-12-02', '19:20:36', '19:55:36', 'ATENDIDO', NULL, 0, 'EFECTIVO', '20.00', 2, '2020-12-02 20:23:08', '2020-12-02 20:23:16'),
(1474, NULL, 688, 1, '2020-12-03', '10:35:30', '11:10:30', 'ATENDIDO', NULL, 0, 'EFECTIVO', '20.00', 2, '2020-12-03 11:27:15', '2020-12-03 11:27:38'),
(1475, NULL, 78, 1, '2020-12-03', '11:27:39', '00:02:39', 'ATENDIDO', NULL, 0, 'EFECTIVO', '20.00', 2, '2020-12-03 12:30:27', '2020-12-03 12:31:08'),
(1476, NULL, 783, 4, '2020-12-03', '11:19:34', '23:54:34', 'ATENDIDO', NULL, 0, 'EFECTIVO', '20.00', 2, '2020-12-03 12:32:52', '2020-12-03 12:33:20'),
(1477, NULL, 1, 4, '2020-12-03', '12:26:26', '13:01:26', 'ATENDIDO', NULL, 0, 'EFECTIVO', '20.00', 2, '2020-12-03 12:33:54', '2020-12-03 13:03:09'),
(1478, NULL, 1, 1, '2020-12-03', '12:31:21', '13:06:21', 'ATENDIDO', NULL, 0, 'EFECTIVO', '20.00', 2, '2020-12-03 12:34:39', '2020-12-03 15:15:04'),
(1479, NULL, 373, 4, '2020-12-03', '13:04:50', '13:39:50', 'ATENDIDO', NULL, 0, 'EFECTIVO', '20.00', 2, '2020-12-03 13:05:03', '2020-12-03 15:14:40'),
(1480, NULL, 393, 1, '2020-12-03', '15:26:29', '16:01:29', 'ATENDIDO', NULL, 0, 'TARJETA', '20.00', 2, '2020-12-03 15:28:03', '2020-12-03 15:29:31'),
(1481, NULL, 17, 4, '2020-12-03', '15:47:18', '16:22:18', 'ATENDIDO', NULL, 0, 'EFECTIVO', '20.00', 2, '2020-12-03 16:33:28', '2020-12-03 16:34:00'),
(1482, NULL, 306, 1, '2020-12-03', '16:57:18', '17:32:18', 'ATENDIDO', NULL, 0, 'EFECTIVO', '20.00', 2, '2020-12-03 17:33:47', '2020-12-03 17:34:16'),
(1483, NULL, 784, 4, '2020-12-03', '17:20:27', '17:55:27', 'ATENDIDO', NULL, 0, 'EFECTIVO', '20.00', 2, '2020-12-03 18:00:57', '2020-12-03 18:01:05'),
(1484, NULL, 257, 4, '2020-12-03', '18:01:16', '18:21:16', 'ATENDIDO', NULL, 0, 'EFECTIVO', '15.00', 2, '2020-12-03 18:01:57', '2020-12-03 18:53:14'),
(1485, NULL, 437, 1, '2020-12-03', '17:55:12', '18:30:12', 'ATENDIDO', NULL, 0, 'EFECTIVO', '20.00', 2, '2020-12-03 18:41:43', '2020-12-03 18:53:05'),
(1486, NULL, 179, 1, '2020-12-03', '19:00:11', '19:35:11', 'ATENDIDO', NULL, 0, 'TARJETA', '20.00', 2, '2020-12-03 18:58:33', '2020-12-03 20:01:51'),
(1487, NULL, 399, 1, '2020-12-03', '16:00:33', '16:35:33', 'ATENDIDO', NULL, 0, 'EFECTIVO', '20.00', 2, '2020-12-03 19:19:00', '2020-12-03 19:19:11'),
(1488, NULL, 785, 4, '2020-12-03', '18:47:08', '19:22:08', 'ATENDIDO', NULL, 0, 'EFECTIVO', '20.00', 2, '2020-12-03 19:32:20', '2020-12-03 19:41:49'),
(1489, NULL, 786, 4, '2020-12-04', '12:16:35', '12:51:35', 'ATENDIDO', NULL, 0, 'EFECTIVO', '20.00', 2, '2020-12-04 12:17:49', '2020-12-04 12:18:00'),
(1490, NULL, 707, 1, '2020-12-04', '23:20:22', '23:55:22', 'ATENDIDO', NULL, 0, 'EFECTIVO', '20.00', 2, '2020-12-04 12:24:40', '2020-12-04 12:30:46'),
(1491, NULL, 787, 1, '2020-12-04', '12:35:34', '13:10:34', 'ATENDIDO', NULL, 0, 'EFECTIVO', '20.00', 2, '2020-12-04 12:46:22', '2020-12-04 13:09:07'),
(1492, NULL, 1, 4, '2020-12-04', '12:25:05', '13:00:05', 'ATENDIDO', NULL, 0, 'EFECTIVO', '20.00', 2, '2020-12-04 12:54:24', '2020-12-04 14:54:34'),
(1493, NULL, 52, 1, '2020-12-04', '13:10:23', '13:45:23', 'ATENDIDO', NULL, 0, 'EFECTIVO', '20.00', 2, '2020-12-04 12:58:10', '2020-12-04 14:54:50'),
(1494, NULL, 22, 1, '2020-12-04', '13:10:14', '13:45:14', 'ATENDIDO', NULL, 0, 'EFECTIVO', '20.00', 2, '2020-12-04 12:58:48', '2020-12-04 14:55:25'),
(1495, NULL, 490, 4, '2020-12-04', '13:15:19', '13:50:19', 'ATENDIDO', NULL, 0, 'EFECTIVO', '20.00', 2, '2020-12-04 14:57:49', '2020-12-04 14:58:37'),
(1496, NULL, 1, 4, '2020-12-04', '14:03:53', '14:38:53', 'ATENDIDO', NULL, 0, 'EFECTIVO', '20.00', 2, '2020-12-04 14:58:14', '2020-12-04 14:58:54'),
(1497, NULL, 111, 1, '2020-12-04', '15:28:47', '16:08:47', 'ATENDIDO', NULL, 0, 'EFECTIVO', '35.00', 2, '2020-12-04 15:29:09', '2020-12-04 16:52:52'),
(1498, NULL, 19, 1, '2020-12-04', '17:12:17', '17:47:17', 'ATENDIDO', NULL, 0, 'TARJETA', '20.00', 2, '2020-12-04 17:12:31', '2020-12-04 17:48:58'),
(1499, NULL, 788, 4, '2020-12-04', '15:36:22', '16:16:22', 'ATENDIDO', NULL, 0, 'EFECTIVO', '35.00', 2, '2020-12-04 17:44:59', '2020-12-04 17:45:36'),
(1500, NULL, 778, 1, '2020-12-04', '17:49:01', '18:24:01', 'ATENDIDO', NULL, 0, 'EFECTIVO', '20.00', 2, '2020-12-04 18:28:37', '2020-12-04 18:32:58'),
(1501, NULL, 683, 1, '2020-12-04', '19:31:49', '20:06:49', 'ATENDIDO', NULL, 0, 'EFECTIVO', '20.00', 2, '2020-12-04 19:33:21', '2020-12-04 19:34:11'),
(1502, NULL, 789, 4, '2020-12-04', '19:09:36', '19:44:36', 'ATENDIDO', NULL, 0, 'EFECTIVO', '30.00', 2, '2020-12-04 19:44:01', '2020-12-04 19:44:23'),
(1503, NULL, 79, 1, '2020-12-05', '10:25:37', '11:00:37', 'ATENDIDO', NULL, 0, 'EFECTIVO', '20.00', 2, '2020-12-05 10:26:00', '2020-12-05 11:02:34'),
(1504, NULL, 790, 4, '2020-12-05', '11:05:12', '11:40:12', 'ATENDIDO', NULL, 0, 'EFECTIVO', '20.00', 2, '2020-12-05 11:49:36', '2020-12-05 11:51:34'),
(1505, NULL, 339, 1, '2020-12-05', '11:02:18', '12:35:18', 'ATENDIDO', NULL, 0, 'EFECTIVO', '20.00', 2, '2020-12-05 12:01:08', '2020-12-05 12:01:34'),
(1506, NULL, 1, 4, '2020-12-05', '11:50:12', '00:25:12', 'ATENDIDO', NULL, 0, 'EFECTIVO', '20.00', 2, '2020-12-05 12:23:59', '2020-12-05 12:24:29'),
(1507, NULL, 735, 1, '2020-12-05', '12:00:25', '12:35:25', 'ATENDIDO', NULL, 0, 'EFECTIVO', '20.00', 2, '2020-12-05 12:39:16', '2020-12-05 12:39:35'),
(1508, NULL, 791, 4, '2020-12-05', '15:44:48', '16:19:48', 'ATENDIDO', NULL, 0, 'EFECTIVO', '20.00', 2, '2020-12-05 15:52:29', '2020-12-05 15:54:55'),
(1509, NULL, 792, 5, '2020-12-05', '15:52:38', '16:27:38', 'ATENDIDO', NULL, 0, 'EFECTIVO', '20.00', 2, '2020-12-05 15:54:25', '2020-12-05 16:30:00'),
(1510, NULL, 793, 1, '2020-12-05', '15:40:28', '16:15:28', 'ATENDIDO', NULL, 0, 'EFECTIVO', '20.00', 2, '2020-12-05 15:58:25', '2020-12-05 15:58:37'),
(1511, NULL, 794, 1, '2020-12-05', '16:15:08', '16:50:08', 'ATENDIDO', NULL, 0, 'EFECTIVO', '20.00', 2, '2020-12-05 17:26:59', '2020-12-05 18:09:04'),
(1512, NULL, 141, 4, '2020-12-05', '16:42:06', '17:22:06', 'ATENDIDO', NULL, 0, 'EFECTIVO', '30.00', 2, '2020-12-05 18:08:33', '2020-12-05 18:09:11'),
(1513, NULL, 715, 1, '2020-12-05', '18:27:43', '19:07:43', 'ATENDIDO', NULL, 0, 'EFECTIVO', '30.00', 2, '2020-12-05 18:28:46', '2020-12-05 18:28:57'),
(1514, NULL, 795, 5, '2020-12-05', '17:32:45', '18:12:45', 'ATENDIDO', NULL, 0, 'EFECTIVO', '30.00', 2, '2020-12-05 18:34:43', '2020-12-05 18:35:08'),
(1515, NULL, 476, 5, '2020-12-05', '19:03:39', '19:38:39', 'ATENDIDO', NULL, 0, 'EFECTIVO', '20.00', 2, '2020-12-05 19:04:05', '2020-12-05 19:53:05'),
(1516, NULL, 796, 1, '2020-12-05', '18:28:58', '19:03:58', 'ATENDIDO', NULL, 0, 'EFECTIVO', '20.00', 2, '2020-12-05 19:07:08', '2020-12-05 19:07:18'),
(1517, NULL, 797, 4, '2020-12-05', '18:06:55', '18:41:55', 'ATENDIDO', NULL, 0, 'EFECTIVO', '20.00', 2, '2020-12-05 19:16:26', '2020-12-05 19:16:53'),
(1518, NULL, 798, 1, '2020-12-07', '10:30:48', '11:05:48', 'ATENDIDO', NULL, 0, 'TARJETA', '20.00', 2, '2020-12-07 11:26:27', '2020-12-07 11:27:11'),
(1519, NULL, 799, 4, '2020-12-07', '12:00:06', '12:35:06', 'ATENDIDO', NULL, 0, 'EFECTIVO', '20.00', 2, '2020-12-07 12:49:21', '2020-12-07 12:49:28'),
(1520, NULL, 77, 1, '2020-12-07', '12:52:40', '13:27:40', 'ATENDIDO', NULL, 0, 'EFECTIVO', '20.00', 2, '2020-12-07 12:50:45', '2020-12-07 15:37:06'),
(1521, NULL, 800, 1, '2020-12-07', '12:00:59', '12:35:59', 'ATENDIDO', NULL, 0, 'EFECTIVO', '20.00', 2, '2020-12-07 12:52:58', '2020-12-07 12:56:23'),
(1522, NULL, 801, 1, '2020-12-07', '14:55:38', '15:30:38', 'ATENDIDO', NULL, 0, 'EFECTIVO', '20.00', 2, '2020-12-07 15:36:58', '2020-12-07 15:37:14'),
(1523, NULL, 1, 4, '2020-12-07', '14:55:29', '15:30:29', 'ATENDIDO', NULL, 0, 'EFECTIVO', '20.00', 2, '2020-12-07 15:37:38', '2020-12-07 17:14:51'),
(1524, NULL, 319, 1, '2020-12-07', '16:27:00', '17:02:00', 'ATENDIDO', 3, 0, 'EFECTIVO', '15.00', 2, '2020-12-07 17:17:35', '2020-12-07 17:18:31'),
(1525, NULL, 709, 1, '2020-12-07', '17:18:18', '17:58:18', 'ATENDIDO', NULL, 0, 'EFECTIVO', '35.00', 2, '2020-12-07 18:47:14', '2020-12-07 18:47:36'),
(1526, NULL, 183, 1, '2020-12-07', '18:47:50', '19:22:50', 'ATENDIDO', NULL, 0, 'EFECTIVO', '35.00', 2, '2020-12-07 18:48:26', '2020-12-07 19:47:27'),
(1527, NULL, 802, 4, '2020-12-07', '17:37:41', '18:12:41', 'ATENDIDO', NULL, 0, 'EFECTIVO', '20.00', 2, '2020-12-07 18:51:32', '2020-12-07 18:51:41'),
(1528, NULL, 803, 4, '2020-12-07', '18:16:54', '18:51:54', 'ATENDIDO', NULL, 0, 'EFECTIVO', '20.00', 2, '2020-12-07 18:53:01', '2020-12-07 19:03:33'),
(1529, NULL, 804, 4, '2020-12-07', '19:05:56', '19:45:56', 'ATENDIDO', NULL, 0, 'EFECTIVO', '35.00', 2, '2020-12-07 19:31:06', '2020-12-07 19:45:58'),
(1530, NULL, 415, 1, '2020-12-07', '19:47:48', '20:22:48', 'ATENDIDO', NULL, 0, 'EFECTIVO', '20.00', 2, '2020-12-07 19:47:57', '2020-12-07 20:22:10'),
(1531, NULL, 805, 4, '2020-12-07', '20:22:23', '20:57:23', 'ATENDIDO', NULL, 0, 'EFECTIVO', '20.00', 2, '2020-12-07 20:24:08', '2020-12-07 20:25:57'),
(1532, NULL, 254, 4, '2020-12-08', '10:53:07', '11:28:07', 'ATENDIDO', NULL, 0, 'EFECTIVO', '20.00', 2, '2020-12-08 10:53:17', '2020-12-08 11:40:51'),
(1533, NULL, 649, 1, '2020-12-08', '11:12:51', '11:47:51', 'ATENDIDO', NULL, 0, 'EFECTIVO', '20.00', 2, '2020-12-08 11:12:59', '2020-12-08 12:13:09'),
(1534, NULL, 321, 4, '2020-12-08', '11:41:05', '12:16:05', 'ATENDIDO', NULL, 0, 'EFECTIVO', '20.00', 2, '2020-12-08 11:41:16', '2020-12-08 12:20:42'),
(1535, NULL, 593, 1, '2020-12-08', '12:13:20', '12:48:20', 'ATENDIDO', NULL, 0, 'EFECTIVO', '20.00', 2, '2020-12-08 12:13:31', '2020-12-08 13:08:40'),
(1536, NULL, 593, 4, '2020-12-08', '12:20:54', '12:55:54', 'ATENDIDO', NULL, 0, 'EFECTIVO', '20.00', 2, '2020-12-08 12:21:06', '2020-12-08 13:02:39'),
(1537, NULL, 1, 1, '2020-12-08', '14:57:29', '15:32:29', 'ATENDIDO', NULL, 0, 'EFECTIVO', '20.00', 2, '2020-12-08 14:57:37', '2020-12-08 14:57:51'),
(1538, NULL, 1, 1, '2020-12-08', '14:58:07', '15:33:07', 'ATENDIDO', NULL, 0, 'EFECTIVO', '20.00', 2, '2020-12-08 14:58:34', '2020-12-08 14:59:05'),
(1539, NULL, 588, 4, '2020-12-09', '10:25:27', '11:05:27', 'ATENDIDO', NULL, 0, 'EFECTIVO', '30.00', 2, '2020-12-09 11:30:20', '2020-12-09 11:30:27'),
(1540, NULL, 204, 1, '2020-12-09', '11:52:28', '12:27:28', 'ATENDIDO', NULL, 0, 'EFECTIVO', '20.00', 2, '2020-12-09 11:52:42', '2020-12-09 12:47:08'),
(1541, NULL, 1, 4, '2020-12-09', '12:50:46', '13:25:46', 'ATENDIDO', NULL, 0, 'EFECTIVO', '20.00', 2, '2020-12-09 12:51:10', '2020-12-09 15:03:08'),
(1542, NULL, 1, 1, '2020-12-09', '12:04:23', '12:39:23', 'ATENDIDO', NULL, 0, 'EFECTIVO', '20.00', 2, '2020-12-09 12:52:18', '2020-12-09 15:03:01'),
(1543, NULL, 1, 6, '2020-12-09', '12:56:54', '13:31:54', 'ATENDIDO', NULL, 0, 'EFECTIVO', '20.00', 2, '2020-12-09 12:56:59', '2020-12-09 15:03:18'),
(1544, NULL, 740, 4, '2020-12-09', '15:11:52', '15:46:52', 'ATENDIDO', NULL, 0, 'EFECTIVO', '20.00', 2, '2020-12-09 15:12:24', '2020-12-09 15:12:30'),
(1545, NULL, 376, 1, '2020-12-09', '15:18:52', '15:53:52', 'ATENDIDO', NULL, 0, 'EFECTIVO', '20.00', 2, '2020-12-09 15:19:05', '2020-12-09 15:19:35'),
(1546, NULL, 806, 1, '2020-12-09', '15:19:47', '15:54:47', 'ATENDIDO', NULL, 0, 'TARJETA', '20.00', 2, '2020-12-09 15:19:58', '2020-12-09 16:05:15'),
(1547, NULL, 394, 1, '2020-12-09', '17:14:55', '17:49:55', 'ATENDIDO', NULL, 0, 'EFECTIVO', '20.00', 2, '2020-12-09 17:47:16', '2020-12-09 17:47:42'),
(1548, NULL, 1, 6, '2020-12-09', '17:33:29', '18:08:29', 'ATENDIDO', NULL, 0, 'EFECTIVO', '20.00', 2, '2020-12-09 17:59:02', '2020-12-09 17:59:10'),
(1549, NULL, 326, 1, '2020-12-09', '18:04:07', '18:39:07', 'ATENDIDO', NULL, 0, 'EFECTIVO', '20.00', 2, '2020-12-09 19:12:35', '2020-12-09 19:13:08'),
(1550, NULL, 807, 4, '2020-12-09', '20:00:22', '20:35:22', 'ATENDIDO', NULL, 0, 'EFECTIVO', '20.00', 2, '2020-12-09 20:01:27', '2020-12-09 20:13:11'),
(1551, NULL, 329, 6, '2020-12-09', '20:12:37', '20:47:37', 'ATENDIDO', NULL, 0, 'EFECTIVO', '20.00', 2, '2020-12-09 20:13:02', '2020-12-09 20:13:20'),
(1552, NULL, 558, 1, '2020-12-10', '10:38:09', '11:13:09', 'ATENDIDO', 4, 0, 'EFECTIVO', '15.00', 2, '2020-12-10 10:39:19', '2020-12-10 11:40:14'),
(1553, NULL, 269, 1, '2020-12-10', '11:30:19', '00:05:19', 'ATENDIDO', NULL, 0, 'EFECTIVO', '20.00', 2, '2020-12-10 12:16:35', '2020-12-10 12:26:10'),
(1554, NULL, 256, 1, '2020-12-10', '12:20:00', '12:55:00', 'ATENDIDO', NULL, 0, 'EFECTIVO', '20.00', 2, '2020-12-10 12:52:40', '2020-12-10 12:52:57'),
(1555, NULL, 1, 1, '2020-12-10', '12:59:56', '13:34:56', 'ATENDIDO', NULL, 0, 'EFECTIVO', '20.00', 2, '2020-12-10 13:00:06', '2020-12-10 14:58:41'),
(1556, NULL, 1, 4, '2020-12-10', '11:30:34', '12:05:34', 'ATENDIDO', NULL, 0, 'EFECTIVO', '20.00', 2, '2020-12-10 13:01:06', '2020-12-10 14:57:27'),
(1557, NULL, 1, 4, '2020-12-10', '12:12:30', '12:47:30', 'ATENDIDO', NULL, 0, 'EFECTIVO', '20.00', 2, '2020-12-10 13:01:38', '2020-12-10 14:57:46'),
(1558, NULL, 1, 1, '2020-12-10', '14:59:35', '15:34:35', 'ATENDIDO', NULL, 0, 'EFECTIVO', '35.00', 2, '2020-12-10 15:00:49', '2020-12-10 15:22:35'),
(1559, NULL, 1, 4, '2020-12-10', '15:01:04', '15:31:04', 'ATENDIDO', NULL, 0, 'EFECTIVO', '20.00', 2, '2020-12-10 15:01:10', '2020-12-10 15:22:47'),
(1560, NULL, 808, 6, '2020-12-10', '15:15:12', '15:50:12', 'ATENDIDO', NULL, 0, 'EFECTIVO', '20.00', 2, '2020-12-10 16:28:35', '2020-12-10 16:29:48'),
(1561, NULL, 154, 4, '2020-12-10', '15:54:57', '16:29:57', 'ATENDIDO', NULL, 0, 'EFECTIVO', '20.00', 2, '2020-12-10 16:33:05', '2020-12-10 16:55:13'),
(1562, NULL, 809, 1, '2020-12-10', '14:59:13', '15:39:13', 'ATENDIDO', NULL, 0, 'TARJETA', '35.00', 2, '2020-12-10 16:52:12', '2020-12-10 16:53:45'),
(1563, NULL, 318, 6, '2020-12-10', '17:10:02', '17:45:02', 'ATENDIDO', NULL, 0, 'EFECTIVO', '20.00', 2, '2020-12-10 17:10:14', '2020-12-10 17:10:39'),
(1564, NULL, 635, 6, '2020-12-10', '17:40:13', '18:15:13', 'ATENDIDO', NULL, 0, 'TARJETA', '20.00', 2, '2020-12-10 18:15:53', '2020-12-10 18:21:29'),
(1565, NULL, 810, 6, '2020-12-10', '18:44:08', '19:19:08', 'ATENDIDO', NULL, 0, 'EFECTIVO', '20.00', 2, '2020-12-10 18:45:38', '2020-12-10 18:45:51'),
(1566, NULL, 523, 1, '2020-12-10', '18:22:09', '18:57:09', 'ATENDIDO', NULL, 0, 'TARJETA', '20.00', 2, '2020-12-10 19:03:21', '2020-12-10 19:04:22'),
(1567, NULL, 811, 6, '2020-12-10', '19:00:08', '19:40:08', 'ATENDIDO', NULL, 0, 'EFECTIVO', '30.00', 2, '2020-12-10 19:39:22', '2020-12-10 19:39:30'),
(1568, NULL, 325, 1, '2020-12-10', '19:10:01', '19:50:01', 'ATENDIDO', NULL, 0, 'EFECTIVO', '30.00', 2, '2020-12-10 20:03:16', '2020-12-10 20:13:32'),
(1569, NULL, 812, 6, '2020-12-10', '20:09:13', '20:44:13', 'ATENDIDO', NULL, 0, 'EFECTIVO', '20.00', 2, '2020-12-10 20:10:39', '2020-12-10 20:11:00'),
(1570, NULL, 76, 1, '2020-12-11', '10:20:00', '10:55:00', 'ATENDIDO', NULL, 0, 'EFECTIVO', '20.00', 2, '2020-12-11 10:55:56', '2020-12-11 10:56:29'),
(1571, NULL, 208, 1, '2020-12-11', '11:20:14', '11:55:14', 'ATENDIDO', NULL, 0, 'TARJETA', '20.00', 2, '2020-12-11 11:55:54', '2020-12-11 11:56:15'),
(1572, NULL, 269, 1, '2020-12-11', '12:00:45', '12:35:45', 'ATENDIDO', NULL, 0, 'EFECTIVO', '20.00', 2, '2020-12-11 12:30:37', '2020-12-11 12:31:14'),
(1573, NULL, 813, 6, '2020-12-11', '14:20:58', '14:55:58', 'ATENDIDO', NULL, 0, 'EFECTIVO', '20.00', 2, '2020-12-11 14:22:15', '2020-12-11 14:22:22'),
(1574, NULL, 504, 1, '2020-12-11', '16:12:30', '16:47:30', 'ATENDIDO', NULL, 0, 'EFECTIVO', '20.00', 2, '2020-12-11 16:54:03', '2020-12-11 16:54:45'),
(1575, NULL, 814, 6, '2020-12-11', '16:21:10', '16:56:10', 'ATENDIDO', NULL, 0, 'EFECTIVO', '20.00', 2, '2020-12-11 16:59:29', '2020-12-11 17:26:21'),
(1576, NULL, 560, 1, '2020-12-11', '16:54:30', '17:29:30', 'ATENDIDO', NULL, 0, 'EFECTIVO', '20.00', 2, '2020-12-11 17:27:41', '2020-12-11 17:27:48'),
(1577, NULL, 815, 1, '2020-12-11', '17:30:00', '18:05:00', 'ATENDIDO', NULL, 0, 'EFECTIVO', '20.00', 2, '2020-12-11 18:03:15', '2020-12-11 18:04:20'),
(1578, NULL, 753, 1, '2020-12-11', '19:40:15', '20:05:15', 'ATENDIDO', NULL, 0, 'EFECTIVO', '20.00', 2, '2020-12-11 18:11:32', '2020-12-11 20:04:41'),
(1579, NULL, 816, 1, '2020-12-11', '18:40:50', '19:15:50', 'ATENDIDO', NULL, 0, 'EFECTIVO', '20.00', 2, '2020-12-11 19:22:01', '2020-12-11 19:53:49'),
(1580, NULL, 626, 1, '2020-12-11', '18:53:44', '19:28:44', 'ATENDIDO', NULL, 0, 'EFECTIVO', '20.00', 2, '2020-12-11 19:53:20', '2020-12-11 19:54:04'),
(1581, NULL, 116, 1, '2020-12-12', '11:05:15', '11:40:15', 'ATENDIDO', NULL, 0, 'EFECTIVO', '20.00', 2, '2020-12-12 11:47:49', '2020-12-12 11:48:01'),
(1582, NULL, 817, 4, '2020-12-12', '11:04:25', '11:39:25', 'ATENDIDO', NULL, 0, 'EFECTIVO', '20.00', 2, '2020-12-12 11:52:13', '2020-12-12 11:52:23'),
(1583, NULL, 413, 6, '2020-12-12', '11:16:06', '11:51:06', 'ATENDIDO', NULL, 0, 'EFECTIVO', '20.00', 2, '2020-12-12 11:55:37', '2020-12-12 11:55:58'),
(1584, NULL, 818, 4, '2020-12-12', '11:57:34', '00:32:34', 'ATENDIDO', NULL, 0, 'EFECTIVO', '20.00', 2, '2020-12-12 12:05:41', '2020-12-12 12:58:22'),
(1585, NULL, 231, 1, '2020-12-12', '11:47:19', '00:22:19', 'ATENDIDO', NULL, 0, 'EFECTIVO', '20.00', 2, '2020-12-12 12:27:50', '2020-12-12 12:30:12'),
(1586, NULL, 1, 1, '2020-12-12', '12:30:33', '13:05:33', 'ATENDIDO', NULL, 0, 'EFECTIVO', '20.00', 2, '2020-12-12 12:58:46', '2020-12-12 15:05:57'),
(1587, NULL, 1, 6, '2020-12-12', '12:20:32', '13:00:32', 'ATENDIDO', NULL, 0, 'EFECTIVO', '30.00', 2, '2020-12-12 12:59:48', '2020-12-12 15:05:25'),
(1588, NULL, 1, 4, '2020-12-12', '12:50:07', '13:25:07', 'ATENDIDO', NULL, 0, 'EFECTIVO', '20.00', 2, '2020-12-12 13:00:27', '2020-12-12 15:06:11'),
(1589, NULL, 639, 6, '2020-12-12', '14:58:49', '15:33:49', 'ATENDIDO', NULL, 0, 'EFECTIVO', '20.00', 2, '2020-12-12 14:59:29', '2020-12-12 15:05:46'),
(1590, NULL, 1, 1, '2020-12-12', '13:42:54', '14:17:54', 'ATENDIDO', NULL, 0, 'TARJETA', '20.00', 2, '2020-12-12 15:08:37', '2020-12-12 15:09:09'),
(1591, NULL, 596, 1, '2020-12-12', '15:00:24', '15:35:24', 'ATENDIDO', NULL, 0, 'EFECTIVO', '20.00', 2, '2020-12-12 15:36:56', '2020-12-12 16:11:23'),
(1592, NULL, 414, 6, '2020-12-12', '15:40:29', '16:15:29', 'ATENDIDO', NULL, 0, 'EFECTIVO', '20.00', 2, '2020-12-12 16:12:10', '2020-12-12 16:12:33'),
(1593, NULL, 819, 1, '2020-12-12', '16:30:41', '17:10:41', 'ATENDIDO', NULL, 0, 'EFECTIVO', '35.00', 2, '2020-12-12 17:55:56', '2020-12-12 17:56:16'),
(1594, NULL, 111, 1, '2020-12-12', '17:56:22', '18:31:22', 'ATENDIDO', NULL, 0, 'EFECTIVO', '20.00', 2, '2020-12-12 17:56:35', '2020-12-12 18:47:44'),
(1595, NULL, 1, 4, '2020-12-12', '17:00:00', '17:40:00', 'ATENDIDO', NULL, 0, 'EFECTIVO', '35.00', 2, '2020-12-12 18:31:04', '2020-12-12 18:31:18'),
(1596, NULL, 143, 1, '2020-12-12', '18:47:37', '19:22:37', 'ATENDIDO', NULL, 0, 'EFECTIVO', '20.00', 2, '2020-12-12 19:18:51', '2020-12-12 19:19:22'),
(1597, NULL, 510, 1, '2020-12-12', '19:36:56', '20:11:56', 'ATENDIDO', NULL, 0, 'EFECTIVO', '20.00', 2, '2020-12-12 20:23:13', '2020-12-12 20:26:38'),
(1598, NULL, 345, 4, '2020-12-12', '20:26:49', '21:01:49', 'ATENDIDO', NULL, 0, 'TARJETA', '20.00', 2, '2020-12-12 20:26:59', '2020-12-12 20:28:25'),
(1599, NULL, 345, 6, '2020-12-12', '20:27:05', '21:02:05', 'ATENDIDO', NULL, 0, 'TARJETA', '20.00', 2, '2020-12-12 20:27:28', '2020-12-12 20:29:01'),
(1600, NULL, 820, 4, '2020-12-14', '11:10:31', '11:45:31', 'ATENDIDO', NULL, 0, 'EFECTIVO', '20.00', 2, '2020-12-14 11:10:51', '2020-12-14 11:56:54'),
(1601, NULL, 762, 1, '2020-12-14', '11:28:19', '12:03:19', 'ATENDIDO', NULL, 0, 'EFECTIVO', '20.00', 2, '2020-12-14 11:28:24', '2020-12-14 12:20:04'),
(1602, NULL, 763, 4, '2020-12-14', '11:57:58', '12:32:58', 'ATENDIDO', NULL, 0, 'EFECTIVO', '20.00', 2, '2020-12-14 13:06:42', '2020-12-14 13:07:05'),
(1603, NULL, 821, 1, '2020-12-14', '15:13:16', '15:48:16', 'ATENDIDO', NULL, 0, 'EFECTIVO', '20.00', 2, '2020-12-14 15:16:01', '2020-12-14 15:16:08'),
(1604, NULL, 822, 1, '2020-12-14', '16:00:17', '16:35:17', 'ATENDIDO', NULL, 0, 'EFECTIVO', '20.00', 2, '2020-12-14 16:20:31', '2020-12-14 16:20:43'),
(1605, NULL, 129, 4, '2020-12-14', '14:40:56', '15:15:56', 'ATENDIDO', NULL, 0, 'EFECTIVO', '20.00', 2, '2020-12-14 16:21:40', '2020-12-14 16:22:37'),
(1606, NULL, 129, 1, '2020-12-14', '15:20:03', '15:55:03', 'ATENDIDO', NULL, 0, 'EFECTIVO', '20.00', 2, '2020-12-14 16:22:27', '2020-12-14 16:22:46'),
(1607, NULL, 382, 1, '2020-12-15', '11:34:12', '00:09:12', 'ATENDIDO', NULL, 0, 'EFECTIVO', '20.00', 2, '2020-12-15 12:29:32', '2020-12-15 12:33:08'),
(1608, NULL, 1, 1, '2020-12-15', '12:33:28', '13:08:28', 'ATENDIDO', NULL, 0, 'EFECTIVO', '20.00', 2, '2020-12-15 12:33:38', '2020-12-15 15:00:51'),
(1609, NULL, 456, 1, '2020-12-15', '15:07:08', '15:42:08', 'ATENDIDO', NULL, 0, 'EFECTIVO', '20.00', 2, '2020-12-15 15:08:03', '2020-12-15 15:11:13'),
(1610, NULL, 131, 1, '2020-12-15', '15:26:09', '16:01:09', 'ATENDIDO', NULL, 0, 'TARJETA', '20.00', 2, '2020-12-15 15:36:27', '2020-12-15 16:10:00'),
(1611, NULL, 823, 4, '2020-12-15', '15:11:40', '15:46:40', 'ATENDIDO', NULL, 0, 'EFECTIVO', '20.00', 2, '2020-12-15 16:05:10', '2020-12-15 16:05:18'),
(1612, NULL, 513, 6, '2020-12-15', '15:07:37', '15:42:37', 'ATENDIDO', NULL, 0, 'EFECTIVO', '20.00', 2, '2020-12-15 16:17:00', '2020-12-15 17:01:11'),
(1613, NULL, 824, 4, '2020-12-15', '17:55:27', '18:30:27', 'ATENDIDO', NULL, 0, 'TARJETA', '30.00', 2, '2020-12-15 19:22:58', '2020-12-15 19:25:01'),
(1614, NULL, 434, 6, '2020-12-15', '20:14:13', '20:49:13', 'ATENDIDO', NULL, 0, 'EFECTIVO', '20.00', 2, '2020-12-15 20:14:27', '2020-12-15 20:19:32'),
(1615, NULL, 92, 4, '2020-12-16', '11:31:01', '00:06:01', 'ATENDIDO', NULL, 0, 'EFECTIVO', '20.00', 2, '2020-12-16 12:30:15', '2020-12-16 12:30:42'),
(1616, NULL, 451, 1, '2020-12-16', '15:24:44', '15:59:44', 'ATENDIDO', NULL, 0, 'EFECTIVO', '20.00', 2, '2020-12-16 16:25:15', '2020-12-16 16:25:23'),
(1617, NULL, 15, 4, '2020-12-16', '16:30:47', '17:05:47', 'ATENDIDO', 4, 0, 'EFECTIVO', '15.00', 2, '2020-12-16 16:31:00', '2020-12-16 18:30:53'),
(1618, NULL, 299, 1, '2020-12-16', '17:27:29', '18:02:29', 'ATENDIDO', NULL, 0, 'EFECTIVO', '20.00', 2, '2020-12-16 18:19:58', '2020-12-16 18:20:04'),
(1619, NULL, 825, 6, '2020-12-16', '18:11:41', '18:46:41', 'ATENDIDO', NULL, 0, 'EFECTIVO', '20.00', 2, '2020-12-16 18:42:04', '2020-12-16 18:45:13'),
(1620, NULL, 826, 1, '2020-12-16', '18:56:00', '19:31:00', 'ATENDIDO', NULL, 0, 'EFECTIVO', '20.00', 2, '2020-12-16 18:58:55', '2020-12-16 19:37:11'),
(1621, NULL, 1, 6, '2020-12-16', '19:35:30', '20:10:30', 'ATENDIDO', NULL, 0, 'EFECTIVO', '20.00', 2, '2020-12-16 20:13:47', '2020-12-16 20:14:17'),
(1622, NULL, 723, 1, '2020-12-16', '19:40:37', '20:15:37', 'ATENDIDO', NULL, 0, 'EFECTIVO', '20.00', 2, '2020-12-16 20:23:12', '2020-12-16 20:23:42'),
(1623, NULL, 1, 4, '2020-12-16', '20:24:05', '20:59:05', 'ATENDIDO', NULL, 0, 'EFECTIVO', '20.00', 2, '2020-12-16 20:24:17', '2020-12-16 20:24:45'),
(1624, NULL, 692, 4, '2020-12-17', '22:50:40', '23:25:40', 'ATENDIDO', NULL, 0, 'EFECTIVO', '20.00', 2, '2020-12-17 12:17:07', '2020-12-17 12:17:18'),
(1625, NULL, 827, 1, '2020-12-17', '12:01:57', '12:36:57', 'ATENDIDO', NULL, 0, 'EFECTIVO', '20.00', 2, '2020-12-17 12:46:40', '2020-12-17 12:48:04'),
(1626, NULL, 1, 1, '2020-12-17', '12:46:33', '13:21:33', 'ATENDIDO', NULL, 0, 'EFECTIVO', '20.00', 2, '2020-12-17 13:15:03', '2020-12-17 18:48:12'),
(1627, NULL, 1, 4, '2020-12-17', '16:36:38', '17:11:38', 'ATENDIDO', NULL, 0, 'EFECTIVO', '20.00', 2, '2020-12-17 18:49:38', '2020-12-17 18:49:49'),
(1628, NULL, 1, 1, '2020-12-17', '18:51:27', '19:26:27', 'ATENDIDO', NULL, 0, 'EFECTIVO', '20.00', 2, '2020-12-17 18:54:29', '2020-12-17 19:02:23'),
(1629, NULL, 1, 1, '2020-12-17', '18:55:01', '19:30:01', 'ATENDIDO', NULL, 0, 'EFECTIVO', '20.00', 2, '2020-12-17 18:55:07', '2020-12-17 19:02:30'),
(1630, NULL, 456, 1, '2020-12-17', '18:55:21', '19:30:21', 'ATENDIDO', NULL, 0, 'TARJETA', '20.00', 2, '2020-12-17 18:56:33', '2020-12-17 19:19:34'),
(1631, NULL, 456, 1, '2020-12-17', '18:56:53', '19:31:53', 'ATENDIDO', NULL, 0, 'TARJETA', '20.00', 2, '2020-12-17 18:57:13', '2020-12-17 19:19:42'),
(1632, NULL, 590, 4, '2020-12-17', '18:57:29', '19:32:29', 'ATENDIDO', NULL, 0, 'EFECTIVO', '20.00', 2, '2020-12-17 18:59:16', '2020-12-17 18:59:30'),
(1633, NULL, 19, 1, '2020-12-17', '16:50:37', '17:25:37', 'ATENDIDO', NULL, 0, 'EFECTIVO', '20.00', 2, '2020-12-17 19:15:50', '2020-12-17 19:15:58'),
(1634, NULL, 828, 4, '2020-12-17', '19:51:22', '20:26:22', 'ATENDIDO', NULL, 0, 'EFECTIVO', '20.00', 2, '2020-12-17 19:53:07', '2020-12-17 19:53:26'),
(1635, NULL, 465, 1, '2020-12-17', '19:36:03', '20:11:03', 'ATENDIDO', NULL, 0, 'EFECTIVO', '20.00', 2, '2020-12-17 20:17:46', '2020-12-17 20:17:58'),
(1636, NULL, 627, 4, '2020-12-17', '20:29:47', '21:04:47', 'ATENDIDO', NULL, 0, 'EFECTIVO', '20.00', 2, '2020-12-17 20:30:25', '2020-12-17 20:30:35'),
(1637, NULL, 1, 4, '2020-12-18', '10:45:28', '11:20:28', 'ATENDIDO', NULL, 0, 'EFECTIVO', '20.00', 2, '2020-12-18 11:28:16', '2020-12-18 11:28:25'),
(1638, NULL, 829, 1, '2020-12-18', '10:35:06', '11:10:06', 'ATENDIDO', NULL, 0, 'TARJETA', '20.00', 2, '2020-12-18 11:45:17', '2020-12-18 11:45:33'),
(1639, NULL, 830, 6, '2020-12-18', '11:56:11', '00:31:11', 'ATENDIDO', NULL, 0, 'TARJETA', '20.00', 2, '2020-12-18 12:30:22', '2020-12-18 12:32:05'),
(1640, NULL, 664, 4, '2020-12-18', '11:25:39', '00:00:39', 'ATENDIDO', NULL, 0, 'EFECTIVO', '20.00', 2, '2020-12-18 12:43:23', '2020-12-18 12:43:42'),
(1641, NULL, 530, 1, '2020-12-18', '11:45:02', '00:20:02', 'ATENDIDO', NULL, 0, 'EFECTIVO', '20.00', 2, '2020-12-18 12:47:37', '2020-12-18 12:52:04'),
(1642, NULL, 1, 6, '2020-12-18', '12:35:39', '13:10:39', 'ATENDIDO', NULL, 0, 'EFECTIVO', '20.00', 2, '2020-12-18 12:58:52', '2020-12-18 14:55:54'),
(1643, NULL, 1, 4, '2020-12-18', '13:02:56', '13:37:56', 'ATENDIDO', NULL, 0, 'EFECTIVO', '20.00', 2, '2020-12-18 13:03:13', '2020-12-18 14:56:00'),
(1644, NULL, 28, 6, '2020-12-18', '15:05:45', '15:40:45', 'ATENDIDO', NULL, 0, 'EFECTIVO', '20.00', 2, '2020-12-18 15:44:48', '2020-12-18 15:44:59'),
(1645, NULL, 619, 1, '2020-12-18', '15:08:53', '15:43:53', 'ATENDIDO', NULL, 0, 'EFECTIVO', '20.00', 2, '2020-12-18 16:04:19', '2020-12-18 16:32:04'),
(1646, NULL, 831, 6, '2020-12-18', '16:24:14', '16:59:14', 'ATENDIDO', NULL, 0, 'EFECTIVO', '20.00', 2, '2020-12-18 16:54:32', '2020-12-18 16:54:41'),
(1647, NULL, 292, 1, '2020-12-18', '16:42:55', '17:17:55', 'ATENDIDO', NULL, 0, 'EFECTIVO', '20.00', 2, '2020-12-18 17:49:35', '2020-12-18 17:49:44'),
(1648, NULL, 832, 4, '2020-12-18', '18:27:26', '19:02:26', 'ATENDIDO', NULL, 0, 'EFECTIVO', '20.00', 2, '2020-12-18 18:56:04', '2020-12-18 18:56:12'),
(1649, NULL, 327, 1, '2020-12-18', '20:05:08', '20:40:08', 'ATENDIDO', NULL, 0, 'TARJETA', '20.00', 2, '2020-12-18 19:56:47', '2020-12-18 20:15:26'),
(1650, NULL, 187, 1, '2020-12-18', '19:25:15', '20:00:15', 'ATENDIDO', NULL, 0, 'EFECTIVO', '20.00', 2, '2020-12-18 20:01:36', '2020-12-18 20:04:45'),
(1651, NULL, 1, 4, '2020-12-18', '20:15:36', '20:50:36', 'ATENDIDO', NULL, 0, 'EFECTIVO', '20.00', 2, '2020-12-18 20:16:33', '2020-12-18 20:16:56'),
(1652, NULL, 118, 1, '2020-12-19', '12:25:48', '00:50:48', 'ATENDIDO', NULL, 0, 'EFECTIVO', '20.00', 2, '2020-12-19 11:17:50', '2020-12-19 13:16:40'),
(1653, NULL, 72, 4, '2020-12-19', '10:49:01', '11:24:01', 'ATENDIDO', NULL, 0, 'EFECTIVO', '20.00', 2, '2020-12-19 11:59:34', '2020-12-19 12:01:21'),
(1654, NULL, 76, 6, '2020-12-19', '12:45:44', '13:20:44', 'ATENDIDO', NULL, 0, 'EFECTIVO', '20.00', 2, '2020-12-19 13:19:25', '2020-12-19 13:19:37'),
(1655, NULL, 65, 1, '2020-12-19', '13:20:13', '13:55:13', 'ATENDIDO', NULL, 0, 'EFECTIVO', '20.00', 2, '2020-12-19 13:44:01', '2020-12-19 13:45:44'),
(1656, NULL, 567, 6, '2020-12-19', '13:20:51', '13:55:51', 'ATENDIDO', NULL, 0, 'EFECTIVO', '20.00', 2, '2020-12-19 14:05:17', '2020-12-19 14:06:04'),
(1657, NULL, 39, 1, '2020-12-19', '14:11:31', '14:46:31', 'ATENDIDO', NULL, 0, 'TARJETA', '20.00', 2, '2020-12-19 14:11:51', '2020-12-19 15:12:07'),
(1658, NULL, 38, 1, '2020-12-19', '14:47:18', '15:22:18', 'ATENDIDO', NULL, 0, 'TARJETA', '20.00', 2, '2020-12-19 14:48:07', '2020-12-19 15:12:26'),
(1659, NULL, 833, 4, '2020-12-19', '13:40:37', '14:15:37', 'ATENDIDO', NULL, 0, 'EFECTIVO', '20.00', 2, '2020-12-19 14:51:16', '2020-12-19 14:51:27'),
(1660, NULL, 40, 1, '2020-12-19', '15:35:03', '16:10:03', 'ATENDIDO', NULL, 0, 'TARJETA', '20.00', 2, '2020-12-19 15:13:33', '2020-12-19 15:53:11'),
(1661, NULL, 225, 6, '2020-12-19', '14:27:01', '15:07:01', 'ATENDIDO', NULL, 0, 'EFECTIVO', '30.00', 2, '2020-12-19 15:48:37', '2020-12-19 15:48:50'),
(1662, NULL, 749, 4, '2020-12-19', '15:06:19', '15:41:19', 'ATENDIDO', NULL, 0, 'EFECTIVO', '20.00', 2, '2020-12-19 15:54:19', '2020-12-19 15:54:36'),
(1663, NULL, 777, 6, '2020-12-19', '15:48:39', '16:23:39', 'ATENDIDO', NULL, 0, 'EFECTIVO', '20.00', 2, '2020-12-19 16:35:10', '2020-12-19 16:35:23'),
(1664, NULL, 285, 1, '2020-12-19', '15:52:10', '16:27:10', 'ATENDIDO', NULL, 0, 'EFECTIVO', '20.00', 2, '2020-12-19 16:43:29', '2020-12-19 16:44:19'),
(1665, NULL, 423, 1, '2020-12-19', '17:02:06', '17:37:06', 'ATENDIDO', NULL, 0, 'EFECTIVO', '20.00', 2, '2020-12-19 17:02:25', '2020-12-19 18:12:49'),
(1666, NULL, 522, 4, '2020-12-19', '16:38:05', '17:13:05', 'ATENDIDO', NULL, 0, 'EFECTIVO', '20.00', 2, '2020-12-19 17:09:01', '2020-12-19 17:14:37'),
(1667, NULL, 834, 4, '2020-12-19', '17:30:32', '18:05:32', 'ATENDIDO', NULL, 0, 'EFECTIVO', '20.00', 2, '2020-12-19 18:12:29', '2020-12-19 18:12:59'),
(1668, NULL, 582, 1, '2020-12-19', '17:50:15', '19:23:15', 'ATENDIDO', NULL, 0, 'EFECTIVO', '20.00', 2, '2020-12-19 18:49:05', '2020-12-19 19:13:42'),
(1669, NULL, 774, 4, '2020-12-19', '18:09:31', '18:44:31', 'ATENDIDO', NULL, 0, 'EFECTIVO', '20.00', 2, '2020-12-19 19:13:31', '2020-12-19 19:13:50'),
(1670, NULL, 472, 1, '2020-12-19', '18:49:59', '19:24:59', 'ATENDIDO', NULL, 0, 'EFECTIVO', '20.00', 2, '2020-12-19 19:20:23', '2020-12-19 19:21:21'),
(1671, NULL, 835, 6, '2020-12-19', '19:40:04', '20:15:04', 'ATENDIDO', NULL, 0, 'EFECTIVO', '20.00', 2, '2020-12-19 20:02:23', '2020-12-19 20:02:38'),
(1672, NULL, 253, 1, '2020-12-19', '19:30:30', '20:05:30', 'ATENDIDO', NULL, 0, 'EFECTIVO', '20.00', 2, '2020-12-19 20:13:04', '2020-12-19 20:13:13'),
(1673, NULL, 1, 6, '2020-12-19', '20:00:16', '20:35:16', 'ATENDIDO', NULL, 0, 'EFECTIVO', '20.00', 2, '2020-12-19 20:17:31', '2020-12-19 20:17:39'),
(1674, NULL, 467, 4, '2020-12-21', '10:33:55', '11:08:55', 'ATENDIDO', NULL, 0, 'EFECTIVO', '20.00', 2, '2020-12-21 11:48:15', '2020-12-21 11:48:31'),
(1675, NULL, 635, 1, '2020-12-21', '13:11:40', '13:46:40', 'ATENDIDO', NULL, 0, 'EFECTIVO', '20.00', 2, '2020-12-21 13:11:57', '2020-12-21 18:58:17'),
(1676, NULL, 1, 6, '2020-12-21', '13:20:07', '13:55:07', 'ATENDIDO', NULL, 0, 'EFECTIVO', '20.00', 2, '2020-12-21 13:21:05', '2020-12-21 18:58:24'),
(1677, NULL, 1, 4, '2020-12-21', '13:21:20', '13:56:20', 'ATENDIDO', NULL, 0, 'EFECTIVO', '20.00', 2, '2020-12-21 13:21:42', '2020-12-21 18:58:30'),
(1678, NULL, 1, 6, '2020-12-21', '19:10:30', '21:35:30', 'ATENDIDO', NULL, 0, 'EFECTIVO', '90.00', 2, '2020-12-21 19:11:35', '2020-12-21 19:11:43'),
(1679, NULL, 1, 1, '2020-12-21', '19:12:09', '20:57:09', 'ATENDIDO', NULL, 0, 'EFECTIVO', '60.00', 2, '2020-12-21 19:13:45', '2020-12-21 19:14:00'),
(1680, NULL, 1, 4, '2020-12-21', '19:14:15', '19:49:15', 'ATENDIDO', NULL, 0, 'TARJETA', '20.00', 2, '2020-12-21 19:16:37', '2020-12-21 19:17:18'),
(1681, NULL, 836, 4, '2020-12-21', '19:23:06', '19:58:06', 'ATENDIDO', NULL, 0, 'EFECTIVO', '20.00', 2, '2020-12-21 19:25:30', '2020-12-21 19:26:00'),
(1682, NULL, 550, 4, '2020-12-21', '19:26:30', '20:01:30', 'ATENDIDO', 4, 0, 'TARJETA', '15.00', 2, '2020-12-21 19:26:40', '2020-12-21 20:01:53'),
(1683, NULL, 1, 1, '2020-12-21', '13:00:18', '13:35:18', 'ATENDIDO', NULL, 0, 'EFECTIVO', '20.00', 2, '2020-12-21 19:31:39', '2020-12-21 19:31:47'),
(1684, NULL, 837, 6, '2020-12-21', '19:15:35', '19:50:35', 'ATENDIDO', NULL, 0, 'TARJETA', '20.00', 2, '2020-12-21 19:34:47', '2020-12-21 19:36:19'),
(1685, NULL, 618, 6, '2020-12-21', '19:34:01', '20:09:01', 'ATENDIDO', NULL, 0, 'EFECTIVO', '20.00', 2, '2020-12-21 20:03:38', '2020-12-21 20:04:32'),
(1686, NULL, 838, 4, '2020-12-22', '10:23:25', '10:58:25', 'ATENDIDO', NULL, 0, 'EFECTIVO', '20.00', 2, '2020-12-22 10:57:35', '2020-12-22 12:13:38'),
(1687, NULL, 111, 1, '2020-12-22', '10:43:57', '11:18:57', 'ATENDIDO', NULL, 0, 'TARJETA', '20.00', 2, '2020-12-22 11:31:35', '2020-12-22 11:31:57'),
(1688, NULL, 776, 1, '2020-12-22', '11:32:57', '00:07:57', 'ATENDIDO', NULL, 0, 'EFECTIVO', '20.00', 2, '2020-12-22 12:03:53', '2020-12-22 12:13:30'),
(1689, NULL, 839, 6, '2020-12-22', '11:19:46', '23:54:46', 'ATENDIDO', NULL, 0, 'EFECTIVO', '20.00', 2, '2020-12-22 12:11:54', '2020-12-22 12:15:05'),
(1690, NULL, 840, 4, '2020-12-22', '10:35:05', '23:10:05', 'ATENDIDO', NULL, 0, 'EFECTIVO', '20.00', 2, '2020-12-22 12:13:01', '2020-12-22 12:14:05'),
(1691, NULL, 594, 1, '2020-12-22', '12:03:32', '12:38:32', 'ATENDIDO', NULL, 0, 'EFECTIVO', '20.00', 2, '2020-12-22 12:29:07', '2020-12-22 12:43:04'),
(1693, NULL, 842, 6, '2020-12-22', '12:10:06', '12:45:06', 'ATENDIDO', NULL, 0, 'EFECTIVO', '20.00', 2, '2020-12-22 12:47:31', '2020-12-22 12:47:42'),
(1694, NULL, 1, 1, '2020-12-22', '12:40:57', '13:15:57', 'ATENDIDO', NULL, 0, 'EFECTIVO', '20.00', 2, '2020-12-22 14:13:06', '2020-12-22 14:13:19'),
(1695, NULL, 1, 4, '2020-12-22', '12:45:34', '13:20:34', 'ATENDIDO', NULL, 0, 'EFECTIVO', '20.00', 2, '2020-12-22 14:14:05', '2020-12-22 14:14:12'),
(1696, NULL, 128, 1, '2020-12-22', '14:15:11', '14:50:11', 'ATENDIDO', NULL, 0, 'EFECTIVO', '20.00', 2, '2020-12-22 14:50:41', '2020-12-22 14:51:03'),
(1697, NULL, 688, 1, '2020-12-22', '15:02:18', '15:37:18', 'ATENDIDO', NULL, 0, 'EFECTIVO', '20.00', 2, '2020-12-22 15:37:26', '2020-12-22 16:19:37'),
(1698, NULL, 457, 4, '2020-12-22', '15:13:20', '15:48:20', 'ATENDIDO', NULL, 0, 'EFECTIVO', '20.00', 2, '2020-12-22 16:00:17', '2020-12-22 16:19:46'),
(1699, NULL, 843, 6, '2020-12-22', '15:27:54', '16:02:54', 'ATENDIDO', NULL, 0, 'EFECTIVO', '20.00', 2, '2020-12-22 16:18:14', '2020-12-22 16:20:00'),
(1700, NULL, 1, 4, '2020-12-22', '16:20:39', '16:55:39', 'ATENDIDO', NULL, 0, 'EFECTIVO', '20.00', 2, '2020-12-22 16:53:07', '2020-12-22 16:55:10'),
(1701, NULL, 844, 1, '2020-12-22', '15:38:13', '16:13:13', 'ATENDIDO', NULL, 0, 'EFECTIVO', '20.00', 2, '2020-12-22 16:57:36', '2020-12-22 16:57:45'),
(1702, NULL, 845, 6, '2020-12-22', '16:19:54', '16:54:54', 'ATENDIDO', NULL, 0, 'EFECTIVO', '20.00', 2, '2020-12-22 17:18:59', '2020-12-22 17:19:07'),
(1703, NULL, 214, 6, '2020-12-22', '17:17:22', '17:52:22', 'ATENDIDO', NULL, 0, 'EFECTIVO', '20.00', 2, '2020-12-22 17:54:28', '2020-12-22 17:54:36'),
(1704, NULL, 294, 6, '2020-12-22', '17:54:05', '18:29:05', 'ATENDIDO', NULL, 0, 'EFECTIVO', '20.00', 2, '2020-12-22 18:26:41', '2020-12-22 18:26:50'),
(1705, NULL, 801, 6, '2020-12-22', '18:30:05', '19:05:05', 'ATENDIDO', NULL, 0, 'EFECTIVO', '20.00', 2, '2020-12-22 19:01:30', '2020-12-22 19:01:38'),
(1706, NULL, 846, 4, '2020-12-22', '18:05:43', '18:40:43', 'ATENDIDO', NULL, 0, 'EFECTIVO', '20.00', 2, '2020-12-22 19:08:10', '2020-12-22 19:08:18'),
(1707, NULL, 1, 1, '2020-12-22', '18:40:04', '19:15:04', 'ATENDIDO', NULL, 0, 'EFECTIVO', '20.00', 2, '2020-12-22 19:24:00', '2020-12-22 19:24:09'),
(1708, NULL, 847, 6, '2020-12-22', '19:03:14', '19:38:14', 'ATENDIDO', NULL, 0, 'EFECTIVO', '20.00', 2, '2020-12-22 19:31:40', '2020-12-22 19:31:49'),
(1709, NULL, 718, 1, '2020-12-22', '19:23:55', '19:58:55', 'ATENDIDO', NULL, 0, 'EFECTIVO', '20.00', 2, '2020-12-22 19:51:41', '2020-12-22 19:51:56'),
(1710, NULL, 648, 1, '2020-12-23', '16:48:57', '17:35:57', 'ATENDIDO', NULL, 0, 'EFECTIVO', '20.00', 2, '2020-12-23 10:50:36', '2020-12-23 17:19:30'),
(1711, NULL, 201, 1, '2020-12-23', '18:55:40', '20:05:40', 'ATENDIDO', NULL, 0, 'EFECTIVO', '30.00', 2, '2020-12-23 10:51:03', '2020-12-23 19:44:18'),
(1712, NULL, 401, 1, '2020-12-23', '10:27:23', '11:02:23', 'ATENDIDO', NULL, 0, 'EFECTIVO', '20.00', 2, '2020-12-23 11:04:33', '2020-12-23 11:04:41'),
(1713, NULL, 735, 1, '2020-12-23', '11:05:38', '11:40:38', 'ATENDIDO', NULL, 0, 'EFECTIVO', '20.00', 2, '2020-12-23 11:50:27', '2020-12-23 11:52:40'),
(1714, NULL, 674, 4, '2020-12-23', '10:45:42', '11:20:42', 'ATENDIDO', NULL, 0, 'EFECTIVO', '20.00', 2, '2020-12-23 11:58:40', '2020-12-23 12:00:20'),
(1715, NULL, 673, 4, '2020-12-23', '11:36:46', '12:11:46', 'ATENDIDO', NULL, 0, 'EFECTIVO', '20.00', 2, '2020-12-23 11:59:41', '2020-12-23 12:00:41'),
(1716, NULL, 346, 1, '2020-12-23', '23:50:44', '00:25:44', 'ATENDIDO', NULL, 0, 'EFECTIVO', '20.00', 2, '2020-12-23 12:35:14', '2020-12-23 12:37:17'),
(1717, NULL, 183, 1, '2020-12-23', '12:37:58', '13:12:58', 'ATENDIDO', NULL, 0, 'EFECTIVO', '20.00', 2, '2020-12-23 12:38:18', '2020-12-23 13:28:45');
INSERT INTO `citas` (`id`, `codigo`, `cliente`, `empleado`, `fecha`, `hora`, `hora_termino`, `estado`, `promocion`, `tarjeta`, `metodo_pago`, `total`, `created_by`, `created_at`, `updated_at`) VALUES
(1718, NULL, 543, 6, '2020-12-23', '12:12:35', '12:47:35', 'ATENDIDO', NULL, 0, 'EFECTIVO', '20.00', 2, '2020-12-23 12:58:48', '2020-12-23 12:58:56'),
(1720, NULL, 632, 4, '2020-12-23', '12:18:36', '12:53:36', 'ATENDIDO', NULL, 0, 'EFECTIVO', '20.00', 2, '2020-12-23 13:20:54', '2020-12-23 14:03:59'),
(1721, NULL, 631, 4, '2020-12-23', '13:16:03', '13:51:03', 'ATENDIDO', NULL, 0, 'EFECTIVO', '20.00', 2, '2020-12-23 13:21:41', '2020-12-23 14:15:07'),
(1722, NULL, 320, 1, '2020-12-23', '13:30:06', '14:05:06', 'ATENDIDO', NULL, 0, 'EFECTIVO', '20.00', 2, '2020-12-23 14:14:49', '2020-12-23 14:15:17'),
(1723, NULL, 848, 6, '2020-12-23', '13:00:18', '13:35:18', 'ATENDIDO', NULL, 0, 'EFECTIVO', '20.00', 2, '2020-12-23 14:25:10', '2020-12-23 16:47:52'),
(1724, NULL, 849, 6, '2020-12-23', '13:33:13', '14:08:13', 'ATENDIDO', NULL, 0, 'EFECTIVO', '20.00', 2, '2020-12-23 14:27:11', '2020-12-23 16:48:01'),
(1725, NULL, 1, 6, '2020-12-23', '14:04:11', '14:39:11', 'ATENDIDO', NULL, 0, 'EFECTIVO', '20.00', 2, '2020-12-23 14:36:37', '2020-12-23 16:48:09'),
(1726, NULL, 213, 1, '2020-12-23', '16:10:56', '16:45:56', 'ATENDIDO', NULL, 0, 'EFECTIVO', '20.00', 2, '2020-12-23 16:50:54', '2020-12-23 16:51:34'),
(1727, NULL, 340, 6, '2020-12-23', '18:40:38', '18:05:38', 'ATENDIDO', NULL, 0, 'EFECTIVO', '20.00', 2, '2020-12-23 16:53:05', '2020-12-23 19:18:22'),
(1728, NULL, 857, 1, '2020-12-23', '18:15:14', '17:50:14', 'ATENDIDO', NULL, 0, 'EFECTIVO', '20.00', 2, '2020-12-23 16:54:05', '2020-12-23 18:48:38'),
(1729, NULL, 258, 6, '2020-12-23', '17:00:30', '17:35:30', 'ATENDIDO', NULL, 0, 'EFECTIVO', '20.00', 2, '2020-12-23 17:00:59', '2020-12-23 17:01:35'),
(1730, NULL, 852, 4, '2020-12-23', '17:09:44', '17:49:44', 'ATENDIDO', NULL, 0, 'EFECTIVO', '35.00', 2, '2020-12-23 17:10:36', '2020-12-23 17:24:05'),
(1731, NULL, 853, 6, '2020-12-23', '17:10:58', '17:45:58', 'ATENDIDO', NULL, 0, 'EFECTIVO', '20.00', 2, '2020-12-23 17:13:10', '2020-12-23 17:22:58'),
(1732, NULL, 48, 1, '2020-12-23', '17:22:11', '17:57:11', 'ATENDIDO', NULL, 0, 'EFECTIVO', '20.00', 2, '2020-12-23 17:22:32', '2020-12-23 18:17:08'),
(1733, NULL, 854, 6, '2020-12-23', '17:01:20', '17:36:20', 'ATENDIDO', NULL, 0, 'EFECTIVO', '20.00', 2, '2020-12-23 17:35:02', '2020-12-23 17:36:08'),
(1734, NULL, 205, 6, '2020-12-23', '17:35:03', '18:15:03', 'ATENDIDO', NULL, 0, 'EFECTIVO', '20.00', 2, '2020-12-23 17:40:22', '2020-12-23 18:04:13'),
(1735, NULL, 734, 4, '2020-12-23', '18:02:31', '18:45:31', 'ATENDIDO', NULL, 0, 'EFECTIVO', '20.00', 2, '2020-12-23 17:42:46', '2020-12-23 18:33:49'),
(1736, NULL, 855, 6, '2020-12-23', '18:07:00', '19:13:00', 'ATENDIDO', NULL, 0, 'EFECTIVO', '20.00', 2, '2020-12-23 17:45:59', '2020-12-23 18:38:07'),
(1737, NULL, 856, 4, '2020-12-23', '17:10:46', '17:45:46', 'ATENDIDO', NULL, 0, 'EFECTIVO', '20.00', 2, '2020-12-23 18:02:06', '2020-12-23 18:02:22'),
(1738, NULL, 695, 6, '2020-12-23', '19:18:30', '19:53:30', 'ATENDIDO', NULL, 0, 'EFECTIVO', '20.00', 2, '2020-12-23 19:18:42', '2020-12-23 19:52:20'),
(1739, NULL, 785, 4, '2020-12-23', '18:45:01', '19:20:01', 'ATENDIDO', NULL, 0, 'EFECTIVO', '20.00', 2, '2020-12-23 19:21:25', '2020-12-23 19:21:33'),
(1740, NULL, 1, 4, '2020-12-23', '19:20:25', '19:55:25', 'ATENDIDO', NULL, 0, 'EFECTIVO', '20.00', 2, '2020-12-23 20:05:02', '2020-12-23 20:05:11'),
(1741, NULL, 468, 1, '2020-12-23', '20:07:48', '20:47:48', 'ATENDIDO', NULL, 0, 'EFECTIVO', '30.00', 2, '2020-12-23 20:28:00', '2020-12-23 20:28:10'),
(1742, NULL, 1, 6, '2020-12-23', '20:07:06', '20:42:06', 'ATENDIDO', NULL, 0, 'EFECTIVO', '20.00', 2, '2020-12-23 20:35:26', '2020-12-23 20:35:57'),
(1743, NULL, 339, 1, '2020-12-24', '10:48:49', '11:23:49', 'ATENDIDO', NULL, 0, 'EFECTIVO', '20.00', 2, '2020-12-24 11:41:02', '2020-12-24 11:41:17'),
(1744, NULL, 858, 4, '2020-12-24', '11:02:02', '11:37:02', 'ATENDIDO', NULL, 0, 'EFECTIVO', '20.00', 2, '2020-12-24 11:44:42', '2020-12-24 11:44:52'),
(1745, NULL, 859, 6, '2020-12-24', '10:48:31', '23:23:31', 'ATENDIDO', NULL, 0, 'EFECTIVO', '20.00', 2, '2020-12-24 12:12:13', '2020-12-24 12:12:47'),
(1746, NULL, 859, 6, '2020-12-24', '11:35:54', '12:10:54', 'ATENDIDO', NULL, 0, 'EFECTIVO', '20.00', 2, '2020-12-24 12:13:49', '2020-12-24 12:13:57'),
(1747, NULL, 399, 1, '2020-12-24', '11:40:26', '12:15:26', 'ATENDIDO', NULL, 0, 'EFECTIVO', '20.00', 2, '2020-12-24 12:49:13', '2020-12-24 12:49:22'),
(1748, NULL, 842, 4, '2020-12-24', '11:40:05', '00:15:05', 'ATENDIDO', NULL, 0, 'EFECTIVO', '20.00', 2, '2020-12-24 12:50:53', '2020-12-24 12:51:27'),
(1749, NULL, 1, 6, '2020-12-24', '12:11:05', '12:46:05', 'ATENDIDO', NULL, 0, 'EFECTIVO', '20.00', 2, '2020-12-24 12:56:36', '2020-12-24 12:56:51'),
(1750, NULL, 860, 1, '2020-12-24', '12:42:12', '13:17:12', 'ATENDIDO', NULL, 0, 'EFECTIVO', '20.00', 2, '2020-12-24 13:05:28', '2020-12-24 13:05:37'),
(1751, NULL, 861, 6, '2020-12-24', '13:00:23', '13:35:23', 'ATENDIDO', NULL, 0, 'EFECTIVO', '20.00', 2, '2020-12-24 13:17:32', '2020-12-24 13:17:40'),
(1752, NULL, 862, 6, '2020-12-24', '13:17:41', '13:52:41', 'ATENDIDO', NULL, 0, 'TARJETA', '20.00', 2, '2020-12-24 13:28:59', '2020-12-24 14:57:11'),
(1753, NULL, 1, 4, '2020-12-24', '12:51:31', '13:26:31', 'ATENDIDO', NULL, 0, 'EFECTIVO', '20.00', 2, '2020-12-24 13:31:50', '2020-12-24 14:57:01'),
(1754, NULL, 47, 1, '2020-12-24', '13:05:13', '13:40:13', 'ATENDIDO', NULL, 0, 'EFECTIVO', '20.00', 2, '2020-12-24 13:33:08', '2020-12-24 13:33:19'),
(1755, NULL, 1, 1, '2020-12-24', '13:36:25', '14:11:25', 'ATENDIDO', NULL, 0, 'EFECTIVO', '20.00', 2, '2020-12-24 13:36:34', '2020-12-24 14:56:46'),
(1756, NULL, 1, 4, '2020-12-24', '14:21:52', '14:56:52', 'ATENDIDO', NULL, 0, 'EFECTIVO', '20.00', 2, '2020-12-24 14:58:11', '2020-12-24 14:58:19'),
(1757, NULL, 646, 1, '2020-12-24', '15:13:28', '15:48:28', 'ATENDIDO', NULL, 0, 'EFECTIVO', '20.00', 2, '2020-12-24 15:14:10', '2020-12-24 15:16:24'),
(1758, NULL, 663, 4, '2020-12-24', '15:15:17', '15:50:17', 'ATENDIDO', NULL, 0, 'EFECTIVO', '20.00', 2, '2020-12-24 15:15:43', '2020-12-24 15:16:33'),
(1759, NULL, 1, 6, '2020-12-24', '15:17:47', '15:52:47', 'ATENDIDO', NULL, 0, 'EFECTIVO', '20.00', 2, '2020-12-24 15:17:56', '2020-12-24 15:18:06'),
(1760, NULL, 424, 6, '2020-12-24', '15:10:15', '15:45:15', 'ATENDIDO', NULL, 0, 'EFECTIVO', '20.00', 2, '2020-12-24 15:57:05', '2020-12-24 15:57:15'),
(1761, NULL, 786, 4, '2020-12-24', '15:20:22', '15:55:22', 'ATENDIDO', NULL, 0, 'EFECTIVO', '20.00', 2, '2020-12-24 15:59:26', '2020-12-24 15:59:35'),
(1762, NULL, 863, 6, '2020-12-24', '16:00:33', '16:35:33', 'ATENDIDO', NULL, 0, 'EFECTIVO', '20.00', 2, '2020-12-24 16:52:28', '2020-12-24 16:55:00'),
(1763, NULL, 669, 4, '2020-12-24', '15:58:46', '16:33:46', 'ATENDIDO', NULL, 0, 'EFECTIVO', '20.00', 2, '2020-12-24 17:03:27', '2020-12-24 17:03:38'),
(1764, NULL, 599, 1, '2020-12-24', '15:14:28', '15:49:28', 'ATENDIDO', NULL, 0, 'EFECTIVO', '20.00', 2, '2020-12-24 17:12:05', '2020-12-24 17:13:55'),
(1765, NULL, 599, 1, '2020-12-24', '15:46:09', '16:21:09', 'ATENDIDO', NULL, 0, 'EFECTIVO', '20.00', 2, '2020-12-24 17:14:38', '2020-12-24 17:14:59'),
(1766, NULL, 599, 1, '2020-12-24', '16:15:43', '16:50:43', 'ATENDIDO', NULL, 0, 'EFECTIVO', '20.00', 2, '2020-12-24 17:17:55', '2020-12-24 17:18:13'),
(1767, NULL, 810, 6, '2020-12-24', '16:51:03', '17:26:03', 'ATENDIDO', NULL, 0, 'EFECTIVO', '20.00', 2, '2020-12-24 17:19:43', '2020-12-24 17:19:52'),
(1768, NULL, 332, 1, '2020-12-24', '17:16:19', '17:51:19', 'ATENDIDO', 4, 0, 'EFECTIVO', '15.00', 2, '2020-12-24 17:22:37', '2020-12-24 17:49:15'),
(1769, NULL, 864, 6, '2020-12-24', '18:55:27', '19:30:27', 'ATENDIDO', NULL, 0, 'EFECTIVO', '20.00', 2, '2020-12-24 17:31:34', '2020-12-24 18:05:05'),
(1770, NULL, 864, 6, '2020-12-24', '17:17:27', '17:52:27', 'ATENDIDO', NULL, 0, 'EFECTIVO', '20.00', 2, '2020-12-24 17:56:45', '2020-12-24 17:57:00'),
(1771, NULL, 696, 1, '2020-12-26', '12:10:43', '11:35:43', 'ATENDIDO', NULL, 0, 'EFECTIVO', '20.00', 2, '2020-12-26 10:35:57', '2020-12-26 14:56:08'),
(1772, NULL, 829, 1, '2020-12-26', '10:20:13', '10:55:13', 'ATENDIDO', 3, 0, 'EFECTIVO', '15.00', 2, '2020-12-26 11:19:55', '2020-12-26 11:20:04'),
(1773, NULL, 865, 1, '2020-12-26', '11:15:00', '11:50:00', 'ATENDIDO', NULL, 0, 'EFECTIVO', '20.00', 2, '2020-12-26 12:09:37', '2020-12-26 12:09:47'),
(1774, NULL, 677, 6, '2020-12-26', '12:01:59', '12:36:59', 'ATENDIDO', NULL, 0, 'EFECTIVO', '20.00', 2, '2020-12-26 12:46:47', '2020-12-26 12:47:18'),
(1775, NULL, 1, 6, '2020-12-26', '12:45:22', '13:20:22', 'ATENDIDO', NULL, 0, 'EFECTIVO', '20.00', 2, '2020-12-26 12:55:02', '2020-12-26 14:56:20'),
(1776, NULL, 1, 6, '2020-12-26', '14:57:11', '15:32:11', 'ATENDIDO', NULL, 0, 'EFECTIVO', '20.00', 2, '2020-12-26 14:57:23', '2020-12-26 14:57:35'),
(1777, NULL, 1, 6, '2020-12-26', '14:58:13', '15:33:13', 'ATENDIDO', NULL, 0, 'EFECTIVO', '20.00', 2, '2020-12-26 14:58:23', '2020-12-26 14:58:37'),
(1778, NULL, 687, 1, '2020-12-26', '15:12:17', '15:47:17', 'ATENDIDO', NULL, 0, 'EFECTIVO', '20.00', 2, '2020-12-26 15:13:10', '2020-12-26 15:13:22'),
(1779, NULL, 686, 1, '2020-12-26', '15:13:38', '15:48:38', 'ATENDIDO', NULL, 0, 'EFECTIVO', '20.00', 2, '2020-12-26 15:14:08', '2020-12-26 15:14:19'),
(1780, NULL, 644, 1, '2020-12-26', '15:14:33', '15:49:33', 'ATENDIDO', NULL, 0, 'EFECTIVO', '20.00', 2, '2020-12-26 15:14:43', '2020-12-26 15:15:04'),
(1781, NULL, 444, 6, '2020-12-26', '15:20:23', '15:55:23', 'ATENDIDO', NULL, 0, 'EFECTIVO', '20.00', 2, '2020-12-26 16:07:54', '2020-12-26 16:08:03'),
(1782, NULL, 44, 6, '2020-12-26', '16:08:25', '16:43:25', 'ATENDIDO', NULL, 0, 'EFECTIVO', '20.00', 2, '2020-12-26 16:50:20', '2020-12-26 16:50:33'),
(1783, NULL, 666, 1, '2020-12-26', '16:40:37', '17:15:37', 'ATENDIDO', NULL, 0, 'EFECTIVO', '20.00', 2, '2020-12-26 17:08:28', '2020-12-26 17:08:42'),
(1784, NULL, 866, 6, '2020-12-26', '17:09:56', '17:44:56', 'ATENDIDO', NULL, 0, 'EFECTIVO', '20.00', 2, '2020-12-26 17:39:34', '2020-12-26 17:39:45'),
(1785, NULL, 101, 1, '2020-12-26', '15:40:00', '16:20:00', 'ATENDIDO', NULL, 0, 'EFECTIVO', '35.00', 2, '2020-12-26 17:56:28', '2020-12-26 17:57:03'),
(1786, NULL, 525, 6, '2020-12-26', '18:00:32', '18:35:32', 'ATENDIDO', NULL, 0, 'EFECTIVO', '20.00', 2, '2020-12-26 18:25:26', '2020-12-26 18:25:38'),
(1787, NULL, 867, 1, '2020-12-26', '18:23:27', '18:58:27', 'ATENDIDO', NULL, 0, 'EFECTIVO', '20.00', 2, '2020-12-26 19:01:27', '2020-12-26 19:01:48'),
(1788, NULL, 76, 6, '2020-12-26', '18:57:11', '19:32:11', 'ATENDIDO', NULL, 0, 'EFECTIVO', '20.00', 2, '2020-12-26 19:29:58', '2020-12-26 19:31:41'),
(1789, NULL, 868, 6, '2020-12-26', '19:32:36', '20:07:36', 'ATENDIDO', NULL, 0, 'EFECTIVO', '20.00', 2, '2020-12-26 19:59:44', '2020-12-26 19:59:56'),
(1790, NULL, 388, 1, '2020-12-26', '20:05:45', '20:45:45', 'ATENDIDO', NULL, 0, 'EFECTIVO', '30.00', 2, '2020-12-26 20:06:23', '2020-12-26 20:06:42'),
(1791, NULL, 768, 4, '2020-12-28', '11:27:08', '12:02:08', 'ATENDIDO', NULL, 0, 'EFECTIVO', '20.00', 2, '2020-12-28 11:54:48', '2020-12-28 11:54:57'),
(1792, NULL, 393, 4, '2020-12-28', '11:55:50', '00:30:50', 'ATENDIDO', NULL, 0, 'EFECTIVO', '20.00', 2, '2020-12-28 12:43:39', '2020-12-28 12:45:13'),
(1793, NULL, 869, 1, '2020-12-28', '12:01:31', '12:36:31', 'ATENDIDO', NULL, 0, 'EFECTIVO', '20.00', 2, '2020-12-28 12:50:07', '2020-12-28 12:50:15'),
(1794, NULL, 77, 1, '2020-12-28', '15:00:56', '15:40:56', 'ATENDIDO', NULL, 0, 'EFECTIVO', '35.00', 2, '2020-12-28 15:03:32', '2020-12-28 15:04:01'),
(1795, NULL, 870, 4, '2020-12-28', '16:25:13', '17:25:13', 'ATENDIDO', NULL, 0, 'EFECTIVO', '50.00', 2, '2020-12-28 16:27:48', '2020-12-28 16:27:57'),
(1796, NULL, 525, 1, '2020-12-28', '15:43:48', '16:18:48', 'ATENDIDO', NULL, 0, 'EFECTIVO', '20.00', 2, '2020-12-28 16:33:40', '2020-12-28 16:33:51'),
(1797, NULL, 117, 1, '2020-12-28', '16:34:22', '17:09:22', 'ATENDIDO', NULL, 0, 'EFECTIVO', '20.00', 2, '2020-12-28 16:57:12', '2020-12-28 16:57:28'),
(1798, NULL, 567, 4, '2020-12-28', '16:27:53', '17:02:53', 'ATENDIDO', NULL, 0, 'EFECTIVO', '20.00', 2, '2020-12-28 17:23:16', '2020-12-28 17:23:28'),
(1799, NULL, 871, 1, '2020-12-28', '16:45:28', '17:20:28', 'ATENDIDO', NULL, 0, 'EFECTIVO', '20.00', 2, '2020-12-28 17:46:44', '2020-12-28 17:46:52'),
(1800, NULL, 651, 4, '2020-12-28', '17:22:30', '17:57:30', 'ATENDIDO', NULL, 0, 'EFECTIVO', '20.00', 2, '2020-12-28 18:00:20', '2020-12-28 18:00:31'),
(1801, NULL, 872, 1, '2020-12-28', '17:53:53', '18:28:53', 'ATENDIDO', NULL, 0, 'EFECTIVO', '20.00', 2, '2020-12-28 18:38:34', '2020-12-28 18:42:49'),
(1802, NULL, 235, 4, '2020-12-28', '18:02:43', '18:37:43', 'ATENDIDO', NULL, 0, 'EFECTIVO', '20.00', 2, '2020-12-28 18:50:15', '2020-12-28 18:50:48'),
(1803, NULL, 163, 1, '2020-12-28', '18:38:06', '19:13:06', 'ATENDIDO', NULL, 0, 'EFECTIVO', '20.00', 2, '2020-12-28 19:12:21', '2020-12-28 19:12:31'),
(1804, NULL, 591, 4, '2020-12-28', '18:50:03', '19:25:03', 'ATENDIDO', NULL, 0, 'EFECTIVO', '20.00', 2, '2020-12-28 19:39:25', '2020-12-28 19:49:31'),
(1805, NULL, 516, 6, '2020-12-29', '14:15:00', '12:35:00', 'ATENDIDO', NULL, 0, 'EFECTIVO', '20.00', 2, '2020-12-28 19:40:03', '2020-12-29 15:29:47'),
(1806, NULL, 873, 1, '2020-12-28', '19:11:03', '19:46:03', 'ATENDIDO', NULL, 0, 'EFECTIVO', '20.00', 2, '2020-12-28 20:08:40', '2020-12-28 20:08:51'),
(1807, NULL, 553, 1, '2020-12-28', '20:09:03', '20:44:03', 'ATENDIDO', NULL, 0, 'EFECTIVO', '20.00', 2, '2020-12-28 20:09:15', '2020-12-28 20:31:35'),
(1808, NULL, 78, 1, '2020-12-29', '11:22:00', '23:57:00', 'ATENDIDO', NULL, 0, 'EFECTIVO', '20.00', 2, '2020-12-29 12:29:10', '2020-12-29 12:29:29'),
(1809, NULL, 874, 6, '2020-12-29', '17:00:55', '17:35:55', 'ATENDIDO', NULL, 0, 'EFECTIVO', '20.00', 2, '2020-12-29 17:31:18', '2020-12-29 17:33:02'),
(1810, NULL, 149, 1, '2020-12-29', '16:52:28', '17:27:28', 'ATENDIDO', NULL, 0, 'TARJETA', '20.00', 2, '2020-12-29 17:32:49', '2020-12-29 17:35:33'),
(1811, NULL, 590, 4, '2020-12-29', '16:59:11', '17:34:11', 'ATENDIDO', NULL, 0, 'EFECTIVO', '20.00', 2, '2020-12-29 17:56:29', '2020-12-29 17:56:58'),
(1812, NULL, 211, 1, '2020-12-29', '17:33:32', '18:08:32', 'ATENDIDO', NULL, 0, 'TARJETA', '20.00', 2, '2020-12-29 18:21:02', '2020-12-29 18:23:59'),
(1813, NULL, 211, 4, '2020-12-29', '18:02:49', '18:37:49', 'ATENDIDO', NULL, 0, 'TARJETA', '20.00', 2, '2020-12-29 18:26:10', '2020-12-29 18:49:52'),
(1814, NULL, 875, 6, '2020-12-29', '18:26:44', '19:01:44', 'ATENDIDO', NULL, 0, 'EFECTIVO', '20.00', 2, '2020-12-29 18:28:28', '2020-12-29 18:29:18'),
(1815, NULL, 727, 1, '2020-12-29', '18:22:02', '18:57:02', 'ATENDIDO', NULL, 0, 'EFECTIVO', '20.00', 2, '2020-12-29 18:58:49', '2020-12-29 18:59:02'),
(1816, NULL, 497, 6, '2020-12-29', '19:00:00', '19:35:00', 'ATENDIDO', NULL, 0, 'EFECTIVO', '20.00', 2, '2020-12-29 19:13:29', '2020-12-29 19:16:01'),
(1817, NULL, 876, 6, '2020-12-29', '18:28:42', '19:03:42', 'ATENDIDO', NULL, 0, 'EFECTIVO', '20.00', 2, '2020-12-29 19:14:40', '2020-12-29 19:15:47'),
(1818, NULL, 640, 1, '2020-12-29', '18:58:38', '19:33:38', 'ATENDIDO', NULL, 0, 'TARJETA', '20.00', 2, '2020-12-29 19:30:27', '2020-12-29 19:32:32'),
(1819, NULL, 640, 6, '2020-12-29', '19:20:53', '19:55:53', 'ATENDIDO', NULL, 0, 'TARJETA', '20.00', 2, '2020-12-29 19:33:06', '2020-12-29 19:51:30'),
(1820, NULL, 877, 4, '2020-12-29', '18:42:54', '19:17:54', 'ATENDIDO', NULL, 0, 'EFECTIVO', '20.00', 2, '2020-12-29 19:36:27', '2020-12-29 19:36:39'),
(1821, NULL, 809, 1, '2020-12-30', '10:00:05', '10:35:05', 'ATENDIDO', NULL, 0, 'TARJETA', '20.00', 2, '2020-12-29 20:03:18', '2020-12-30 12:09:19'),
(1822, NULL, 681, 1, '2020-12-29', '19:30:41', '20:05:41', 'ATENDIDO', NULL, 0, 'EFECTIVO', '20.00', 2, '2020-12-29 20:06:55', '2020-12-29 20:07:10'),
(1823, NULL, 229, 4, '2020-12-29', '19:52:42', '20:27:42', 'ATENDIDO', NULL, 0, 'EFECTIVO', '20.00', 2, '2020-12-29 20:14:11', '2020-12-29 20:16:26'),
(1824, NULL, 682, 6, '2020-12-29', '20:16:35', '20:51:35', 'ATENDIDO', NULL, 0, 'EFECTIVO', '20.00', 2, '2020-12-29 20:16:44', '2020-12-29 20:16:56'),
(1825, NULL, 880, 4, '2020-12-30', '15:44:18', '18:35:18', 'ATENDIDO', NULL, 0, 'TARJETA', '35.00', 2, '2020-12-30 10:37:43', '2020-12-30 17:09:59'),
(1826, NULL, 111, 4, '2020-12-30', '11:37:02', '12:12:02', 'ATENDIDO', NULL, 0, 'TARJETA', '20.00', 2, '2020-12-30 11:37:30', '2020-12-30 12:47:29'),
(1827, NULL, 758, 1, '2020-12-30', '11:30:24', '00:10:24', 'ATENDIDO', NULL, 0, 'TARJETA', '30.00', 2, '2020-12-30 12:08:23', '2020-12-30 12:09:40'),
(1828, NULL, 878, 6, '2020-12-30', '12:15:58', '12:50:58', 'ATENDIDO', NULL, 0, 'EFECTIVO', '20.00', 2, '2020-12-30 12:45:54', '2020-12-30 12:46:17'),
(1829, NULL, 879, 1, '2020-12-30', '13:15:24', '13:50:24', 'ATENDIDO', NULL, 0, 'EFECTIVO', '20.00', 2, '2020-12-30 13:02:25', '2020-12-30 15:45:45'),
(1830, NULL, 386, 1, '2020-12-30', '13:05:26', '13:45:26', 'ATENDIDO', NULL, 0, 'EFECTIVO', '20.00', 2, '2020-12-30 13:06:20', '2020-12-30 15:45:29'),
(1831, NULL, 1, 1, '2020-12-30', '15:00:36', '15:35:36', 'ATENDIDO', NULL, 0, 'EFECTIVO', '20.00', 2, '2020-12-30 15:50:09', '2020-12-30 15:50:19'),
(1832, NULL, 1, 1, '2020-12-30', '15:02:12', '15:37:12', 'ATENDIDO', NULL, 0, 'TARJETA', '20.00', 2, '2020-12-30 15:52:53', '2020-12-30 15:53:17'),
(1833, NULL, 1, 1, '2020-12-30', '15:03:11', '15:38:11', 'ATENDIDO', NULL, 0, 'EFECTIVO', '20.00', 2, '2020-12-30 15:55:29', '2020-12-30 15:55:41'),
(1834, NULL, 102, 4, '2020-12-30', '14:00:45', '14:35:45', 'ATENDIDO', NULL, 0, 'EFECTIVO', '20.00', 2, '2020-12-30 16:00:05', '2020-12-30 16:00:21'),
(1835, NULL, 49, 1, '2020-12-30', '18:08:00', '18:35:00', 'ATENDIDO', NULL, 0, 'TARJETA', '30.00', 2, '2020-12-30 16:20:00', '2020-12-30 18:44:02'),
(1836, NULL, 778, 1, '2020-12-30', '16:01:17', '16:36:17', 'ATENDIDO', NULL, 0, 'EFECTIVO', '20.00', 2, '2020-12-30 16:36:08', '2020-12-30 17:31:57'),
(1837, NULL, 635, 1, '2020-12-30', '16:43:41', '17:18:41', 'ATENDIDO', NULL, 0, 'TARJETA', '20.00', 2, '2020-12-30 17:30:39', '2020-12-30 17:32:34'),
(1838, NULL, 635, 6, '2020-12-30', '16:43:46', '17:18:46', 'ATENDIDO', NULL, 0, 'TARJETA', '20.00', 2, '2020-12-30 17:33:41', '2020-12-30 17:34:42'),
(1839, NULL, 346, 1, '2020-12-30', '17:35:33', '18:10:33', 'ATENDIDO', NULL, 0, 'EFECTIVO', '20.00', 2, '2020-12-30 17:35:51', '2020-12-30 18:12:37'),
(1840, NULL, 678, 4, '2020-12-30', '17:11:43', '17:46:43', 'ATENDIDO', NULL, 0, 'EFECTIVO', '20.00', 2, '2020-12-30 18:02:20', '2020-12-30 18:02:29'),
(1841, NULL, 672, 6, '2020-12-30', '17:11:24', '17:46:24', 'ATENDIDO', NULL, 0, 'EFECTIVO', '20.00', 2, '2020-12-30 18:05:55', '2020-12-30 18:08:33'),
(1842, NULL, 244, 1, '2020-12-31', '11:28:00', '11:35:00', 'ATENDIDO', NULL, 0, 'EFECTIVO', '20.00', 2, '2020-12-30 18:24:38', '2020-12-31 12:45:26'),
(1843, NULL, 244, 1, '2020-12-31', '12:00:00', '12:20:00', 'ATENDIDO', NULL, 0, 'EFECTIVO', '20.00', 2, '2020-12-30 18:25:36', '2020-12-31 12:45:35'),
(1844, NULL, 1, 6, '2020-12-30', '13:30:11', '14:05:11', 'ATENDIDO', NULL, 0, 'EFECTIVO', '20.00', 2, '2020-12-30 18:26:26', '2020-12-30 18:26:41'),
(1845, NULL, 1, 6, '2020-12-30', '14:00:56', '14:35:56', 'ATENDIDO', NULL, 0, 'EFECTIVO', '20.00', 2, '2020-12-30 18:27:11', '2020-12-30 18:27:23'),
(1846, NULL, 1, 6, '2020-12-30', '13:41:33', '14:16:33', 'ATENDIDO', NULL, 0, 'EFECTIVO', '20.00', 2, '2020-12-30 18:28:00', '2020-12-30 18:28:49'),
(1847, NULL, 540, 4, '2020-12-30', '18:19:02', '18:54:02', 'ATENDIDO', NULL, 0, 'TARJETA', '20.00', 2, '2020-12-30 19:08:14', '2020-12-30 19:08:44'),
(1848, NULL, 146, 1, '2020-12-30', '18:42:08', '19:17:08', 'ATENDIDO', NULL, 0, 'TARJETA', '20.00', 2, '2020-12-30 19:14:01', '2020-12-30 19:15:47'),
(1849, NULL, 295, 1, '2020-12-31', '10:00:00', '10:35:00', 'ATENDIDO', NULL, 0, 'EFECTIVO', '20.00', 2, '2020-12-30 19:36:24', '2020-12-31 10:31:53'),
(1850, NULL, 881, 6, '2020-12-30', '19:01:58', '19:36:58', 'ATENDIDO', NULL, 0, 'EFECTIVO', '20.00', 2, '2020-12-30 19:40:50', '2020-12-30 19:41:10'),
(1851, NULL, 342, 1, '2020-12-30', '19:17:44', '19:52:44', 'ATENDIDO', NULL, 0, 'EFECTIVO', '20.00', 2, '2020-12-30 19:51:41', '2020-12-30 19:52:09'),
(1852, NULL, 360, 4, '2020-12-30', '19:21:55', '19:56:55', 'ATENDIDO', NULL, 0, 'EFECTIVO', '20.00', 2, '2020-12-30 20:00:50', '2020-12-30 20:01:01'),
(1853, NULL, 355, 1, '2020-12-31', '10:30:18', '11:05:18', 'ATENDIDO', NULL, 0, 'EFECTIVO', '20.00', 2, '2020-12-31 11:25:12', '2020-12-31 11:26:24'),
(1854, NULL, 355, 1, '2020-12-31', '10:50:26', '11:25:26', 'ATENDIDO', NULL, 0, 'EFECTIVO', '20.00', 2, '2020-12-31 11:27:45', '2020-12-31 11:27:57'),
(1855, NULL, 338, 4, '2020-12-31', '10:50:43', '11:25:43', 'ATENDIDO', NULL, 0, 'EFECTIVO', '20.00', 2, '2020-12-31 11:42:45', '2020-12-31 11:45:07'),
(1856, NULL, 882, 6, '2020-12-31', '11:07:08', '11:42:08', 'ATENDIDO', NULL, 0, 'EFECTIVO', '20.00', 2, '2020-12-31 11:50:46', '2020-12-31 11:51:10'),
(1857, NULL, 883, 6, '2020-12-31', '12:00:02', '12:35:02', 'ATENDIDO', NULL, 0, 'TARJETA', '20.00', 2, '2020-12-31 12:30:48', '2020-12-31 12:45:50'),
(1858, NULL, 884, 4, '2020-12-31', '12:00:28', '12:35:28', 'ATENDIDO', NULL, 0, 'TARJETA', '20.00', 2, '2020-12-31 12:39:55', '2020-12-31 12:46:01'),
(1859, NULL, 132, 1, '2020-12-31', '12:35:08', '13:10:08', 'ATENDIDO', NULL, 0, 'EFECTIVO', '20.00', 2, '2020-12-31 12:46:24', '2020-12-31 15:09:58'),
(1860, NULL, 361, 4, '2020-12-31', '12:44:56', '13:19:56', 'ATENDIDO', NULL, 0, 'EFECTIVO', '20.00', 2, '2020-12-31 12:59:02', '2020-12-31 15:13:28'),
(1861, NULL, 1, 6, '2020-12-31', '12:20:27', '12:55:27', 'ATENDIDO', NULL, 0, 'EFECTIVO', '20.00', 2, '2020-12-31 13:08:51', '2020-12-31 15:10:23'),
(1862, NULL, 1, 6, '2020-12-31', '15:15:00', '15:50:00', 'ATENDIDO', NULL, 0, 'EFECTIVO', '20.00', 2, '2020-12-31 15:15:26', '2020-12-31 15:15:37'),
(1863, NULL, 528, 4, '2020-12-31', '14:11:16', '14:46:16', 'ATENDIDO', NULL, 0, 'EFECTIVO', '20.00', 2, '2020-12-31 15:16:50', '2020-12-31 15:17:00'),
(1864, NULL, 1, 6, '2020-12-31', '15:17:18', '15:57:18', 'ATENDIDO', NULL, 0, 'EFECTIVO', '35.00', 2, '2020-12-31 15:17:53', '2020-12-31 15:18:18'),
(1865, NULL, 1, 4, '2020-12-31', '15:18:29', '15:53:29', 'ATENDIDO', NULL, 0, 'EFECTIVO', '20.00', 2, '2020-12-31 15:18:43', '2020-12-31 15:18:55'),
(1866, NULL, 41, 4, '2020-12-31', '15:24:49', '15:59:49', 'ATENDIDO', NULL, 0, 'EFECTIVO', '35.00', 2, '2020-12-31 15:25:33', '2020-12-31 16:42:11'),
(1867, NULL, 116, 1, '2020-12-31', '13:40:00', '14:15:00', 'ATENDIDO', NULL, 0, 'EFECTIVO', '20.00', 2, '2020-12-31 15:26:28', '2020-12-31 15:27:06'),
(1868, NULL, 93, 6, '2020-12-31', '15:10:56', '16:21:56', 'ATENDIDO', NULL, 0, 'EFECTIVO', '20.00', 2, '2020-12-31 15:48:25', '2020-12-31 15:49:04'),
(1869, NULL, 372, 1, '2020-12-31', '14:20:25', '15:00:25', 'ATENDIDO', NULL, 0, 'EFECTIVO', '35.00', 2, '2020-12-31 15:50:27', '2020-12-31 15:53:19'),
(1870, NULL, 348, 1, '2020-12-31', '15:47:09', '16:22:09', 'ATENDIDO', NULL, 0, 'EFECTIVO', '20.00', 2, '2020-12-31 15:54:44', '2020-12-31 17:22:29'),
(1871, NULL, 885, 6, '2020-12-31', '16:19:19', '16:54:19', 'ATENDIDO', NULL, 0, 'EFECTIVO', '20.00', 2, '2020-12-31 17:10:24', '2020-12-31 17:10:40'),
(1872, NULL, 302, 6, '2020-12-31', '17:25:14', '18:00:14', 'ATENDIDO', NULL, 0, 'EFECTIVO', '20.00', 2, '2020-12-31 17:41:18', '2020-12-31 17:44:28'),
(1873, NULL, 319, 1, '2020-12-31', '17:25:14', '18:00:14', 'ATENDIDO', NULL, 0, 'EFECTIVO', '20.00', 2, '2020-12-31 18:10:59', '2020-12-31 18:11:09'),
(1874, NULL, 193, 6, '2020-12-31', '17:25:49', '18:00:49', 'ATENDIDO', NULL, 0, 'EFECTIVO', '20.00', 2, '2020-12-31 18:13:27', '2020-12-31 18:13:39'),
(1875, NULL, 728, 4, '2020-12-31', '18:19:18', '18:54:18', 'ATENDIDO', NULL, 0, 'EFECTIVO', '20.00', 2, '2020-12-31 18:19:59', '2020-12-31 19:09:11'),
(1876, NULL, 886, 4, '2020-12-31', '19:09:29', '19:44:29', 'ATENDIDO', NULL, 0, 'EFECTIVO', '20.00', 2, '2020-12-31 19:45:33', '2020-12-31 19:45:43'),
(1877, NULL, 182, 6, '2020-12-31', '19:16:46', '19:51:46', 'ATENDIDO', NULL, 0, 'EFECTIVO', '20.00', 2, '2020-12-31 19:55:06', '2020-12-31 19:55:20'),
(1878, NULL, 534, 1, '2020-12-31', '19:19:47', '19:59:47', 'ATENDIDO', NULL, 0, 'EFECTIVO', '35.00', 2, '2020-12-31 20:05:11', '2020-12-31 20:05:25'),
(1879, NULL, 1, 4, '2020-12-31', '19:30:53', '20:05:53', 'ATENDIDO', NULL, 0, 'EFECTIVO', '20.00', 1, '2021-01-02 11:25:14', '2021-01-02 11:34:55'),
(1880, NULL, 1, 6, '2020-12-31', '19:55:28', '20:30:28', 'ATENDIDO', NULL, 0, 'EFECTIVO', '20.00', 1, '2021-01-02 11:26:13', '2021-01-02 11:35:09'),
(1881, NULL, 1, 1, '2020-12-31', '20:08:16', '20:48:16', 'ATENDIDO', NULL, 0, 'EFECTIVO', '30.00', 1, '2021-01-02 11:26:44', '2021-01-02 11:35:16'),
(1882, NULL, 1, 6, '2020-12-31', '11:26:47', '12:06:47', 'ATENDIDO', NULL, 0, 'EFECTIVO', '30.00', 1, '2021-01-02 11:28:21', '2021-01-02 11:33:31'),
(1883, NULL, 1, 1, '2020-12-31', '11:28:29', '12:03:29', 'ATENDIDO', NULL, 0, 'TARJETA', '20.00', 1, '2021-01-02 11:29:15', '2021-01-02 11:37:54'),
(1884, NULL, 887, 6, '2020-12-31', '11:31:24', '12:06:24', 'ATENDIDO', 4, 0, 'TARJETA', '15.00', 1, '2021-01-02 11:31:53', '2021-01-02 11:35:51'),
(1885, NULL, 1, 6, '2020-12-31', '11:31:57', '12:06:57', 'ATENDIDO', NULL, 0, 'EFECTIVO', '20.00', 1, '2021-01-02 11:32:20', '2021-01-02 11:34:14'),
(1886, NULL, 829, 1, '2021-01-02', '10:46:50', '11:21:50', 'ATENDIDO', NULL, 0, 'EFECTIVO', '20.00', 2, '2021-01-02 11:47:21', '2021-01-02 12:11:18'),
(1887, NULL, 888, 1, '2021-01-02', '11:47:03', '00:22:03', 'ATENDIDO', NULL, 0, 'EFECTIVO', '20.00', 2, '2021-01-02 12:28:42', '2021-01-02 12:29:18'),
(1888, NULL, 471, 1, '2021-01-02', '12:30:41', '13:05:41', 'ATENDIDO', NULL, 0, 'EFECTIVO', '20.00', 2, '2021-01-02 13:04:03', '2021-01-02 13:04:39'),
(1889, NULL, 1, 1, '2021-01-02', '13:05:11', '13:40:11', 'ATENDIDO', NULL, 0, 'EFECTIVO', '20.00', 2, '2021-01-02 13:05:53', '2021-01-02 15:13:23'),
(1890, NULL, 130, 1, '2021-01-02', '15:20:24', '15:55:24', 'EN PROCESO', NULL, 0, 'EFECTIVO', '20.00', 2, '2021-01-02 15:25:11', '2021-01-02 15:42:46');

-- --------------------------------------------------------

--
-- Estructura de tabla para la tabla `citas_detalles`
--

DROP TABLE IF EXISTS `citas_detalles`;
CREATE TABLE IF NOT EXISTS `citas_detalles` (
  `id` int(11) NOT NULL AUTO_INCREMENT,
  `cita` int(11) DEFAULT NULL,
  `servicio` int(11) DEFAULT NULL,
  `cantidad` int(11) DEFAULT NULL,
  `precio` decimal(10,2) DEFAULT NULL,
  `descuento` int(11) DEFAULT 0,
  `importe` decimal(10,2) DEFAULT NULL,
  `created_at` datetime DEFAULT NULL,
  `updated_at` datetime DEFAULT NULL,
  PRIMARY KEY (`id`),
  KEY `fk_citas_detalles_cita` (`cita`),
  KEY `fk_citas_detalles_servicio` (`servicio`)
) ENGINE=InnoDB AUTO_INCREMENT=2309 DEFAULT CHARSET=utf8;

--
-- Volcado de datos para la tabla `citas_detalles`
--

INSERT INTO `citas_detalles` (`id`, `cita`, `servicio`, `cantidad`, `precio`, `descuento`, `importe`, `created_at`, `updated_at`) VALUES
(9, 12, 1, 1, '20.00', 0, '20.00', '2020-08-03 10:43:02', '2020-08-03 10:43:02'),
(10, 13, 1, 1, '20.00', 0, '20.00', '2020-08-03 11:05:20', '2020-08-03 11:05:20'),
(11, 14, 1, 1, '20.00', 0, '20.00', '2020-08-03 11:56:32', '2020-08-03 11:56:32'),
(12, 15, 2, 1, '25.00', 0, '25.00', '2020-08-03 14:57:12', '2020-08-03 14:57:12'),
(13, 16, 2, 1, '25.00', 0, '25.00', '2020-08-03 15:37:45', '2020-08-03 15:37:45'),
(14, 16, 3, 1, '10.00', 0, '10.00', '2020-08-03 15:37:45', '2020-08-03 15:37:45'),
(15, 17, 1, 1, '20.00', 0, '20.00', '2020-08-03 16:10:01', '2020-08-03 16:10:01'),
(16, 18, 1, 1, '20.00', 0, '20.00', '2020-08-03 16:48:30', '2020-08-03 16:48:30'),
(17, 19, 1, 1, '20.00', 0, '20.00', '2020-08-03 17:10:34', '2020-08-03 17:10:34'),
(18, 20, 2, 1, '25.00', 0, '25.00', '2020-08-03 18:13:53', '2020-08-03 18:13:53'),
(19, 21, 2, 1, '25.00', 0, '25.00', '2020-08-03 18:20:35', '2020-08-03 18:20:35'),
(20, 22, 1, 1, '20.00', 0, '20.00', '2020-08-03 18:26:33', '2020-08-03 18:26:33'),
(21, 23, 2, 1, '25.00', 0, '25.00', '2020-08-03 18:39:06', '2020-08-03 18:39:06'),
(22, 24, 1, 1, '20.00', 0, '20.00', '2020-08-03 19:12:01', '2020-08-03 19:12:01'),
(23, 25, 2, 1, '25.00', 0, '25.00', '2020-08-03 19:38:20', '2020-08-03 19:38:20'),
(24, 26, 1, 1, '20.00', 0, '20.00', '2020-08-03 19:39:52', '2020-08-03 19:39:52'),
(25, 27, 1, 1, '20.00', 0, '20.00', '2020-08-04 10:47:25', '2020-08-04 10:47:25'),
(26, 28, 1, 1, '20.00', 0, '20.00', '2020-08-04 13:04:32', '2020-08-04 13:04:32'),
(27, 29, 1, 1, '20.00', 0, '20.00', '2020-08-04 15:08:48', '2020-08-04 15:08:48'),
(28, 30, 1, 1, '20.00', 0, '20.00', '2020-08-04 15:11:40', '2020-08-04 15:11:40'),
(29, 31, 1, 1, '20.00', 0, '20.00', '2020-08-04 15:14:27', '2020-08-04 15:14:27'),
(30, 32, 1, 1, '20.00', 0, '20.00', '2020-08-04 15:17:07', '2020-08-04 15:17:07'),
(31, 33, 2, 1, '25.00', 0, '25.00', '2020-08-04 16:21:16', '2020-08-04 16:21:16'),
(32, 34, 1, 1, '20.00', 0, '20.00', '2020-08-04 16:54:41', '2020-08-04 16:54:41'),
(33, 35, 1, 1, '20.00', 0, '20.00', '2020-08-04 17:04:47', '2020-08-04 17:04:47'),
(34, 36, 2, 1, '25.00', 0, '25.00', '2020-08-04 17:42:34', '2020-08-04 17:42:34'),
(35, 37, 1, 1, '20.00', 0, '20.00', '2020-08-04 17:43:13', '2020-08-04 17:43:13'),
(36, 38, 1, 1, '20.00', 0, '20.00', '2020-08-04 18:02:08', '2020-08-04 18:02:08'),
(37, 39, 1, 1, '20.00', 0, '20.00', '2020-08-04 18:30:57', '2020-08-04 18:30:57'),
(38, 40, 1, 1, '20.00', 0, '20.00', '2020-08-04 19:24:49', '2020-08-04 19:24:49'),
(39, 41, 1, 1, '20.00', 0, '20.00', '2020-08-04 19:45:20', '2020-08-04 19:45:20'),
(41, 43, 1, 1, '20.00', 0, '20.00', '2020-08-05 10:43:13', '2020-08-05 10:43:13'),
(42, 44, 1, 1, '20.00', 0, '20.00', '2020-08-05 15:53:10', '2020-08-05 15:53:10'),
(43, 45, 2, 1, '25.00', 0, '25.00', '2020-08-05 16:47:55', '2020-08-05 16:47:55'),
(44, 46, 1, 1, '20.00', 0, '20.00', '2020-08-05 18:01:02', '2020-08-05 18:01:02'),
(45, 47, 1, 1, '20.00', 0, '20.00', '2020-08-05 18:02:10', '2020-08-05 18:02:10'),
(46, 48, 1, 1, '20.00', 0, '20.00', '2020-08-05 18:52:04', '2020-08-05 18:52:04'),
(47, 49, 2, 1, '25.00', 0, '25.00', '2020-08-05 19:19:01', '2020-08-05 19:19:01'),
(48, 50, 1, 1, '20.00', 0, '20.00', '2020-08-06 11:19:41', '2020-08-06 11:19:41'),
(49, 51, 2, 1, '25.00', 0, '25.00', '2020-08-06 13:05:18', '2020-08-06 13:05:18'),
(50, 52, 1, 1, '20.00', 0, '20.00', '2020-08-06 15:25:01', '2020-08-06 15:25:01'),
(51, 53, 1, 1, '20.00', 0, '20.00', '2020-08-06 15:32:42', '2020-08-06 15:32:42'),
(52, 54, 2, 1, '25.00', 0, '25.00', '2020-08-06 16:24:47', '2020-08-06 16:24:47'),
(53, 55, 1, 1, '20.00', 0, '20.00', '2020-08-06 17:17:00', '2020-08-06 17:17:00'),
(54, 56, 1, 1, '20.00', 0, '20.00', '2020-08-06 17:33:52', '2020-08-06 17:33:52'),
(55, 57, 2, 1, '25.00', 0, '25.00', '2020-08-06 17:51:43', '2020-08-06 17:51:43'),
(56, 58, 2, 1, '25.00', 0, '25.00', '2020-08-07 10:40:32', '2020-08-07 10:40:32'),
(57, 59, 1, 1, '20.00', 0, '20.00', '2020-08-07 10:46:10', '2020-08-07 10:46:10'),
(58, 60, 2, 1, '25.00', 0, '25.00', '2020-08-07 11:05:58', '2020-08-07 11:05:58'),
(59, 61, 1, 1, '20.00', 0, '20.00', '2020-08-07 11:23:48', '2020-08-07 11:23:48'),
(60, 62, 1, 1, '20.00', 0, '20.00', '2020-08-07 12:59:53', '2020-08-07 12:59:53'),
(61, 63, 1, 1, '20.00', 0, '20.00', '2020-08-07 16:39:27', '2020-08-07 16:39:27'),
(63, 64, 2, 1, '25.00', 0, '25.00', '2020-08-07 17:12:07', '2020-08-07 17:12:07'),
(64, 65, 2, 1, '25.00', 0, '25.00', '2020-08-07 18:44:54', '2020-08-07 18:44:54'),
(65, 66, 5, 1, '15.00', 0, '15.00', '2020-08-07 18:51:39', '2020-08-07 18:51:39'),
(67, 67, 1, 1, '20.00', 0, '20.00', '2020-08-07 19:54:48', '2020-08-07 19:54:48'),
(68, 68, 1, 1, '20.00', 0, '20.00', '2020-08-07 19:57:05', '2020-08-07 19:57:05'),
(69, 69, 1, 1, '20.00', 0, '20.00', '2020-08-07 19:58:16', '2020-08-07 19:58:16'),
(70, 70, 1, 1, '20.00', 0, '20.00', '2020-08-07 20:06:36', '2020-08-07 20:06:36'),
(74, 72, 1, 1, '20.00', 0, '20.00', '2020-08-08 10:50:46', '2020-08-08 10:50:46'),
(76, 74, 2, 1, '25.00', 0, '25.00', '2020-08-08 11:26:27', '2020-08-08 11:26:27'),
(77, 73, 1, 1, '20.00', 0, '20.00', '2020-08-08 11:27:23', '2020-08-08 11:27:23'),
(78, 75, 1, 1, '20.00', 0, '20.00', '2020-08-08 11:30:10', '2020-08-08 11:30:10'),
(79, 76, 1, 1, '20.00', 0, '20.00', '2020-08-08 11:30:43', '2020-08-08 11:30:43'),
(80, 77, 1, 1, '20.00', 0, '20.00', '2020-08-08 11:34:00', '2020-08-08 11:34:00'),
(83, 80, 1, 1, '20.00', 0, '20.00', '2020-08-08 12:28:21', '2020-08-08 12:28:21'),
(84, 81, 1, 1, '20.00', 0, '20.00', '2020-08-08 12:30:48', '2020-08-08 12:30:48'),
(86, 78, 1, 1, '20.00', 0, '20.00', '2020-08-08 12:39:45', '2020-08-08 12:39:45'),
(88, 84, 1, 1, '20.00', 0, '20.00', '2020-08-08 12:49:08', '2020-08-08 12:49:08'),
(89, 79, 1, 1, '20.00', 0, '20.00', '2020-08-08 15:25:01', '2020-08-08 15:25:01'),
(90, 83, 2, 1, '25.00', 0, '25.00', '2020-08-08 15:25:56', '2020-08-08 15:25:56'),
(91, 82, 2, 1, '25.00', 0, '25.00', '2020-08-08 15:26:53', '2020-08-08 15:26:53'),
(92, 85, 1, 1, '20.00', 0, '20.00', '2020-08-08 15:44:59', '2020-08-08 15:44:59'),
(94, 86, 1, 1, '20.00', 0, '20.00', '2020-08-08 15:47:18', '2020-08-08 15:47:18'),
(95, 87, 1, 1, '20.00', 0, '20.00', '2020-08-08 16:20:57', '2020-08-08 16:20:57'),
(96, 88, 1, 1, '20.00', 0, '20.00', '2020-08-08 19:06:59', '2020-08-08 19:06:59'),
(97, 89, 1, 1, '20.00', 0, '20.00', '2020-08-08 19:17:48', '2020-08-08 19:17:48'),
(98, 90, 2, 1, '25.00', 0, '25.00', '2020-08-08 19:57:29', '2020-08-08 19:57:29'),
(101, 92, 1, 1, '20.00', 0, '20.00', '2020-08-10 11:14:04', '2020-08-10 11:14:04'),
(104, 95, 1, 1, '20.00', 0, '20.00', '2020-08-10 12:03:52', '2020-08-10 12:03:52'),
(105, 93, 1, 1, '20.00', 0, '20.00', '2020-08-10 12:06:14', '2020-08-10 12:06:14'),
(106, 96, 1, 1, '20.00', 0, '20.00', '2020-08-10 14:57:22', '2020-08-10 14:57:22'),
(107, 97, 1, 1, '20.00', 0, '20.00', '2020-08-10 15:03:14', '2020-08-10 15:03:14'),
(108, 91, 1, 1, '20.00', 0, '20.00', '2020-08-10 15:03:31', '2020-08-10 15:03:31'),
(109, 98, 1, 1, '20.00', 0, '20.00', '2020-08-10 15:11:14', '2020-08-10 15:11:14'),
(110, 99, 1, 1, '20.00', 0, '20.00', '2020-08-10 16:53:13', '2020-08-10 16:53:13'),
(112, 100, 1, 1, '20.00', 0, '20.00', '2020-08-10 17:29:33', '2020-08-10 17:29:33'),
(113, 101, 1, 1, '20.00', 0, '20.00', '2020-08-10 17:56:31', '2020-08-10 17:56:31'),
(115, 103, 1, 1, '20.00', 0, '20.00', '2020-08-10 18:29:19', '2020-08-10 18:29:19'),
(118, 102, 10, 1, '30.00', 0, '30.00', '2020-08-10 19:08:40', '2020-08-10 19:08:40'),
(119, 105, 10, 1, '30.00', 0, '30.00', '2020-08-10 19:09:18', '2020-08-10 19:09:18'),
(120, 104, 10, 1, '30.00', 0, '30.00', '2020-08-10 19:25:43', '2020-08-10 19:25:43'),
(121, 106, 1, 1, '20.00', 0, '20.00', '2020-08-11 11:55:01', '2020-08-11 11:55:01'),
(122, 107, 1, 1, '20.00', 0, '20.00', '2020-08-11 11:55:56', '2020-08-11 11:55:56'),
(123, 108, 2, 1, '25.00', 0, '25.00', '2020-08-11 12:44:06', '2020-08-11 12:44:06'),
(126, 110, 1, 1, '20.00', 0, '20.00', '2020-08-11 15:52:12', '2020-08-11 15:52:12'),
(127, 111, 1, 1, '20.00', 0, '20.00', '2020-08-11 17:11:42', '2020-08-11 17:11:42'),
(128, 112, 1, 1, '20.00', 0, '20.00', '2020-08-11 17:20:50', '2020-08-11 17:20:50'),
(129, 113, 1, 1, '20.00', 0, '20.00', '2020-08-11 17:38:31', '2020-08-11 17:38:31'),
(130, 114, 2, 1, '25.00', 0, '25.00', '2020-08-11 18:35:54', '2020-08-11 18:35:54'),
(131, 115, 1, 1, '20.00', 0, '20.00', '2020-08-11 18:50:03', '2020-08-11 18:50:03'),
(133, 117, 1, 1, '20.00', 0, '20.00', '2020-08-12 12:35:15', '2020-08-12 12:35:15'),
(134, 118, 1, 1, '20.00', 0, '20.00', '2020-08-12 13:23:03', '2020-08-12 13:23:03'),
(135, 119, 1, 1, '20.00', 0, '20.00', '2020-08-12 15:01:24', '2020-08-12 15:01:24'),
(136, 120, 1, 1, '20.00', 0, '20.00', '2020-08-12 15:08:57', '2020-08-12 15:08:57'),
(138, 122, 2, 1, '25.00', 0, '25.00', '2020-08-12 16:17:26', '2020-08-12 16:17:26'),
(142, 125, 2, 1, '25.00', 0, '25.00', '2020-08-12 17:27:48', '2020-08-12 17:27:48'),
(143, 126, 1, 1, '20.00', 0, '20.00', '2020-08-12 17:49:31', '2020-08-12 17:49:31'),
(144, 127, 1, 1, '20.00', 0, '20.00', '2020-08-12 19:50:00', '2020-08-12 19:50:00'),
(145, 116, 7, 1, '30.00', 0, '30.00', '2020-08-12 21:36:12', '2020-08-12 21:36:12'),
(146, 128, 1, 1, '20.00', 0, '20.00', '2020-08-13 11:07:41', '2020-08-13 11:07:41'),
(147, 129, 1, 1, '20.00', 0, '20.00', '2020-08-13 16:36:42', '2020-08-13 16:36:42'),
(149, 130, 2, 1, '25.00', 0, '25.00', '2020-08-13 17:05:04', '2020-08-13 17:05:04'),
(150, 131, 1, 1, '20.00', 0, '20.00', '2020-08-13 20:23:45', '2020-08-13 20:23:45'),
(151, 132, 1, 1, '20.00', 0, '20.00', '2020-08-14 11:39:41', '2020-08-14 11:39:41'),
(153, 134, 2, 1, '25.00', 0, '25.00', '2020-08-14 11:52:54', '2020-08-14 11:52:54'),
(155, 135, 1, 1, '20.00', 0, '20.00', '2020-08-14 12:14:42', '2020-08-14 12:14:42'),
(156, 136, 1, 1, '20.00', 0, '20.00', '2020-08-14 12:23:01', '2020-08-14 12:23:01'),
(157, 133, 2, 1, '25.00', 0, '25.00', '2020-08-14 12:46:09', '2020-08-14 12:46:09'),
(158, 137, 1, 1, '20.00', 0, '20.00', '2020-08-14 12:54:15', '2020-08-14 12:54:15'),
(159, 138, 1, 1, '20.00', 0, '20.00', '2020-08-14 15:43:33', '2020-08-14 15:43:33'),
(160, 139, 1, 1, '20.00', 0, '20.00', '2020-08-14 15:45:31', '2020-08-14 15:45:31'),
(161, 140, 1, 1, '20.00', 0, '20.00', '2020-08-14 16:03:59', '2020-08-14 16:03:59'),
(162, 141, 1, 1, '20.00', 0, '20.00', '2020-08-14 16:39:56', '2020-08-14 16:39:56'),
(163, 142, 1, 1, '20.00', 0, '20.00', '2020-08-14 16:52:09', '2020-08-14 16:52:09'),
(164, 143, 7, 1, '35.00', 0, '35.00', '2020-08-14 18:37:09', '2020-08-14 18:37:09'),
(165, 144, 7, 1, '35.00', 0, '35.00', '2020-08-14 18:49:06', '2020-08-14 18:49:06'),
(166, 145, 1, 1, '20.00', 0, '20.00', '2020-08-14 19:49:15', '2020-08-14 19:49:15'),
(168, 146, 1, 1, '20.00', 0, '20.00', '2020-08-15 10:42:18', '2020-08-15 10:42:18'),
(169, 147, 1, 1, '20.00', 0, '20.00', '2020-08-15 11:03:49', '2020-08-15 11:03:49'),
(170, 148, 1, 1, '20.00', 0, '20.00', '2020-08-15 11:27:44', '2020-08-15 11:27:44'),
(171, 149, 1, 1, '20.00', 0, '20.00', '2020-08-15 12:38:58', '2020-08-15 12:38:58'),
(172, 150, 1, 1, '20.00', 0, '20.00', '2020-08-15 12:54:51', '2020-08-15 12:54:51'),
(174, 152, 2, 1, '25.00', 0, '25.00', '2020-08-15 15:13:23', '2020-08-15 15:13:23'),
(175, 151, 2, 1, '25.00', 0, '25.00', '2020-08-15 16:49:12', '2020-08-15 16:49:12'),
(178, 155, 1, 1, '20.00', 0, '20.00', '2020-08-15 17:44:22', '2020-08-15 17:44:22'),
(180, 153, 2, 1, '25.00', 0, '25.00', '2020-08-15 18:03:57', '2020-08-15 18:03:57'),
(182, 157, 1, 1, '20.00', 0, '20.00', '2020-08-15 18:26:07', '2020-08-15 18:26:07'),
(183, 156, 1, 1, '20.00', 0, '20.00', '2020-08-15 18:28:24', '2020-08-15 18:28:24'),
(184, 154, 2, 1, '25.00', 0, '25.00', '2020-08-15 18:41:44', '2020-08-15 18:41:44'),
(185, 158, 1, 1, '20.00', 0, '20.00', '2020-08-15 19:18:51', '2020-08-15 19:18:51'),
(186, 159, 2, 1, '25.00', 0, '25.00', '2020-08-15 19:24:50', '2020-08-15 19:24:50'),
(187, 160, 12, 1, '10.00', 0, '10.00', '2020-08-15 19:25:35', '2020-08-15 19:25:35'),
(188, 161, 1, 1, '20.00', 0, '20.00', '2020-08-15 19:52:36', '2020-08-15 19:52:36'),
(189, 162, 1, 1, '20.00', 0, '20.00', '2020-08-17 10:47:28', '2020-08-17 10:47:28'),
(192, 165, 1, 1, '20.00', 0, '20.00', '2020-08-17 11:11:59', '2020-08-17 11:11:59'),
(193, 163, 2, 1, '25.00', 0, '25.00', '2020-08-17 11:49:39', '2020-08-17 11:49:39'),
(194, 164, 2, 1, '25.00', 0, '25.00', '2020-08-17 12:04:48', '2020-08-17 12:04:48'),
(195, 166, 1, 1, '20.00', 0, '20.00', '2020-08-17 12:35:15', '2020-08-17 12:35:15'),
(196, 167, 1, 1, '20.00', 0, '20.00', '2020-08-17 15:38:46', '2020-08-17 15:38:46'),
(197, 168, 1, 1, '20.00', 0, '20.00', '2020-08-17 15:58:08', '2020-08-17 15:58:08'),
(198, 169, 1, 1, '20.00', 0, '20.00', '2020-08-17 16:43:33', '2020-08-17 16:43:33'),
(199, 170, 1, 1, '20.00', 0, '20.00', '2020-08-17 17:33:45', '2020-08-17 17:33:45'),
(200, 171, 1, 1, '20.00', 0, '20.00', '2020-08-17 17:36:48', '2020-08-17 17:36:48'),
(201, 172, 1, 1, '20.00', 0, '20.00', '2020-08-17 22:59:45', '2020-08-17 22:59:45'),
(202, 173, 1, 1, '20.00', 0, '20.00', '2020-08-17 23:01:10', '2020-08-17 23:01:10'),
(203, 174, 1, 1, '20.00', 0, '20.00', '2020-08-17 23:03:20', '2020-08-17 23:03:20'),
(204, 175, 2, 1, '25.00', 0, '25.00', '2020-08-17 23:04:56', '2020-08-17 23:04:56'),
(207, 178, 1, 1, '20.00', 0, '20.00', '2020-08-17 23:10:43', '2020-08-17 23:10:43'),
(208, 179, 2, 1, '25.00', 0, '25.00', '2020-08-17 23:16:52', '2020-08-17 23:16:52'),
(209, 180, 2, 1, '25.00', 0, '25.00', '2020-08-17 23:20:13', '2020-08-17 23:20:13'),
(210, 181, 2, 1, '25.00', 0, '25.00', '2020-08-18 10:22:33', '2020-08-18 10:22:33'),
(212, 183, 2, 1, '25.00', 0, '25.00', '2020-08-18 10:24:53', '2020-08-18 10:24:53'),
(213, 184, 2, 1, '25.00', 0, '25.00', '2020-08-18 10:26:16', '2020-08-18 10:26:16'),
(214, 185, 1, 1, '20.00', 0, '20.00', '2020-08-18 10:27:24', '2020-08-18 10:27:24'),
(215, 186, 1, 1, '20.00', 0, '20.00', '2020-08-18 10:28:43', '2020-08-18 10:28:43'),
(216, 177, 1, 1, '20.00', 0, '20.00', '2020-08-18 10:30:56', '2020-08-18 10:30:56'),
(217, 176, 1, 1, '20.00', 0, '20.00', '2020-08-18 10:39:31', '2020-08-18 10:39:31'),
(218, 182, 2, 1, '25.00', 0, '25.00', '2020-08-18 10:40:10', '2020-08-18 10:40:10'),
(219, 187, 1, 1, '20.00', 0, '20.00', '2020-08-18 11:13:41', '2020-08-18 11:13:41'),
(220, 188, 1, 1, '20.00', 0, '20.00', '2020-08-18 11:14:01', '2020-08-18 11:14:01'),
(221, 189, 2, 1, '25.00', 0, '25.00', '2020-08-18 11:27:54', '2020-08-18 11:27:54'),
(222, 190, 2, 1, '25.00', 0, '25.00', '2020-08-18 12:05:16', '2020-08-18 12:05:16'),
(223, 191, 1, 1, '20.00', 0, '20.00', '2020-08-18 12:14:25', '2020-08-18 12:14:25'),
(224, 192, 1, 1, '20.00', 0, '20.00', '2020-08-18 15:09:30', '2020-08-18 15:09:30'),
(225, 193, 1, 1, '20.00', 0, '20.00', '2020-08-18 15:18:54', '2020-08-18 15:18:54'),
(226, 194, 1, 1, '20.00', 0, '20.00', '2020-08-18 16:01:44', '2020-08-18 16:01:44'),
(228, 196, 1, 1, '20.00', 0, '20.00', '2020-08-18 16:09:30', '2020-08-18 16:09:30'),
(229, 197, 1, 1, '20.00', 0, '20.00', '2020-08-18 16:35:29', '2020-08-18 16:35:29'),
(230, 198, 1, 1, '20.00', 0, '20.00', '2020-08-18 17:10:19', '2020-08-18 17:10:19'),
(231, 195, 2, 1, '25.00', 0, '25.00', '2020-08-18 17:33:24', '2020-08-18 17:33:24'),
(232, 199, 1, 1, '20.00', 0, '20.00', '2020-08-18 17:34:06', '2020-08-18 17:34:06'),
(234, 201, 2, 1, '25.00', 0, '25.00', '2020-08-18 17:47:28', '2020-08-18 17:47:28'),
(235, 202, 2, 1, '25.00', 0, '25.00', '2020-08-18 19:12:25', '2020-08-18 19:12:25'),
(236, 200, 2, 1, '25.00', 0, '25.00', '2020-08-18 19:15:28', '2020-08-18 19:15:28'),
(237, 203, 1, 1, '20.00', 0, '20.00', '2020-08-18 19:47:37', '2020-08-18 19:47:37'),
(239, 204, 1, 1, '20.00', 0, '20.00', '2020-08-19 11:14:21', '2020-08-19 11:14:21'),
(240, 205, 1, 1, '20.00', 0, '20.00', '2020-08-19 11:22:44', '2020-08-19 11:22:44'),
(242, 207, 1, 1, '20.00', 0, '20.00', '2020-08-19 11:38:00', '2020-08-19 11:38:00'),
(244, 209, 2, 1, '25.00', 0, '25.00', '2020-08-19 12:50:55', '2020-08-19 12:50:55'),
(245, 208, 2, 1, '25.00', 0, '25.00', '2020-08-19 14:56:52', '2020-08-19 14:56:52'),
(246, 210, 1, 1, '20.00', 0, '20.00', '2020-08-19 14:59:25', '2020-08-19 14:59:25'),
(247, 211, 2, 1, '25.00', 0, '25.00', '2020-08-19 15:35:12', '2020-08-19 15:35:12'),
(249, 212, 2, 1, '25.00', 0, '25.00', '2020-08-19 17:37:34', '2020-08-19 17:37:34'),
(250, 213, 1, 1, '20.00', 0, '20.00', '2020-08-19 18:16:46', '2020-08-19 18:16:46'),
(251, 214, 1, 1, '20.00', 0, '20.00', '2020-08-19 19:22:35', '2020-08-19 19:22:35'),
(252, 215, 1, 1, '20.00', 0, '20.00', '2020-08-20 11:14:00', '2020-08-20 11:14:00'),
(254, 216, 2, 1, '25.00', 0, '25.00', '2020-08-20 15:04:34', '2020-08-20 15:04:34'),
(256, 218, 1, 1, '20.00', 0, '20.00', '2020-08-20 15:49:48', '2020-08-20 15:49:48'),
(258, 219, 2, 1, '25.00', 0, '25.00', '2020-08-20 15:59:51', '2020-08-20 15:59:51'),
(259, 220, 1, 1, '20.00', 0, '20.00', '2020-08-20 16:21:47', '2020-08-20 16:21:47'),
(261, 217, 10, 1, '30.00', 0, '30.00', '2020-08-20 16:43:29', '2020-08-20 16:43:29'),
(262, 221, 1, 1, '20.00', 0, '20.00', '2020-08-20 16:48:06', '2020-08-20 16:48:06'),
(263, 222, 1, 1, '20.00', 0, '20.00', '2020-08-20 17:33:48', '2020-08-20 17:33:48'),
(266, 224, 2, 1, '25.00', 0, '25.00', '2020-08-20 18:15:22', '2020-08-20 18:15:22'),
(267, 225, 1, 1, '20.00', 0, '20.00', '2020-08-20 18:16:10', '2020-08-20 18:16:10'),
(268, 226, 1, 1, '20.00', 0, '20.00', '2020-08-20 18:22:02', '2020-08-20 18:22:02'),
(270, 223, 2, 1, '25.00', 0, '25.00', '2020-08-20 18:51:29', '2020-08-20 18:51:29'),
(271, 227, 2, 1, '25.00', 0, '25.00', '2020-08-20 19:14:08', '2020-08-20 19:14:08'),
(272, 228, 1, 1, '20.00', 0, '20.00', '2020-08-20 19:27:23', '2020-08-20 19:27:23'),
(275, 231, 1, 1, '20.00', 0, '20.00', '2020-08-21 11:27:37', '2020-08-21 11:27:37'),
(279, 234, 2, 1, '25.00', 0, '25.00', '2020-08-21 12:21:52', '2020-08-21 12:21:52'),
(280, 229, 1, 1, '20.00', 0, '20.00', '2020-08-21 12:44:55', '2020-08-21 12:44:55'),
(282, 233, 2, 1, '25.00', 0, '25.00', '2020-08-21 13:04:15', '2020-08-21 13:04:15'),
(283, 235, 1, 1, '20.00', 0, '20.00', '2020-08-21 16:40:51', '2020-08-21 16:40:51'),
(284, 236, 2, 1, '25.00', 0, '25.00', '2020-08-21 16:41:38', '2020-08-21 16:41:38'),
(285, 232, 2, 1, '25.00', 0, '25.00', '2020-08-21 16:58:31', '2020-08-21 16:58:31'),
(287, 237, 1, 1, '20.00', 0, '20.00', '2020-08-21 17:32:08', '2020-08-21 17:32:08'),
(288, 238, 1, 1, '20.00', 0, '20.00', '2020-08-21 18:25:45', '2020-08-21 18:25:45'),
(289, 239, 1, 1, '20.00', 0, '20.00', '2020-08-21 18:58:44', '2020-08-21 18:58:44'),
(292, 240, 1, 1, '20.00', 0, '20.00', '2020-08-21 19:37:59', '2020-08-21 19:37:59'),
(294, 242, 1, 1, '20.00', 0, '20.00', '2020-08-22 11:01:00', '2020-08-22 11:01:00'),
(295, 243, 1, 1, '20.00', 0, '20.00', '2020-08-22 11:03:32', '2020-08-22 11:03:32'),
(296, 241, 2, 1, '25.00', 0, '25.00', '2020-08-22 11:22:47', '2020-08-22 11:22:47'),
(297, 244, 1, 1, '20.00', 0, '20.00', '2020-08-22 11:52:31', '2020-08-22 11:52:31'),
(299, 245, 2, 1, '25.00', 0, '25.00', '2020-08-22 13:01:44', '2020-08-22 13:01:44'),
(301, 246, 2, 1, '25.00', 0, '25.00', '2020-08-22 15:07:09', '2020-08-22 15:07:09'),
(303, 248, 1, 1, '20.00', 0, '20.00', '2020-08-22 15:51:29', '2020-08-22 15:51:29'),
(304, 247, 2, 1, '25.00', 0, '25.00', '2020-08-22 15:57:42', '2020-08-22 15:57:42'),
(305, 249, 1, 1, '20.00', 0, '20.00', '2020-08-22 16:06:22', '2020-08-22 16:06:22'),
(306, 250, 1, 1, '20.00', 0, '20.00', '2020-08-22 16:08:00', '2020-08-22 16:08:00'),
(307, 251, 1, 1, '20.00', 0, '20.00', '2020-08-22 16:35:33', '2020-08-22 16:35:33'),
(309, 252, 2, 1, '25.00', 0, '25.00', '2020-08-22 17:02:43', '2020-08-22 17:02:43'),
(310, 253, 1, 1, '20.00', 0, '20.00', '2020-08-22 17:10:16', '2020-08-22 17:10:16'),
(314, 254, 2, 1, '25.00', 0, '25.00', '2020-08-22 17:41:14', '2020-08-22 17:41:14'),
(315, 255, 1, 1, '20.00', 0, '20.00', '2020-08-22 17:48:14', '2020-08-22 17:48:14'),
(316, 256, 1, 1, '20.00', 0, '20.00', '2020-08-22 18:29:25', '2020-08-22 18:29:25'),
(317, 257, 2, 1, '25.00', 0, '25.00', '2020-08-24 11:22:19', '2020-08-24 11:22:19'),
(318, 258, 2, 1, '25.00', 0, '25.00', '2020-08-24 11:52:20', '2020-08-24 11:52:20'),
(320, 259, 2, 1, '25.00', 0, '25.00', '2020-08-24 15:01:13', '2020-08-24 15:01:13'),
(322, 260, 1, 1, '20.00', 0, '20.00', '2020-08-24 15:14:45', '2020-08-24 15:14:45'),
(324, 261, 1, 1, '20.00', 0, '20.00', '2020-08-24 15:24:18', '2020-08-24 15:24:18'),
(326, 262, 1, 1, '20.00', 0, '20.00', '2020-08-24 15:45:46', '2020-08-24 15:45:46'),
(328, 263, 2, 1, '25.00', 0, '25.00', '2020-08-24 17:09:48', '2020-08-24 17:09:48'),
(330, 265, 1, 1, '20.00', 0, '20.00', '2020-08-24 18:18:16', '2020-08-24 18:18:16'),
(332, 267, 1, 1, '20.00', 0, '20.00', '2020-08-24 18:31:50', '2020-08-24 18:31:50'),
(334, 264, 1, 1, '20.00', 0, '20.00', '2020-08-24 18:40:37', '2020-08-24 18:40:37'),
(335, 268, 1, 1, '20.00', 0, '20.00', '2020-08-24 19:26:04', '2020-08-24 19:26:04'),
(336, 266, 1, 1, '20.00', 0, '20.00', '2020-08-24 19:32:09', '2020-08-24 19:32:09'),
(338, 269, 2, 1, '25.00', 0, '25.00', '2020-08-24 19:43:58', '2020-08-24 19:43:58'),
(341, 271, 1, 1, '20.00', 0, '20.00', '2020-08-25 11:46:08', '2020-08-25 11:46:08'),
(342, 270, 1, 1, '20.00', 0, '20.00', '2020-08-25 11:46:25', '2020-08-25 11:46:25'),
(343, 272, 1, 1, '20.00', 0, '20.00', '2020-08-25 15:26:53', '2020-08-25 15:26:53'),
(344, 273, 1, 1, '20.00', 0, '20.00', '2020-08-25 15:33:16', '2020-08-25 15:33:16'),
(345, 274, 1, 1, '20.00', 0, '20.00', '2020-08-25 16:46:39', '2020-08-25 16:46:39'),
(346, 275, 2, 1, '25.00', 0, '25.00', '2020-08-25 17:30:39', '2020-08-25 17:30:39'),
(347, 276, 1, 1, '20.00', 0, '20.00', '2020-08-25 17:49:54', '2020-08-25 17:49:54'),
(348, 277, 1, 1, '20.00', 0, '20.00', '2020-08-25 17:50:21', '2020-08-25 17:50:21'),
(349, 278, 1, 1, '20.00', 0, '20.00', '2020-08-25 17:57:54', '2020-08-25 17:57:54'),
(350, 279, 1, 1, '20.00', 0, '20.00', '2020-08-25 18:56:02', '2020-08-25 18:56:02'),
(351, 280, 1, 1, '20.00', 0, '20.00', '2020-08-26 11:28:30', '2020-08-26 11:28:30'),
(352, 281, 1, 1, '20.00', 0, '20.00', '2020-08-26 14:56:11', '2020-08-26 14:56:11'),
(353, 282, 1, 1, '20.00', 0, '20.00', '2020-08-26 16:42:54', '2020-08-26 16:42:54'),
(354, 283, 1, 1, '20.00', 0, '20.00', '2020-08-26 17:55:45', '2020-08-26 17:55:45'),
(355, 284, 1, 1, '20.00', 0, '20.00', '2020-08-26 18:33:24', '2020-08-26 18:33:24'),
(357, 285, 2, 1, '25.00', 0, '25.00', '2020-08-26 19:54:15', '2020-08-26 19:54:15'),
(359, 287, 1, 1, '20.00', 0, '20.00', '2020-08-27 11:23:00', '2020-08-27 11:23:00'),
(360, 288, 1, 1, '20.00', 0, '20.00', '2020-08-27 12:28:54', '2020-08-27 12:28:54'),
(361, 289, 2, 1, '25.00', 0, '25.00', '2020-08-27 15:02:21', '2020-08-27 15:02:21'),
(362, 290, 2, 1, '25.00', 0, '25.00', '2020-08-27 15:16:07', '2020-08-27 15:16:07'),
(363, 291, 2, 1, '25.00', 0, '25.00', '2020-08-27 16:03:20', '2020-08-27 16:03:20'),
(365, 293, 4, 1, '20.00', 0, '20.00', '2020-08-27 16:31:19', '2020-08-27 16:31:19'),
(366, 294, 1, 1, '20.00', 0, '20.00', '2020-08-27 17:05:45', '2020-08-27 17:05:45'),
(368, 295, 10, 1, '30.00', 0, '30.00', '2020-08-27 17:59:30', '2020-08-27 17:59:30'),
(369, 296, 1, 1, '20.00', 0, '20.00', '2020-08-27 18:21:57', '2020-08-27 18:21:57'),
(370, 297, 2, 1, '25.00', 0, '25.00', '2020-08-27 18:48:20', '2020-08-27 18:48:20'),
(371, 298, 1, 1, '20.00', 0, '20.00', '2020-08-27 19:04:05', '2020-08-27 19:04:05'),
(372, 299, 2, 1, '25.00', 0, '25.00', '2020-08-27 19:44:55', '2020-08-27 19:44:55'),
(373, 300, 2, 1, '25.00', 0, '25.00', '2020-08-27 19:57:41', '2020-08-27 19:57:41'),
(375, 302, 1, 1, '20.00', 0, '20.00', '2020-08-28 11:54:32', '2020-08-28 11:54:32'),
(376, 303, 1, 1, '20.00', 0, '20.00', '2020-08-28 12:50:07', '2020-08-28 12:50:07'),
(378, 305, 1, 1, '20.00', 0, '20.00', '2020-08-28 14:59:15', '2020-08-28 14:59:15'),
(379, 306, 1, 1, '20.00', 0, '20.00', '2020-08-28 15:08:01', '2020-08-28 15:08:01'),
(382, 307, 2, 1, '25.00', 0, '25.00', '2020-08-28 15:15:14', '2020-08-28 15:15:14'),
(383, 304, 2, 1, '25.00', 0, '25.00', '2020-08-28 15:15:49', '2020-08-28 15:15:49'),
(384, 308, 1, 1, '20.00', 0, '20.00', '2020-08-28 15:51:47', '2020-08-28 15:51:47'),
(385, 309, 2, 1, '25.00', 0, '25.00', '2020-08-28 15:54:57', '2020-08-28 15:54:57'),
(386, 310, 10, 1, '30.00', 0, '30.00', '2020-08-28 15:55:56', '2020-08-28 15:55:56'),
(387, 311, 2, 1, '25.00', 0, '25.00', '2020-08-28 16:17:01', '2020-08-28 16:17:01'),
(388, 312, 1, 1, '20.00', 0, '20.00', '2020-08-28 16:42:10', '2020-08-28 16:42:10'),
(389, 313, 2, 1, '25.00', 0, '25.00', '2020-08-28 16:57:16', '2020-08-28 16:57:16'),
(390, 314, 2, 1, '25.00', 0, '25.00', '2020-08-28 18:24:51', '2020-08-28 18:24:51'),
(392, 316, 1, 1, '20.00', 0, '20.00', '2020-08-28 19:00:14', '2020-08-28 19:00:14'),
(394, 301, 1, 1, '20.00', 25, '15.00', '2020-08-28 19:27:06', '2020-08-28 19:27:06'),
(395, 317, 5, 1, '5.00', 0, '5.00', '2020-08-28 19:31:02', '2020-08-28 19:31:02'),
(396, 318, 2, 1, '25.00', 0, '25.00', '2020-08-28 19:45:31', '2020-08-28 19:45:31'),
(398, 315, 2, 1, '25.00', 0, '25.00', '2020-08-28 19:50:55', '2020-08-28 19:50:55'),
(404, 323, 2, 1, '25.00', 0, '25.00', '2020-08-29 11:22:47', '2020-08-29 11:22:47'),
(410, 328, 1, 1, '20.00', 0, '20.00', '2020-08-29 12:31:21', '2020-08-29 12:31:21'),
(411, 327, 1, 1, '20.00', 0, '20.00', '2020-08-29 12:52:16', '2020-08-29 12:52:16'),
(412, 329, 1, 1, '20.00', 0, '20.00', '2020-08-29 15:07:53', '2020-08-29 15:07:53'),
(413, 325, 1, 1, '20.00', 0, '20.00', '2020-08-29 15:09:37', '2020-08-29 15:09:37'),
(414, 330, 1, 1, '20.00', 0, '20.00', '2020-08-29 15:11:24', '2020-08-29 15:11:24'),
(415, 331, 2, 1, '25.00', 0, '25.00', '2020-08-29 15:57:09', '2020-08-29 15:57:09'),
(420, 334, 2, 1, '25.00', 0, '25.00', '2020-08-29 16:23:02', '2020-08-29 16:23:02'),
(422, 333, 2, 1, '25.00', 0, '25.00', '2020-08-29 17:16:42', '2020-08-29 17:16:42'),
(424, 336, 1, 1, '20.00', 0, '20.00', '2020-08-29 17:38:41', '2020-08-29 17:38:41'),
(425, 335, 1, 1, '20.00', 0, '20.00', '2020-08-29 17:38:59', '2020-08-29 17:38:59'),
(426, 332, 1, 1, '20.00', 25, '15.00', '2020-08-29 18:18:11', '2020-08-29 18:18:11'),
(427, 337, 1, 1, '20.00', 0, '20.00', '2020-08-29 18:29:59', '2020-08-29 18:29:59'),
(429, 338, 3, 1, '15.00', 0, '15.00', '2020-08-29 19:13:54', '2020-08-29 19:13:54'),
(430, 326, 1, 1, '20.00', 0, '20.00', '2020-08-31 09:30:42', '2020-08-31 09:30:42'),
(432, 340, 1, 1, '20.00', 0, '20.00', '2020-08-31 11:21:17', '2020-08-31 11:21:17'),
(433, 341, 1, 1, '20.00', 0, '20.00', '2020-08-31 11:52:12', '2020-08-31 11:52:12'),
(435, 342, 1, 1, '20.00', 0, '20.00', '2020-08-31 12:18:56', '2020-08-31 12:18:56'),
(436, 343, 2, 1, '25.00', 0, '25.00', '2020-08-31 13:01:53', '2020-08-31 13:01:53'),
(437, 344, 1, 1, '20.00', 0, '20.00', '2020-08-31 15:02:04', '2020-08-31 15:02:04'),
(438, 345, 1, 1, '20.00', 0, '20.00', '2020-08-31 15:48:45', '2020-08-31 15:48:45'),
(439, 346, 1, 1, '20.00', 0, '20.00', '2020-08-31 17:36:02', '2020-08-31 17:36:02'),
(440, 347, 1, 1, '20.00', 0, '20.00', '2020-08-31 18:13:53', '2020-08-31 18:13:53'),
(442, 349, 1, 1, '20.00', 0, '20.00', '2020-08-31 18:42:48', '2020-08-31 18:42:48'),
(443, 348, 1, 1, '20.00', 0, '20.00', '2020-08-31 18:43:36', '2020-08-31 18:43:36'),
(444, 350, 10, 1, '30.00', 0, '30.00', '2020-08-31 18:45:55', '2020-08-31 18:45:55'),
(445, 351, 2, 1, '25.00', 0, '25.00', '2020-09-01 11:26:19', '2020-09-01 11:26:19'),
(449, 353, 1, 1, '20.00', 0, '20.00', '2020-09-01 12:46:52', '2020-09-01 12:46:52'),
(450, 354, 1, 1, '20.00', 0, '20.00', '2020-09-01 15:09:32', '2020-09-01 15:09:32'),
(451, 355, 1, 1, '20.00', 0, '20.00', '2020-09-01 15:17:21', '2020-09-01 15:17:21'),
(452, 356, 1, 1, '20.00', 0, '20.00', '2020-09-01 15:41:33', '2020-09-01 15:41:33'),
(453, 357, 1, 1, '20.00', 0, '20.00', '2020-09-01 16:09:56', '2020-09-01 16:09:56'),
(454, 358, 1, 1, '20.00', 0, '20.00', '2020-09-01 16:58:58', '2020-09-01 16:58:58'),
(455, 359, 1, 1, '20.00', 0, '20.00', '2020-09-01 17:21:37', '2020-09-01 17:21:37'),
(456, 360, 2, 1, '25.00', 0, '25.00', '2020-09-01 17:25:18', '2020-09-01 17:25:18'),
(457, 361, 1, 1, '20.00', 0, '20.00', '2020-09-01 19:34:35', '2020-09-01 19:34:35'),
(458, 352, 1, 1, '20.00', 25, '15.00', '2020-09-02 11:20:38', '2020-09-02 11:20:38'),
(461, 363, 2, 1, '25.00', 0, '25.00', '2020-09-02 15:03:04', '2020-09-02 15:03:04'),
(462, 364, 2, 1, '25.00', 0, '25.00', '2020-09-02 15:03:45', '2020-09-02 15:03:45'),
(464, 366, 2, 1, '25.00', 0, '25.00', '2020-09-02 15:24:30', '2020-09-02 15:24:30'),
(465, 362, 1, 1, '20.00', 0, '20.00', '2020-09-02 15:34:17', '2020-09-02 15:34:17'),
(466, 367, 1, 1, '20.00', 25, '15.00', '2020-09-02 15:37:32', '2020-09-02 15:37:32'),
(467, 368, 2, 1, '25.00', 0, '25.00', '2020-09-02 16:27:00', '2020-09-02 16:27:00'),
(469, 370, 1, 1, '20.00', 0, '20.00', '2020-09-02 17:00:54', '2020-09-02 17:00:54'),
(470, 371, 1, 1, '20.00', 0, '20.00', '2020-09-02 17:29:17', '2020-09-02 17:29:17'),
(471, 369, 1, 1, '20.00', 0, '20.00', '2020-09-02 17:30:01', '2020-09-02 17:30:01'),
(472, 372, 2, 1, '25.00', 0, '25.00', '2020-09-02 18:56:13', '2020-09-02 18:56:13'),
(473, 373, 1, 1, '20.00', 0, '20.00', '2020-09-02 19:33:40', '2020-09-02 19:33:40'),
(475, 374, 2, 1, '25.00', 0, '25.00', '2020-09-02 19:38:14', '2020-09-02 19:38:14'),
(476, 375, 1, 1, '20.00', 0, '20.00', '2020-09-03 10:49:41', '2020-09-03 10:49:41'),
(479, 377, 1, 1, '20.00', 0, '20.00', '2020-09-03 11:53:02', '2020-09-03 11:53:02'),
(481, 379, 1, 1, '20.00', 0, '20.00', '2020-09-03 12:39:53', '2020-09-03 12:39:53'),
(482, 378, 2, 1, '25.00', 0, '25.00', '2020-09-03 12:45:01', '2020-09-03 12:45:01'),
(483, 380, 1, 1, '20.00', 0, '20.00', '2020-09-03 15:16:39', '2020-09-03 15:16:39'),
(484, 381, 2, 1, '25.00', 0, '25.00', '2020-09-03 16:24:45', '2020-09-03 16:24:45'),
(485, 382, 2, 1, '25.00', 0, '25.00', '2020-09-03 16:34:21', '2020-09-03 16:34:21'),
(486, 383, 1, 1, '20.00', 0, '20.00', '2020-09-03 17:22:22', '2020-09-03 17:22:22'),
(489, 384, 1, 1, '20.00', 0, '20.00', '2020-09-03 18:42:05', '2020-09-03 18:42:05'),
(490, 385, 1, 1, '20.00', 0, '20.00', '2020-09-03 19:15:17', '2020-09-03 19:15:17'),
(492, 386, 2, 1, '25.00', 0, '25.00', '2020-09-03 19:22:32', '2020-09-03 19:22:32'),
(498, 387, 1, 1, '20.00', 0, '20.00', '2020-09-04 12:05:06', '2020-09-04 12:05:06'),
(499, 388, 1, 1, '20.00', 0, '20.00', '2020-09-04 12:12:14', '2020-09-04 12:12:14'),
(501, 389, 1, 1, '20.00', 0, '20.00', '2020-09-04 12:14:44', '2020-09-04 12:14:44'),
(503, 390, 1, 1, '20.00', 0, '20.00', '2020-09-04 15:44:30', '2020-09-04 15:44:30'),
(504, 391, 10, 1, '30.00', 0, '30.00', '2020-09-04 17:22:27', '2020-09-04 17:22:27'),
(505, 392, 1, 1, '20.00', 0, '20.00', '2020-09-04 17:55:29', '2020-09-04 17:55:29'),
(506, 393, 1, 1, '20.00', 0, '20.00', '2020-09-04 19:22:24', '2020-09-04 19:22:24'),
(508, 395, 1, 1, '20.00', 0, '20.00', '2020-09-05 11:25:31', '2020-09-05 11:25:31'),
(509, 396, 1, 1, '20.00', 0, '20.00', '2020-09-05 11:40:34', '2020-09-05 11:40:34'),
(513, 398, 1, 1, '20.00', 0, '20.00', '2020-09-05 12:08:47', '2020-09-05 12:08:47'),
(517, 399, 10, 1, '30.00', 0, '30.00', '2020-09-05 12:38:53', '2020-09-05 12:38:53'),
(518, 399, 6, 1, '20.00', 0, '20.00', '2020-09-05 12:38:53', '2020-09-05 12:38:53'),
(519, 397, 2, 1, '25.00', 0, '25.00', '2020-09-05 13:02:41', '2020-09-05 13:02:41'),
(521, 400, 1, 1, '20.00', 0, '20.00', '2020-09-05 15:09:27', '2020-09-05 15:09:27'),
(522, 401, 2, 1, '25.00', 25, '18.75', '2020-09-05 15:18:48', '2020-09-05 15:18:48'),
(524, 403, 2, 1, '25.00', 0, '25.00', '2020-09-05 15:38:23', '2020-09-05 15:38:23'),
(525, 402, 10, 1, '30.00', 0, '30.00', '2020-09-05 16:10:35', '2020-09-05 16:10:35'),
(527, 404, 1, 1, '20.00', 0, '20.00', '2020-09-05 17:01:40', '2020-09-05 17:01:40'),
(528, 405, 1, 1, '20.00', 0, '20.00', '2020-09-05 17:17:33', '2020-09-05 17:17:33'),
(529, 406, 1, 1, '20.00', 0, '20.00', '2020-09-05 17:32:10', '2020-09-05 17:32:10'),
(530, 394, 3, 1, '15.00', 0, '15.00', '2020-09-05 19:12:58', '2020-09-05 19:12:58'),
(531, 407, 2, 1, '25.00', 0, '25.00', '2020-09-07 11:17:28', '2020-09-07 11:17:28'),
(533, 408, 2, 1, '25.00', 0, '25.00', '2020-09-07 11:19:46', '2020-09-07 11:19:46'),
(535, 409, 1, 1, '20.00', 0, '20.00', '2020-09-07 11:49:17', '2020-09-07 11:49:17'),
(536, 410, 2, 1, '25.00', 0, '25.00', '2020-09-07 12:19:11', '2020-09-07 12:19:11'),
(537, 411, 2, 1, '25.00', 0, '25.00', '2020-09-07 12:26:20', '2020-09-07 12:26:20'),
(538, 412, 1, 1, '20.00', 0, '20.00', '2020-09-07 12:54:14', '2020-09-07 12:54:14'),
(539, 413, 2, 1, '25.00', 0, '25.00', '2020-09-07 12:55:08', '2020-09-07 12:55:08'),
(540, 414, 1, 1, '20.00', 0, '20.00', '2020-09-07 15:09:58', '2020-09-07 15:09:58'),
(541, 415, 1, 1, '20.00', 25, '15.00', '2020-09-07 15:15:21', '2020-09-07 15:15:21'),
(542, 416, 1, 1, '20.00', 25, '15.00', '2020-09-07 15:16:40', '2020-09-07 15:16:40'),
(543, 417, 1, 1, '20.00', 0, '20.00', '2020-09-07 15:51:05', '2020-09-07 15:51:05'),
(544, 418, 1, 1, '20.00', 0, '20.00', '2020-09-07 17:12:17', '2020-09-07 17:12:17'),
(545, 419, 2, 1, '25.00', 0, '25.00', '2020-09-07 18:18:22', '2020-09-07 18:18:22'),
(546, 420, 1, 1, '20.00', 0, '20.00', '2020-09-07 18:38:38', '2020-09-07 18:38:38'),
(547, 421, 2, 1, '25.00', 0, '25.00', '2020-09-07 18:54:06', '2020-09-07 18:54:06'),
(548, 422, 1, 1, '20.00', 0, '20.00', '2020-09-07 19:26:13', '2020-09-07 19:26:13'),
(550, 423, 1, 1, '20.00', 0, '20.00', '2020-09-08 12:48:14', '2020-09-08 12:48:14'),
(552, 424, 1, 1, '20.00', 0, '20.00', '2020-09-08 14:53:01', '2020-09-08 14:53:01'),
(554, 426, 1, 1, '20.00', 0, '20.00', '2020-09-08 16:25:00', '2020-09-08 16:25:00'),
(555, 427, 1, 1, '20.00', 0, '20.00', '2020-09-08 18:05:26', '2020-09-08 18:05:26'),
(556, 425, 1, 1, '20.00', 0, '20.00', '2020-09-08 18:06:42', '2020-09-08 18:06:42'),
(557, 428, 1, 1, '20.00', 0, '20.00', '2020-09-08 18:06:53', '2020-09-08 18:06:53'),
(558, 429, 1, 1, '20.00', 0, '20.00', '2020-09-08 18:40:27', '2020-09-08 18:40:27'),
(559, 430, 7, 1, '35.00', 0, '35.00', '2020-09-09 11:14:24', '2020-09-09 11:14:24'),
(560, 431, 1, 1, '20.00', 0, '20.00', '2020-09-09 11:30:06', '2020-09-09 11:30:06'),
(561, 432, 1, 1, '20.00', 0, '20.00', '2020-09-09 11:49:24', '2020-09-09 11:49:24'),
(562, 433, 1, 1, '20.00', 0, '20.00', '2020-09-09 15:19:06', '2020-09-09 15:19:06'),
(563, 434, 1, 1, '20.00', 0, '20.00', '2020-09-09 16:06:51', '2020-09-09 16:06:51'),
(565, 435, 2, 1, '25.00', 0, '25.00', '2020-09-09 17:14:27', '2020-09-09 17:14:27'),
(566, 436, 1, 1, '20.00', 0, '20.00', '2020-09-09 17:51:10', '2020-09-09 17:51:10'),
(567, 437, 1, 1, '20.00', 0, '20.00', '2020-09-09 18:18:07', '2020-09-09 18:18:07'),
(568, 438, 1, 1, '20.00', 0, '20.00', '2020-09-09 18:34:39', '2020-09-09 18:34:39'),
(569, 439, 1, 1, '20.00', 0, '20.00', '2020-09-09 18:42:07', '2020-09-09 18:42:07'),
(571, 440, 1, 1, '20.00', 0, '20.00', '2020-09-09 19:20:48', '2020-09-09 19:20:48'),
(572, 441, 1, 1, '20.00', 0, '20.00', '2020-09-09 19:51:46', '2020-09-09 19:51:46'),
(573, 442, 1, 1, '20.00', 0, '20.00', '2020-09-09 19:54:43', '2020-09-09 19:54:43'),
(574, 443, 1, 1, '20.00', 0, '20.00', '2020-09-10 11:10:16', '2020-09-10 11:10:16'),
(575, 444, 1, 1, '20.00', 0, '20.00', '2020-09-10 11:26:54', '2020-09-10 11:26:54'),
(576, 445, 2, 1, '25.00', 0, '25.00', '2020-09-10 12:18:43', '2020-09-10 12:18:43'),
(578, 446, 2, 1, '25.00', 0, '25.00', '2020-09-10 12:37:35', '2020-09-10 12:37:35'),
(579, 447, 2, 1, '25.00', 0, '25.00', '2020-09-10 15:00:59', '2020-09-10 15:00:59'),
(580, 448, 1, 1, '20.00', 0, '20.00', '2020-09-10 15:27:51', '2020-09-10 15:27:51'),
(581, 449, 1, 1, '20.00', 0, '20.00', '2020-09-10 15:37:44', '2020-09-10 15:37:44'),
(582, 450, 2, 1, '25.00', 0, '25.00', '2020-09-10 16:11:59', '2020-09-10 16:11:59'),
(583, 451, 1, 1, '20.00', 0, '20.00', '2020-09-10 16:13:04', '2020-09-10 16:13:04'),
(584, 452, 1, 1, '20.00', 0, '20.00', '2020-09-10 16:27:24', '2020-09-10 16:27:24'),
(585, 453, 1, 1, '20.00', 0, '20.00', '2020-09-10 16:32:34', '2020-09-10 16:32:34'),
(586, 454, 1, 1, '20.00', 0, '20.00', '2020-09-10 17:39:59', '2020-09-10 17:39:59'),
(587, 455, 2, 1, '25.00', 0, '25.00', '2020-09-10 18:16:19', '2020-09-10 18:16:19'),
(588, 456, 1, 1, '20.00', 0, '20.00', '2020-09-10 18:45:07', '2020-09-10 18:45:07'),
(589, 457, 1, 1, '20.00', 0, '20.00', '2020-09-10 19:17:04', '2020-09-10 19:17:04'),
(590, 458, 2, 1, '25.00', 0, '25.00', '2020-09-10 19:42:39', '2020-09-10 19:42:39'),
(591, 459, 2, 1, '25.00', 0, '25.00', '2020-09-11 11:10:01', '2020-09-11 11:10:01'),
(594, 461, 1, 1, '20.00', 0, '20.00', '2020-09-11 12:23:51', '2020-09-11 12:23:51'),
(595, 462, 1, 1, '20.00', 0, '20.00', '2020-09-11 12:38:30', '2020-09-11 12:38:30'),
(596, 463, 2, 1, '25.00', 0, '25.00', '2020-09-11 15:03:54', '2020-09-11 15:03:54'),
(601, 464, 1, 1, '20.00', 0, '20.00', '2020-09-11 15:16:14', '2020-09-11 15:16:14'),
(602, 465, 1, 1, '20.00', 0, '20.00', '2020-09-11 15:16:48', '2020-09-11 15:16:48'),
(603, 466, 1, 1, '20.00', 0, '20.00', '2020-09-11 15:18:47', '2020-09-11 15:18:47'),
(604, 467, 2, 1, '25.00', 0, '25.00', '2020-09-11 17:03:03', '2020-09-11 17:03:03'),
(605, 468, 2, 1, '25.00', 0, '25.00', '2020-09-11 17:41:38', '2020-09-11 17:41:38'),
(606, 469, 2, 1, '25.00', 0, '25.00', '2020-09-11 17:51:29', '2020-09-11 17:51:29'),
(607, 470, 1, 1, '20.00', 0, '20.00', '2020-09-11 18:24:48', '2020-09-11 18:24:48'),
(608, 471, 1, 1, '20.00', 0, '20.00', '2020-09-11 18:47:30', '2020-09-11 18:47:30'),
(609, 472, 2, 1, '25.00', 0, '25.00', '2020-09-11 19:30:05', '2020-09-11 19:30:05'),
(610, 473, 1, 1, '20.00', 0, '20.00', '2020-09-11 19:34:58', '2020-09-11 19:34:58'),
(611, 474, 1, 1, '20.00', 0, '20.00', '2020-09-11 19:37:08', '2020-09-11 19:37:08'),
(612, 475, 2, 1, '25.00', 0, '25.00', '2020-09-11 19:46:25', '2020-09-11 19:46:25'),
(613, 476, 2, 1, '25.00', 0, '25.00', '2020-09-11 19:59:27', '2020-09-11 19:59:27'),
(614, 477, 1, 1, '20.00', 0, '20.00', '2020-09-11 20:40:30', '2020-09-11 20:40:30'),
(615, 478, 1, 1, '20.00', 0, '20.00', '2020-09-12 11:00:53', '2020-09-12 11:00:53'),
(616, 479, 2, 1, '25.00', 0, '25.00', '2020-09-12 11:31:27', '2020-09-12 11:31:27'),
(617, 480, 1, 1, '20.00', 0, '20.00', '2020-09-12 11:37:47', '2020-09-12 11:37:47'),
(619, 481, 1, 1, '20.00', 0, '20.00', '2020-09-12 12:13:22', '2020-09-12 12:13:22'),
(620, 482, 2, 1, '25.00', 0, '25.00', '2020-09-12 12:14:29', '2020-09-12 12:14:29'),
(621, 483, 1, 1, '20.00', 0, '20.00', '2020-09-12 12:20:47', '2020-09-12 12:20:47'),
(622, 484, 1, 1, '20.00', 0, '20.00', '2020-09-12 12:22:22', '2020-09-12 12:22:22'),
(623, 485, 1, 1, '20.00', 0, '20.00', '2020-09-12 12:24:43', '2020-09-12 12:24:43'),
(624, 486, 1, 1, '20.00', 0, '20.00', '2020-09-12 15:11:39', '2020-09-12 15:11:39'),
(626, 488, 2, 1, '25.00', 0, '25.00', '2020-09-12 16:04:13', '2020-09-12 16:04:13'),
(627, 487, 1, 1, '20.00', 0, '20.00', '2020-09-12 16:04:51', '2020-09-12 16:04:51'),
(628, 489, 2, 1, '25.00', 0, '25.00', '2020-09-12 16:07:39', '2020-09-12 16:07:39'),
(629, 490, 2, 1, '25.00', 0, '25.00', '2020-09-12 16:09:52', '2020-09-12 16:09:52'),
(630, 491, 2, 1, '25.00', 0, '25.00', '2020-09-12 16:30:01', '2020-09-12 16:30:01'),
(631, 492, 1, 1, '20.00', 0, '20.00', '2020-09-12 17:01:34', '2020-09-12 17:01:34'),
(635, 496, 2, 1, '25.00', 0, '25.00', '2020-09-12 17:45:57', '2020-09-12 17:45:57'),
(636, 495, 2, 1, '25.00', 0, '25.00', '2020-09-12 17:46:40', '2020-09-12 17:46:40'),
(637, 493, 2, 1, '25.00', 0, '25.00', '2020-09-12 17:57:42', '2020-09-12 17:57:42'),
(638, 494, 2, 1, '25.00', 0, '25.00', '2020-09-12 17:59:23', '2020-09-12 17:59:23'),
(640, 498, 1, 1, '20.00', 0, '20.00', '2020-09-12 19:11:40', '2020-09-12 19:11:40'),
(641, 497, 1, 1, '20.00', 0, '20.00', '2020-09-12 19:23:43', '2020-09-12 19:23:43'),
(642, 499, 1, 1, '20.00', 0, '20.00', '2020-09-14 11:55:46', '2020-09-14 11:55:46'),
(643, 500, 1, 1, '20.00', 0, '20.00', '2020-09-14 12:29:52', '2020-09-14 12:29:52'),
(644, 501, 2, 1, '25.00', 0, '25.00', '2020-09-14 15:05:44', '2020-09-14 15:05:44'),
(645, 502, 1, 1, '20.00', 0, '20.00', '2020-09-14 15:06:25', '2020-09-14 15:06:25'),
(647, 504, 2, 1, '25.00', 0, '25.00', '2020-09-14 15:57:03', '2020-09-14 15:57:03'),
(648, 505, 1, 1, '20.00', 0, '20.00', '2020-09-14 16:27:13', '2020-09-14 16:27:13'),
(649, 506, 1, 1, '20.00', 0, '20.00', '2020-09-14 16:27:37', '2020-09-14 16:27:37'),
(650, 507, 1, 1, '20.00', 0, '20.00', '2020-09-14 18:03:03', '2020-09-14 18:03:03'),
(651, 508, 1, 1, '20.00', 0, '20.00', '2020-09-14 18:44:45', '2020-09-14 18:44:45'),
(652, 509, 1, 1, '20.00', 0, '20.00', '2020-09-14 19:32:39', '2020-09-14 19:32:39'),
(653, 510, 1, 1, '20.00', 0, '20.00', '2020-09-14 20:07:04', '2020-09-14 20:07:04'),
(654, 511, 1, 1, '20.00', 0, '20.00', '2020-09-14 20:08:11', '2020-09-14 20:08:11'),
(655, 512, 1, 1, '20.00', 0, '20.00', '2020-09-14 20:10:05', '2020-09-14 20:10:05'),
(656, 513, 1, 1, '20.00', 0, '20.00', '2020-09-14 20:22:22', '2020-09-14 20:22:22'),
(657, 503, 1, 1, '20.00', 0, '20.00', '2020-09-15 15:00:59', '2020-09-15 15:00:59'),
(658, 514, 1, 1, '20.00', 0, '20.00', '2020-09-15 15:02:09', '2020-09-15 15:02:09'),
(659, 515, 2, 1, '25.00', 0, '25.00', '2020-09-15 15:54:36', '2020-09-15 15:54:36'),
(660, 516, 1, 1, '20.00', 0, '20.00', '2020-09-15 16:55:36', '2020-09-15 16:55:36'),
(661, 517, 1, 1, '20.00', 0, '20.00', '2020-09-15 18:02:31', '2020-09-15 18:02:31'),
(662, 518, 1, 1, '20.00', 0, '20.00', '2020-09-15 18:51:27', '2020-09-15 18:51:27'),
(663, 519, 1, 1, '20.00', 0, '20.00', '2020-09-15 19:46:33', '2020-09-15 19:46:33'),
(664, 520, 1, 1, '20.00', 0, '20.00', '2020-09-15 19:57:09', '2020-09-15 19:57:09'),
(665, 521, 1, 1, '20.00', 0, '20.00', '2020-09-15 20:28:05', '2020-09-15 20:28:05'),
(666, 522, 1, 1, '20.00', 0, '20.00', '2020-09-15 20:31:41', '2020-09-15 20:31:41'),
(667, 523, 2, 1, '25.00', 0, '25.00', '2020-09-16 11:28:41', '2020-09-16 11:28:41'),
(668, 524, 1, 1, '20.00', 0, '20.00', '2020-09-16 12:17:33', '2020-09-16 12:17:33'),
(670, 525, 1, 1, '20.00', 0, '20.00', '2020-09-16 12:19:31', '2020-09-16 12:19:31'),
(671, 526, 2, 1, '25.00', 0, '25.00', '2020-09-16 12:32:54', '2020-09-16 12:32:54'),
(672, 527, 2, 1, '25.00', 0, '25.00', '2020-09-16 15:02:05', '2020-09-16 15:02:05'),
(673, 528, 1, 1, '20.00', 0, '20.00', '2020-09-16 15:08:21', '2020-09-16 15:08:21'),
(674, 529, 1, 1, '20.00', 0, '20.00', '2020-09-16 15:35:59', '2020-09-16 15:35:59'),
(675, 530, 2, 1, '25.00', 0, '25.00', '2020-09-16 16:14:00', '2020-09-16 16:14:00'),
(677, 531, 1, 1, '20.00', 0, '20.00', '2020-09-16 16:43:26', '2020-09-16 16:43:26'),
(678, 532, 1, 1, '20.00', 0, '20.00', '2020-09-16 16:45:45', '2020-09-16 16:45:45'),
(679, 533, 1, 1, '20.00', 0, '20.00', '2020-09-16 17:13:07', '2020-09-16 17:13:07'),
(680, 534, 1, 1, '20.00', 0, '20.00', '2020-09-16 17:14:39', '2020-09-16 17:14:39'),
(681, 535, 2, 1, '25.00', 0, '25.00', '2020-09-16 18:06:13', '2020-09-16 18:06:13'),
(682, 536, 2, 1, '25.00', 0, '25.00', '2020-09-16 18:07:37', '2020-09-16 18:07:37'),
(683, 537, 2, 1, '25.00', 0, '25.00', '2020-09-16 18:45:17', '2020-09-16 18:45:17'),
(684, 538, 1, 1, '20.00', 0, '20.00', '2020-09-16 19:56:37', '2020-09-16 19:56:37'),
(685, 539, 1, 1, '20.00', 0, '20.00', '2020-09-16 19:58:23', '2020-09-16 19:58:23'),
(687, 540, 10, 1, '30.00', 0, '30.00', '2020-09-17 11:19:25', '2020-09-17 11:19:25'),
(688, 541, 1, 1, '20.00', 0, '20.00', '2020-09-17 11:53:06', '2020-09-17 11:53:06'),
(689, 542, 1, 1, '20.00', 25, '15.00', '2020-09-17 11:55:38', '2020-09-17 11:55:38'),
(690, 543, 2, 1, '25.00', 0, '25.00', '2020-09-17 12:44:31', '2020-09-17 12:44:31'),
(692, 545, 2, 1, '25.00', 0, '25.00', '2020-09-17 15:01:09', '2020-09-17 15:01:09'),
(693, 544, 2, 1, '25.00', 25, '18.75', '2020-09-17 15:03:16', '2020-09-17 15:03:16'),
(694, 546, 1, 1, '20.00', 0, '20.00', '2020-09-17 15:04:36', '2020-09-17 15:04:36'),
(695, 547, 1, 1, '20.00', 0, '20.00', '2020-09-17 15:06:36', '2020-09-17 15:06:36'),
(696, 548, 2, 1, '25.00', 0, '25.00', '2020-09-17 15:24:33', '2020-09-17 15:24:33'),
(697, 549, 1, 1, '20.00', 0, '20.00', '2020-09-17 16:44:07', '2020-09-17 16:44:07'),
(699, 550, 2, 1, '25.00', 0, '25.00', '2020-09-17 17:20:00', '2020-09-17 17:20:00'),
(700, 551, 1, 1, '20.00', 0, '20.00', '2020-09-17 18:15:14', '2020-09-17 18:15:14'),
(701, 552, 2, 1, '25.00', 0, '25.00', '2020-09-17 18:31:36', '2020-09-17 18:31:36'),
(702, 553, 2, 1, '25.00', 0, '25.00', '2020-09-17 19:13:45', '2020-09-17 19:13:45'),
(703, 554, 2, 1, '25.00', 0, '25.00', '2020-09-17 19:24:54', '2020-09-17 19:24:54'),
(704, 555, 1, 1, '20.00', 0, '20.00', '2020-09-17 20:02:32', '2020-09-17 20:02:32'),
(705, 556, 2, 1, '25.00', 0, '25.00', '2020-09-18 11:15:25', '2020-09-18 11:15:25'),
(707, 558, 1, 1, '20.00', 0, '20.00', '2020-09-18 11:59:42', '2020-09-18 11:59:42'),
(708, 559, 1, 1, '20.00', 0, '20.00', '2020-09-18 12:00:29', '2020-09-18 12:00:29'),
(709, 560, 1, 1, '20.00', 0, '20.00', '2020-09-18 12:36:28', '2020-09-18 12:36:28'),
(710, 557, 1, 1, '20.00', 25, '15.00', '2020-09-18 15:05:47', '2020-09-18 15:05:47'),
(712, 561, 1, 1, '20.00', 0, '20.00', '2020-09-18 15:21:26', '2020-09-18 15:21:26'),
(713, 562, 1, 1, '20.00', 0, '20.00', '2020-09-18 15:22:31', '2020-09-18 15:22:31'),
(714, 563, 1, 1, '20.00', 0, '20.00', '2020-09-18 15:23:53', '2020-09-18 15:23:53'),
(715, 564, 2, 1, '25.00', 0, '25.00', '2020-09-18 15:26:43', '2020-09-18 15:26:43'),
(716, 565, 1, 1, '20.00', 0, '20.00', '2020-09-18 15:39:30', '2020-09-18 15:39:30'),
(717, 566, 2, 1, '25.00', 0, '25.00', '2020-09-18 16:10:11', '2020-09-18 16:10:11'),
(718, 567, 2, 1, '25.00', 0, '25.00', '2020-09-18 16:40:12', '2020-09-18 16:40:12'),
(719, 568, 1, 1, '20.00', 0, '20.00', '2020-09-18 17:00:15', '2020-09-18 17:00:15'),
(720, 569, 1, 1, '20.00', 25, '15.00', '2020-09-18 17:02:05', '2020-09-18 17:02:05'),
(722, 571, 1, 1, '20.00', 0, '20.00', '2020-09-18 18:14:09', '2020-09-18 18:14:09'),
(723, 572, 1, 1, '20.00', 0, '20.00', '2020-09-18 18:15:56', '2020-09-18 18:15:56'),
(724, 570, 1, 1, '20.00', 25, '15.00', '2020-09-18 18:29:55', '2020-09-18 18:29:55'),
(726, 573, 2, 1, '25.00', 0, '25.00', '2020-09-18 18:35:13', '2020-09-18 18:35:13'),
(727, 574, 1, 1, '20.00', 0, '20.00', '2020-09-18 19:03:10', '2020-09-18 19:03:10'),
(728, 575, 1, 1, '20.00', 0, '20.00', '2020-09-18 19:22:17', '2020-09-18 19:22:17'),
(730, 576, 1, 1, '20.00', 0, '20.00', '2020-09-18 19:50:47', '2020-09-18 19:50:47'),
(731, 577, 1, 1, '20.00', 0, '20.00', '2020-09-18 19:59:14', '2020-09-18 19:59:14'),
(733, 579, 2, 1, '25.00', 0, '25.00', '2020-09-19 11:30:34', '2020-09-19 11:30:34'),
(734, 580, 1, 1, '20.00', 0, '20.00', '2020-09-19 11:53:04', '2020-09-19 11:53:04'),
(736, 581, 1, 1, '20.00', 0, '20.00', '2020-09-19 12:16:43', '2020-09-19 12:16:43'),
(737, 582, 1, 1, '20.00', 0, '20.00', '2020-09-19 12:48:11', '2020-09-19 12:48:11'),
(739, 583, 1, 1, '20.00', 0, '20.00', '2020-09-19 12:51:23', '2020-09-19 12:51:23'),
(741, 584, 1, 1, '20.00', 0, '20.00', '2020-09-19 15:16:07', '2020-09-19 15:16:07'),
(742, 585, 2, 1, '25.00', 0, '25.00', '2020-09-19 15:16:39', '2020-09-19 15:16:39'),
(743, 586, 1, 1, '20.00', 0, '20.00', '2020-09-19 15:17:16', '2020-09-19 15:17:16'),
(744, 587, 1, 1, '20.00', 0, '20.00', '2020-09-19 15:20:42', '2020-09-19 15:20:42'),
(745, 588, 1, 1, '20.00', 0, '20.00', '2020-09-19 15:36:24', '2020-09-19 15:36:24'),
(746, 589, 1, 1, '20.00', 0, '20.00', '2020-09-19 16:07:18', '2020-09-19 16:07:18'),
(747, 590, 2, 1, '25.00', 0, '25.00', '2020-09-19 16:09:39', '2020-09-19 16:09:39'),
(748, 591, 10, 1, '30.00', 0, '30.00', '2020-09-19 16:35:32', '2020-09-19 16:35:32'),
(749, 592, 1, 1, '20.00', 0, '20.00', '2020-09-19 17:00:20', '2020-09-19 17:00:20'),
(750, 593, 2, 1, '25.00', 0, '25.00', '2020-09-19 17:21:56', '2020-09-19 17:21:56'),
(751, 594, 1, 1, '20.00', 0, '20.00', '2020-09-19 18:08:22', '2020-09-19 18:08:22'),
(752, 595, 1, 1, '20.00', 0, '20.00', '2020-09-19 18:15:23', '2020-09-19 18:15:23'),
(754, 597, 1, 1, '20.00', 0, '20.00', '2020-09-19 18:47:19', '2020-09-19 18:47:19'),
(755, 578, 1, 1, '20.00', 25, '15.00', '2020-09-19 19:16:22', '2020-09-19 19:16:22'),
(756, 598, 2, 1, '25.00', 0, '25.00', '2020-09-19 19:16:23', '2020-09-19 19:16:23'),
(757, 596, 1, 1, '20.00', 0, '20.00', '2020-09-19 19:28:48', '2020-09-19 19:28:48'),
(758, 599, 2, 1, '25.00', 0, '25.00', '2020-09-19 19:34:11', '2020-09-19 19:34:11'),
(759, 600, 1, 1, '20.00', 0, '20.00', '2020-09-21 10:19:54', '2020-09-21 10:19:54'),
(760, 601, 1, 1, '20.00', 0, '20.00', '2020-09-21 10:21:48', '2020-09-21 10:21:48'),
(761, 602, 1, 1, '20.00', 0, '20.00', '2020-09-21 11:05:40', '2020-09-21 11:05:40'),
(763, 603, 1, 1, '20.00', 0, '20.00', '2020-09-21 12:15:24', '2020-09-21 12:15:24'),
(765, 604, 1, 1, '20.00', 0, '20.00', '2020-09-21 15:09:43', '2020-09-21 15:09:43'),
(766, 605, 10, 1, '30.00', 0, '30.00', '2020-09-21 16:59:54', '2020-09-21 16:59:54'),
(767, 606, 1, 1, '20.00', 0, '20.00', '2020-09-21 17:55:07', '2020-09-21 17:55:07'),
(768, 607, 1, 1, '20.00', 0, '20.00', '2020-09-21 19:21:59', '2020-09-21 19:21:59'),
(769, 608, 1, 1, '20.00', 0, '20.00', '2020-09-21 20:02:04', '2020-09-21 20:02:04'),
(770, 609, 1, 1, '20.00', 0, '20.00', '2020-09-22 10:57:00', '2020-09-22 10:57:00'),
(771, 610, 2, 1, '25.00', 0, '25.00', '2020-09-22 11:55:38', '2020-09-22 11:55:38'),
(772, 611, 1, 1, '20.00', 0, '20.00', '2020-09-22 15:15:27', '2020-09-22 15:15:27'),
(773, 612, 1, 1, '20.00', 0, '20.00', '2020-09-22 15:16:56', '2020-09-22 15:16:56'),
(774, 613, 1, 1, '20.00', 0, '20.00', '2020-09-22 15:17:29', '2020-09-22 15:17:29'),
(775, 614, 1, 1, '20.00', 0, '20.00', '2020-09-22 15:18:53', '2020-09-22 15:18:53'),
(776, 615, 1, 1, '20.00', 0, '20.00', '2020-09-22 16:15:53', '2020-09-22 16:15:53'),
(777, 616, 1, 1, '20.00', 0, '20.00', '2020-09-22 16:33:35', '2020-09-22 16:33:35'),
(778, 617, 1, 1, '20.00', 0, '20.00', '2020-09-22 16:59:29', '2020-09-22 16:59:29'),
(780, 618, 1, 1, '20.00', 0, '20.00', '2020-09-22 17:17:13', '2020-09-22 17:17:13'),
(781, 619, 10, 1, '30.00', 0, '30.00', '2020-09-22 17:36:45', '2020-09-22 17:36:45'),
(782, 620, 1, 1, '20.00', 0, '20.00', '2020-09-22 18:08:34', '2020-09-22 18:08:34'),
(783, 621, 1, 1, '20.00', 0, '20.00', '2020-09-22 18:30:55', '2020-09-22 18:30:55'),
(784, 622, 1, 1, '20.00', 0, '20.00', '2020-09-22 18:36:36', '2020-09-22 18:36:36'),
(785, 623, 1, 1, '20.00', 0, '20.00', '2020-09-22 19:12:21', '2020-09-22 19:12:21'),
(786, 624, 1, 1, '20.00', 0, '20.00', '2020-09-22 19:18:11', '2020-09-22 19:18:11'),
(787, 625, 1, 1, '20.00', 0, '20.00', '2020-09-22 19:36:36', '2020-09-22 19:36:36'),
(789, 626, 1, 1, '20.00', 0, '20.00', '2020-09-22 19:57:37', '2020-09-22 19:57:37'),
(790, 627, 2, 1, '25.00', 0, '25.00', '2020-09-23 12:40:59', '2020-09-23 12:40:59'),
(791, 628, 1, 1, '20.00', 0, '20.00', '2020-09-23 12:44:02', '2020-09-23 12:44:02'),
(792, 629, 2, 1, '25.00', 0, '25.00', '2020-09-23 15:59:12', '2020-09-23 15:59:12'),
(795, 630, 1, 1, '20.00', 0, '20.00', '2020-09-23 16:01:30', '2020-09-23 16:01:30'),
(796, 631, 1, 1, '20.00', 0, '20.00', '2020-09-23 16:02:21', '2020-09-23 16:02:21');
INSERT INTO `citas_detalles` (`id`, `cita`, `servicio`, `cantidad`, `precio`, `descuento`, `importe`, `created_at`, `updated_at`) VALUES
(797, 632, 1, 1, '20.00', 25, '15.00', '2020-09-23 16:05:34', '2020-09-23 16:05:34'),
(799, 634, 1, 1, '20.00', 0, '20.00', '2020-09-23 16:40:46', '2020-09-23 16:40:46'),
(801, 633, 1, 1, '20.00', 0, '20.00', '2020-09-23 17:48:56', '2020-09-23 17:48:56'),
(802, 636, 1, 1, '20.00', 0, '20.00', '2020-09-23 17:52:56', '2020-09-23 17:52:56'),
(803, 637, 1, 1, '20.00', 0, '20.00', '2020-09-23 17:55:29', '2020-09-23 17:55:29'),
(804, 638, 2, 1, '25.00', 0, '25.00', '2020-09-23 19:05:34', '2020-09-23 19:05:34'),
(805, 639, 1, 1, '20.00', 0, '20.00', '2020-09-23 19:45:19', '2020-09-23 19:45:19'),
(806, 640, 2, 1, '25.00', 0, '25.00', '2020-09-23 19:47:18', '2020-09-23 19:47:18'),
(807, 641, 2, 1, '25.00', 0, '25.00', '2020-09-23 19:50:30', '2020-09-23 19:50:30'),
(808, 642, 1, 1, '20.00', 0, '20.00', '2020-09-23 20:22:58', '2020-09-23 20:22:58'),
(809, 643, 2, 1, '25.00', 0, '25.00', '2020-09-23 20:30:27', '2020-09-23 20:30:27'),
(810, 635, 1, 1, '20.00', 0, '20.00', '2020-09-23 20:40:47', '2020-09-23 20:40:47'),
(811, 644, 1, 1, '20.00', 0, '20.00', '2020-09-24 12:58:51', '2020-09-24 12:58:51'),
(812, 645, 1, 1, '20.00', 0, '20.00', '2020-09-24 16:15:02', '2020-09-24 16:15:02'),
(813, 646, 1, 1, '20.00', 0, '20.00', '2020-09-24 16:15:43', '2020-09-24 16:15:43'),
(814, 647, 1, 1, '20.00', 0, '20.00', '2020-09-24 17:07:59', '2020-09-24 17:07:59'),
(815, 648, 1, 1, '20.00', 0, '20.00', '2020-09-24 17:09:55', '2020-09-24 17:09:55'),
(816, 649, 2, 1, '25.00', 0, '25.00', '2020-09-24 17:26:46', '2020-09-24 17:26:46'),
(817, 650, 2, 1, '25.00', 0, '25.00', '2020-09-24 18:18:53', '2020-09-24 18:18:53'),
(818, 651, 2, 1, '25.00', 0, '25.00', '2020-09-24 18:53:40', '2020-09-24 18:53:40'),
(819, 652, 1, 1, '20.00', 0, '20.00', '2020-09-24 18:58:19', '2020-09-24 18:58:19'),
(820, 653, 1, 1, '20.00', 0, '20.00', '2020-09-24 19:41:40', '2020-09-24 19:41:40'),
(821, 654, 1, 1, '20.00', 0, '20.00', '2020-09-24 20:10:02', '2020-09-24 20:10:02'),
(822, 655, 1, 1, '20.00', 25, '15.00', '2020-09-25 10:34:33', '2020-09-25 10:34:33'),
(823, 656, 1, 1, '20.00', 0, '20.00', '2020-09-25 11:40:52', '2020-09-25 11:40:52'),
(824, 657, 1, 1, '20.00', 0, '20.00', '2020-09-25 12:40:28', '2020-09-25 12:40:28'),
(825, 658, 2, 1, '25.00', 0, '25.00', '2020-09-25 15:10:25', '2020-09-25 15:10:25'),
(826, 659, 1, 1, '20.00', 0, '20.00', '2020-09-25 15:16:00', '2020-09-25 15:16:00'),
(827, 660, 2, 1, '25.00', 0, '25.00', '2020-09-25 15:59:56', '2020-09-25 15:59:56'),
(828, 661, 1, 1, '20.00', 0, '20.00', '2020-09-25 16:45:32', '2020-09-25 16:45:32'),
(829, 662, 1, 1, '20.00', 0, '20.00', '2020-09-25 16:51:04', '2020-09-25 16:51:04'),
(830, 663, 1, 1, '20.00', 0, '20.00', '2020-09-25 17:51:06', '2020-09-25 17:51:06'),
(831, 664, 1, 1, '20.00', 0, '20.00', '2020-09-25 17:52:44', '2020-09-25 17:52:44'),
(832, 665, 1, 1, '20.00', 0, '20.00', '2020-09-25 18:24:50', '2020-09-25 18:24:50'),
(833, 666, 1, 1, '20.00', 0, '20.00', '2020-09-25 18:36:30', '2020-09-25 18:36:30'),
(835, 667, 2, 1, '25.00', 0, '25.00', '2020-09-26 11:32:16', '2020-09-26 11:32:16'),
(836, 668, 1, 1, '20.00', 0, '20.00', '2020-09-26 11:50:49', '2020-09-26 11:50:49'),
(839, 669, 1, 1, '20.00', 0, '20.00', '2020-09-26 12:17:32', '2020-09-26 12:17:32'),
(840, 670, 1, 1, '20.00', 0, '20.00', '2020-09-26 12:18:05', '2020-09-26 12:18:05'),
(841, 671, 1, 1, '20.00', 0, '20.00', '2020-09-26 15:11:47', '2020-09-26 15:11:47'),
(842, 672, 1, 1, '20.00', 0, '20.00', '2020-09-26 15:17:18', '2020-09-26 15:17:18'),
(843, 673, 1, 1, '20.00', 0, '20.00', '2020-09-26 17:23:57', '2020-09-26 17:23:57'),
(844, 674, 1, 1, '20.00', 0, '20.00', '2020-09-26 19:48:14', '2020-09-26 19:48:14'),
(845, 675, 1, 1, '20.00', 0, '20.00', '2020-09-26 19:53:38', '2020-09-26 19:53:38'),
(847, 676, 1, 1, '20.00', 0, '20.00', '2020-09-26 20:16:06', '2020-09-26 20:16:06'),
(849, 677, 1, 1, '20.00', 0, '20.00', '2020-09-26 20:22:42', '2020-09-26 20:22:42'),
(850, 678, 1, 1, '20.00', 0, '20.00', '2020-09-26 20:50:02', '2020-09-26 20:50:02'),
(851, 679, 1, 1, '20.00', 0, '20.00', '2020-09-26 21:16:03', '2020-09-26 21:16:03'),
(852, 680, 1, 1, '20.00', 0, '20.00', '2020-09-26 21:20:43', '2020-09-26 21:20:43'),
(856, 682, 1, 1, '20.00', 0, '20.00', '2020-09-28 11:29:24', '2020-09-28 11:29:24'),
(857, 683, 1, 1, '20.00', 0, '20.00', '2020-09-28 11:50:51', '2020-09-28 11:50:51'),
(858, 684, 1, 1, '20.00', 0, '20.00', '2020-09-28 11:52:43', '2020-09-28 11:52:43'),
(859, 685, 1, 1, '20.00', 0, '20.00', '2020-09-28 15:34:28', '2020-09-28 15:34:28'),
(860, 686, 1, 1, '20.00', 0, '20.00', '2020-09-28 15:35:03', '2020-09-28 15:35:03'),
(861, 687, 2, 1, '25.00', 0, '25.00', '2020-09-28 15:37:36', '2020-09-28 15:37:36'),
(862, 688, 1, 1, '20.00', 0, '20.00', '2020-09-28 15:38:18', '2020-09-28 15:38:18'),
(864, 690, 1, 1, '20.00', 0, '20.00', '2020-09-28 16:39:04', '2020-09-28 16:39:04'),
(865, 691, 2, 1, '25.00', 0, '25.00', '2020-09-28 16:40:20', '2020-09-28 16:40:20'),
(866, 689, 2, 1, '25.00', 0, '25.00', '2020-09-28 16:41:53', '2020-09-28 16:41:53'),
(868, 693, 2, 1, '25.00', 25, '18.75', '2020-09-28 18:40:26', '2020-09-28 18:40:26'),
(869, 692, 2, 1, '25.00', 0, '25.00', '2020-09-28 18:46:57', '2020-09-28 18:46:57'),
(870, 694, 1, 1, '20.00', 0, '20.00', '2020-09-28 19:05:26', '2020-09-28 19:05:26'),
(871, 695, 1, 1, '20.00', 0, '20.00', '2020-09-28 19:15:30', '2020-09-28 19:15:30'),
(873, 696, 2, 1, '25.00', 0, '25.00', '2020-09-29 12:29:03', '2020-09-29 12:29:03'),
(874, 697, 1, 1, '20.00', 0, '20.00', '2020-09-29 12:40:05', '2020-09-29 12:40:05'),
(875, 698, 7, 1, '35.00', 0, '35.00', '2020-09-29 15:04:53', '2020-09-29 15:04:53'),
(876, 699, 2, 1, '25.00', 0, '25.00', '2020-09-29 15:07:26', '2020-09-29 15:07:26'),
(877, 700, 6, 1, '20.00', 0, '20.00', '2020-09-29 15:08:18', '2020-09-29 15:08:18'),
(878, 701, 2, 1, '25.00', 0, '25.00', '2020-09-29 16:54:59', '2020-09-29 16:54:59'),
(879, 702, 1, 1, '20.00', 0, '20.00', '2020-09-29 17:32:03', '2020-09-29 17:32:03'),
(880, 703, 2, 1, '25.00', 0, '25.00', '2020-09-29 18:18:55', '2020-09-29 18:18:55'),
(882, 705, 1, 1, '20.00', 0, '20.00', '2020-09-30 11:32:56', '2020-09-30 11:32:56'),
(883, 706, 1, 1, '20.00', 0, '20.00', '2020-09-30 11:39:14', '2020-09-30 11:39:14'),
(884, 707, 1, 1, '20.00', 25, '15.00', '2020-09-30 12:22:37', '2020-09-30 12:22:37'),
(885, 708, 2, 1, '25.00', 0, '25.00', '2020-09-30 12:46:54', '2020-09-30 12:46:54'),
(886, 709, 1, 1, '20.00', 0, '20.00', '2020-09-30 12:55:53', '2020-09-30 12:55:53'),
(887, 710, 2, 1, '25.00', 0, '25.00', '2020-09-30 16:22:05', '2020-09-30 16:22:05'),
(888, 711, 2, 1, '25.00', 0, '25.00', '2020-09-30 16:36:34', '2020-09-30 16:36:34'),
(889, 712, 1, 1, '20.00', 0, '20.00', '2020-09-30 17:11:49', '2020-09-30 17:11:49'),
(890, 713, 1, 1, '20.00', 0, '20.00', '2020-09-30 17:23:19', '2020-09-30 17:23:19'),
(891, 714, 1, 1, '20.00', 0, '20.00', '2020-09-30 17:40:21', '2020-09-30 17:40:21'),
(892, 715, 1, 1, '20.00', 0, '20.00', '2020-09-30 18:10:45', '2020-09-30 18:10:45'),
(893, 716, 1, 1, '20.00', 0, '20.00', '2020-09-30 18:49:04', '2020-09-30 18:49:04'),
(895, 717, 2, 1, '25.00', 0, '25.00', '2020-09-30 19:02:18', '2020-09-30 19:02:18'),
(896, 718, 1, 1, '20.00', 0, '20.00', '2020-09-30 19:32:13', '2020-09-30 19:32:13'),
(897, 719, 2, 1, '25.00', 25, '18.75', '2020-09-30 19:34:56', '2020-09-30 19:34:56'),
(898, 720, 2, 1, '25.00', 0, '25.00', '2020-09-30 19:51:58', '2020-09-30 19:51:58'),
(899, 721, 2, 1, '25.00', 0, '25.00', '2020-09-30 19:54:20', '2020-09-30 19:54:20'),
(901, 376, 2, 1, '25.00', 25, '18.75', '2020-10-01 10:52:34', '2020-10-01 10:52:34'),
(906, 725, 1, 1, '20.00', 25, '15.00', '2020-10-01 12:11:37', '2020-10-01 12:11:37'),
(908, 726, 2, 1, '25.00', 0, '25.00', '2020-10-01 12:44:04', '2020-10-01 12:44:04'),
(909, 704, 2, 1, '25.00', 20, '20.00', '2020-10-01 16:01:02', '2020-10-01 16:01:02'),
(910, 723, 1, 1, '20.00', 0, '20.00', '2020-10-01 16:02:55', '2020-10-01 16:02:55'),
(912, 727, 1, 1, '20.00', 0, '20.00', '2020-10-01 16:54:00', '2020-10-01 16:54:00'),
(913, 728, 1, 1, '20.00', 0, '20.00', '2020-10-01 17:17:42', '2020-10-01 17:17:42'),
(914, 729, 1, 1, '20.00', 0, '20.00', '2020-10-01 17:19:07', '2020-10-01 17:19:07'),
(915, 730, 1, 1, '20.00', 25, '15.00', '2020-10-01 17:27:28', '2020-10-01 17:27:28'),
(916, 731, 1, 1, '20.00', 0, '20.00', '2020-10-01 17:37:25', '2020-10-01 17:37:25'),
(917, 732, 1, 1, '20.00', 0, '20.00', '2020-10-01 18:18:27', '2020-10-01 18:18:27'),
(919, 734, 1, 1, '20.00', 0, '20.00', '2020-10-01 18:58:30', '2020-10-01 18:58:30'),
(921, 735, 1, 1, '20.00', 0, '20.00', '2020-10-01 19:36:57', '2020-10-01 19:36:57'),
(922, 736, 1, 1, '20.00', 0, '20.00', '2020-10-01 20:22:08', '2020-10-01 20:22:08'),
(923, 737, 1, 1, '20.00', 0, '20.00', '2020-10-02 10:58:55', '2020-10-02 10:58:55'),
(924, 738, 2, 1, '25.00', 0, '25.00', '2020-10-02 11:54:17', '2020-10-02 11:54:17'),
(925, 739, 1, 1, '20.00', 0, '20.00', '2020-10-02 12:05:54', '2020-10-02 12:05:54'),
(928, 741, 1, 1, '20.00', 0, '20.00', '2020-10-02 15:38:45', '2020-10-02 15:38:45'),
(929, 742, 1, 1, '20.00', 0, '20.00', '2020-10-02 15:41:35', '2020-10-02 15:41:35'),
(930, 743, 1, 1, '20.00', 0, '20.00', '2020-10-02 15:42:19', '2020-10-02 15:42:19'),
(932, 744, 1, 1, '20.00', 0, '20.00', '2020-10-02 15:55:20', '2020-10-02 15:55:20'),
(933, 745, 2, 1, '25.00', 0, '25.00', '2020-10-02 15:56:06', '2020-10-02 15:56:06'),
(934, 746, 1, 1, '20.00', 0, '20.00', '2020-10-02 15:57:22', '2020-10-02 15:57:22'),
(936, 747, 1, 1, '20.00', 0, '20.00', '2020-10-02 16:37:52', '2020-10-02 16:37:52'),
(937, 740, 2, 1, '25.00', 20, '20.00', '2020-10-02 16:42:12', '2020-10-02 16:42:12'),
(939, 749, 1, 1, '20.00', 0, '20.00', '2020-10-02 17:37:54', '2020-10-02 17:37:54'),
(943, 751, 1, 1, '20.00', 0, '20.00', '2020-10-02 18:05:44', '2020-10-02 18:05:44'),
(944, 748, 1, 1, '20.00', 0, '20.00', '2020-10-02 18:06:14', '2020-10-02 18:06:14'),
(947, 752, 1, 1, '20.00', 0, '20.00', '2020-10-02 19:12:19', '2020-10-02 19:12:19'),
(949, 753, 1, 1, '20.00', 0, '20.00', '2020-10-02 19:30:45', '2020-10-02 19:30:45'),
(950, 733, 1, 1, '20.00', 0, '20.00', '2020-10-02 19:31:26', '2020-10-02 19:31:26'),
(951, 754, 2, 1, '25.00', 0, '25.00', '2020-10-02 19:34:10', '2020-10-02 19:34:10'),
(952, 755, 2, 1, '25.00', 0, '25.00', '2020-10-02 20:29:27', '2020-10-02 20:29:27'),
(953, 756, 2, 1, '25.00', 20, '20.00', '2020-10-03 11:37:18', '2020-10-03 11:37:18'),
(954, 757, 2, 1, '25.00', 0, '25.00', '2020-10-03 11:41:05', '2020-10-03 11:41:05'),
(955, 758, 2, 1, '25.00', 0, '25.00', '2020-10-03 11:42:35', '2020-10-03 11:42:35'),
(957, 759, 10, 1, '30.00', 0, '30.00', '2020-10-03 15:54:22', '2020-10-03 15:54:22'),
(959, 760, 1, 1, '20.00', 0, '20.00', '2020-10-03 15:55:35', '2020-10-03 15:55:35'),
(960, 761, 1, 1, '20.00', 0, '20.00', '2020-10-03 16:00:29', '2020-10-03 16:00:29'),
(961, 762, 1, 1, '20.00', 0, '20.00', '2020-10-03 16:39:49', '2020-10-03 16:39:49'),
(962, 763, 2, 1, '25.00', 0, '25.00', '2020-10-03 17:54:32', '2020-10-03 17:54:32'),
(963, 764, 2, 1, '25.00', 0, '25.00', '2020-10-03 18:23:21', '2020-10-03 18:23:21'),
(964, 765, 2, 1, '25.00', 0, '25.00', '2020-10-03 19:02:18', '2020-10-03 19:02:18'),
(965, 766, 2, 1, '25.00', 0, '25.00', '2020-10-03 19:26:22', '2020-10-03 19:26:22'),
(966, 767, 1, 1, '20.00', 0, '20.00', '2020-10-03 19:44:39', '2020-10-03 19:44:39'),
(967, 768, 2, 1, '25.00', 0, '25.00', '2020-10-03 19:56:26', '2020-10-03 19:56:26'),
(968, 769, 1, 1, '20.00', 0, '20.00', '2020-10-05 11:30:35', '2020-10-05 11:30:35'),
(969, 770, 2, 1, '25.00', 0, '25.00', '2020-10-05 11:30:59', '2020-10-05 11:30:59'),
(971, 771, 1, 1, '20.00', 0, '20.00', '2020-10-05 12:46:51', '2020-10-05 12:46:51'),
(972, 772, 2, 1, '25.00', 0, '25.00', '2020-10-05 13:14:00', '2020-10-05 13:14:00'),
(973, 773, 1, 1, '20.00', 0, '20.00', '2020-10-05 16:00:33', '2020-10-05 16:00:33'),
(974, 774, 2, 1, '25.00', 0, '25.00', '2020-10-05 17:00:30', '2020-10-05 17:00:30'),
(975, 775, 1, 1, '20.00', 0, '20.00', '2020-10-05 17:06:35', '2020-10-05 17:06:35'),
(976, 776, 2, 1, '25.00', 0, '25.00', '2020-10-05 17:59:20', '2020-10-05 17:59:20'),
(977, 777, 1, 1, '20.00', 0, '20.00', '2020-10-05 18:07:32', '2020-10-05 18:07:32'),
(978, 778, 1, 1, '20.00', 0, '20.00', '2020-10-05 18:41:36', '2020-10-05 18:41:36'),
(979, 779, 1, 1, '20.00', 0, '20.00', '2020-10-05 18:45:39', '2020-10-05 18:45:39'),
(980, 780, 1, 1, '20.00', 0, '20.00', '2020-10-05 19:32:58', '2020-10-05 19:32:58'),
(982, 782, 2, 1, '25.00', 0, '25.00', '2020-10-06 11:42:21', '2020-10-06 11:42:21'),
(983, 783, 1, 1, '20.00', 0, '20.00', '2020-10-06 12:55:51', '2020-10-06 12:55:51'),
(984, 784, 2, 1, '25.00', 0, '25.00', '2020-10-06 15:02:21', '2020-10-06 15:02:21'),
(985, 785, 1, 1, '20.00', 0, '20.00', '2020-10-06 15:39:25', '2020-10-06 15:39:25'),
(987, 786, 1, 1, '20.00', 0, '20.00', '2020-10-06 15:55:23', '2020-10-06 15:55:23'),
(989, 787, 2, 1, '25.00', 0, '25.00', '2020-10-06 15:57:43', '2020-10-06 15:57:43'),
(990, 788, 1, 1, '20.00', 0, '20.00', '2020-10-06 15:58:33', '2020-10-06 15:58:33'),
(991, 789, 1, 1, '20.00', 0, '20.00', '2020-10-06 16:25:32', '2020-10-06 16:25:32'),
(992, 790, 1, 1, '20.00', 0, '20.00', '2020-10-06 16:26:35', '2020-10-06 16:26:35'),
(994, 791, 1, 1, '20.00', 0, '20.00', '2020-10-06 17:01:58', '2020-10-06 17:01:58'),
(996, 781, 2, 1, '25.00', 0, '25.00', '2020-10-06 17:06:29', '2020-10-06 17:06:29'),
(997, 792, 1, 1, '20.00', 0, '20.00', '2020-10-06 18:35:31', '2020-10-06 18:35:31'),
(998, 793, 1, 1, '20.00', 0, '20.00', '2020-10-06 19:47:23', '2020-10-06 19:47:23'),
(999, 794, 1, 1, '20.00', 0, '20.00', '2020-10-07 11:16:40', '2020-10-07 11:16:40'),
(1000, 795, 1, 1, '20.00', 0, '20.00', '2020-10-07 11:55:06', '2020-10-07 11:55:06'),
(1001, 796, 1, 1, '20.00', 0, '20.00', '2020-10-07 12:46:58', '2020-10-07 12:46:58'),
(1002, 797, 1, 1, '20.00', 0, '20.00', '2020-10-07 15:10:48', '2020-10-07 15:10:48'),
(1003, 798, 2, 1, '25.00', 0, '25.00', '2020-10-07 15:27:25', '2020-10-07 15:27:25'),
(1004, 799, 1, 1, '20.00', 0, '20.00', '2020-10-07 16:10:39', '2020-10-07 16:10:39'),
(1006, 801, 1, 1, '20.00', 0, '20.00', '2020-10-07 16:15:27', '2020-10-07 16:15:27'),
(1007, 750, 10, 1, '25.00', 0, '25.00', '2020-10-07 16:41:56', '2020-10-07 16:41:56'),
(1009, 800, 1, 1, '20.00', 0, '20.00', '2020-10-07 16:47:34', '2020-10-07 16:47:34'),
(1011, 804, 1, 1, '20.00', 0, '20.00', '2020-10-07 17:13:52', '2020-10-07 17:13:52'),
(1013, 806, 7, 1, '35.00', 0, '35.00', '2020-10-07 17:57:15', '2020-10-07 17:57:15'),
(1014, 805, 7, 1, '35.00', 0, '35.00', '2020-10-07 18:13:21', '2020-10-07 18:13:21'),
(1015, 807, 2, 1, '25.00', 0, '25.00', '2020-10-07 19:06:23', '2020-10-07 19:06:23'),
(1016, 808, 2, 1, '25.00', 0, '25.00', '2020-10-07 19:13:18', '2020-10-07 19:13:18'),
(1017, 809, 1, 1, '20.00', 0, '20.00', '2020-10-08 12:30:07', '2020-10-08 12:30:07'),
(1018, 810, 2, 1, '25.00', 0, '25.00', '2020-10-08 12:57:04', '2020-10-08 12:57:04'),
(1020, 811, 2, 1, '25.00', 0, '25.00', '2020-10-08 12:59:56', '2020-10-08 12:59:56'),
(1021, 812, 2, 1, '25.00', 0, '25.00', '2020-10-08 15:21:21', '2020-10-08 15:21:21'),
(1022, 813, 2, 1, '25.00', 0, '25.00', '2020-10-08 15:24:09', '2020-10-08 15:24:09'),
(1023, 814, 1, 1, '20.00', 0, '20.00', '2020-10-08 15:26:36', '2020-10-08 15:26:36'),
(1024, 815, 1, 1, '20.00', 0, '20.00', '2020-10-08 15:41:53', '2020-10-08 15:41:53'),
(1025, 803, 2, 1, '25.00', 20, '20.00', '2020-10-08 17:51:40', '2020-10-08 17:51:40'),
(1028, 816, 2, 1, '25.00', 20, '20.00', '2020-10-09 11:03:32', '2020-10-09 11:03:32'),
(1030, 817, 2, 1, '25.00', 0, '25.00', '2020-10-09 12:14:33', '2020-10-09 12:14:33'),
(1032, 818, 2, 1, '25.00', 0, '25.00', '2020-10-09 12:35:19', '2020-10-09 12:35:19'),
(1033, 819, 10, 1, '30.00', 0, '30.00', '2020-10-09 15:56:37', '2020-10-09 15:56:37'),
(1034, 820, 1, 1, '20.00', 0, '20.00', '2020-10-09 16:42:22', '2020-10-09 16:42:22'),
(1036, 821, 7, 1, '35.00', 0, '35.00', '2020-10-09 16:47:56', '2020-10-09 16:47:56'),
(1037, 822, 1, 1, '20.00', 0, '20.00', '2020-10-09 16:48:57', '2020-10-09 16:48:57'),
(1038, 823, 1, 1, '20.00', 0, '20.00', '2020-10-09 16:51:14', '2020-10-09 16:51:14'),
(1039, 824, 1, 1, '20.00', 0, '20.00', '2020-10-09 17:34:31', '2020-10-09 17:34:31'),
(1040, 825, 1, 1, '20.00', 0, '20.00', '2020-10-09 17:56:36', '2020-10-09 17:56:36'),
(1042, 826, 1, 1, '20.00', 0, '20.00', '2020-10-09 18:29:31', '2020-10-09 18:29:31'),
(1043, 827, 1, 1, '20.00', 0, '20.00', '2020-10-09 18:38:41', '2020-10-09 18:38:41'),
(1044, 828, 2, 1, '25.00', 0, '25.00', '2020-10-09 19:10:01', '2020-10-09 19:10:01'),
(1045, 829, 1, 1, '20.00', 0, '20.00', '2020-10-09 19:25:10', '2020-10-09 19:25:10'),
(1046, 830, 2, 1, '25.00', 0, '25.00', '2020-10-09 19:52:42', '2020-10-09 19:52:42'),
(1047, 831, 1, 1, '20.00', 0, '20.00', '2020-10-09 20:18:59', '2020-10-09 20:18:59'),
(1049, 833, 2, 1, '25.00', 0, '25.00', '2020-10-10 11:35:21', '2020-10-10 11:35:21'),
(1051, 834, 2, 1, '25.00', 0, '25.00', '2020-10-10 12:15:24', '2020-10-10 12:15:24'),
(1054, 836, 2, 1, '25.00', 0, '25.00', '2020-10-10 12:48:18', '2020-10-10 12:48:18'),
(1055, 832, 1, 1, '20.00', 0, '20.00', '2020-10-10 15:15:17', '2020-10-10 15:15:17'),
(1056, 835, 1, 1, '20.00', 0, '20.00', '2020-10-10 15:25:33', '2020-10-10 15:25:33'),
(1057, 837, 2, 1, '25.00', 0, '25.00', '2020-10-10 15:27:36', '2020-10-10 15:27:36'),
(1058, 838, 2, 1, '25.00', 0, '25.00', '2020-10-10 15:28:20', '2020-10-10 15:28:20'),
(1059, 839, 2, 1, '25.00', 0, '25.00', '2020-10-10 15:28:59', '2020-10-10 15:28:59'),
(1060, 840, 1, 1, '20.00', 0, '20.00', '2020-10-10 15:34:28', '2020-10-10 15:34:28'),
(1061, 841, 1, 1, '20.00', 0, '20.00', '2020-10-10 15:44:36', '2020-10-10 15:44:36'),
(1063, 842, 1, 1, '20.00', 0, '20.00', '2020-10-10 15:54:17', '2020-10-10 15:54:17'),
(1064, 843, 1, 1, '20.00', 0, '20.00', '2020-10-10 16:10:55', '2020-10-10 16:10:55'),
(1065, 844, 1, 1, '20.00', 0, '20.00', '2020-10-10 16:49:32', '2020-10-10 16:49:32'),
(1066, 845, 2, 1, '25.00', 0, '25.00', '2020-10-10 17:18:55', '2020-10-10 17:18:55'),
(1067, 846, 2, 1, '25.00', 0, '25.00', '2020-10-10 18:02:49', '2020-10-10 18:02:49'),
(1069, 848, 2, 1, '25.00', 0, '25.00', '2020-10-10 18:32:07', '2020-10-10 18:32:07'),
(1070, 847, 10, 1, '30.00', 0, '30.00', '2020-10-10 19:02:34', '2020-10-10 19:02:34'),
(1071, 849, 1, 1, '20.00', 0, '20.00', '2020-10-10 19:06:06', '2020-10-10 19:06:06'),
(1072, 850, 1, 1, '20.00', 0, '20.00', '2020-10-10 19:52:52', '2020-10-10 19:52:52'),
(1073, 851, 1, 1, '20.00', 0, '20.00', '2020-10-10 20:15:09', '2020-10-10 20:15:09'),
(1074, 852, 1, 1, '20.00', 0, '20.00', '2020-10-12 11:45:41', '2020-10-12 11:45:41'),
(1076, 853, 1, 1, '20.00', 0, '20.00', '2020-10-12 12:14:51', '2020-10-12 12:14:51'),
(1078, 854, 1, 1, '20.00', 0, '20.00', '2020-10-12 12:38:36', '2020-10-12 12:38:36'),
(1079, 855, 2, 1, '25.00', 0, '25.00', '2020-10-12 12:53:28', '2020-10-12 12:53:28'),
(1080, 856, 1, 1, '20.00', 0, '20.00', '2020-10-12 13:02:19', '2020-10-12 13:02:19'),
(1081, 857, 1, 1, '20.00', 0, '20.00', '2020-10-12 15:12:52', '2020-10-12 15:12:52'),
(1083, 859, 1, 1, '20.00', 0, '20.00', '2020-10-12 15:31:37', '2020-10-12 15:31:37'),
(1084, 858, 1, 1, '20.00', 0, '20.00', '2020-10-12 15:32:22', '2020-10-12 15:32:22'),
(1085, 860, 7, 1, '35.00', 0, '35.00', '2020-10-12 15:38:01', '2020-10-12 15:38:01'),
(1086, 861, 2, 1, '25.00', 0, '25.00', '2020-10-12 16:34:49', '2020-10-12 16:34:49'),
(1087, 862, 1, 1, '20.00', 0, '20.00', '2020-10-12 16:36:49', '2020-10-12 16:36:49'),
(1088, 863, 1, 1, '20.00', 0, '20.00', '2020-10-12 17:10:16', '2020-10-12 17:10:16'),
(1089, 864, 2, 1, '25.00', 0, '25.00', '2020-10-12 17:51:05', '2020-10-12 17:51:05'),
(1090, 865, 1, 1, '20.00', 0, '20.00', '2020-10-12 18:53:21', '2020-10-12 18:53:21'),
(1091, 866, 2, 1, '25.00', 0, '25.00', '2020-10-12 18:57:14', '2020-10-12 18:57:14'),
(1092, 867, 1, 1, '20.00', 0, '20.00', '2020-10-12 19:17:41', '2020-10-12 19:17:41'),
(1093, 868, 1, 1, '20.00', 0, '20.00', '2020-10-12 19:34:36', '2020-10-12 19:34:36'),
(1094, 869, 1, 1, '20.00', 0, '20.00', '2020-10-13 11:16:22', '2020-10-13 11:16:22'),
(1095, 870, 1, 1, '20.00', 0, '20.00', '2020-10-13 11:21:08', '2020-10-13 11:21:08'),
(1096, 871, 1, 1, '20.00', 0, '20.00', '2020-10-13 11:56:58', '2020-10-13 11:56:58'),
(1097, 872, 1, 1, '20.00', 0, '20.00', '2020-10-13 12:27:21', '2020-10-13 12:27:21'),
(1098, 873, 1, 1, '20.00', 0, '20.00', '2020-10-13 12:27:55', '2020-10-13 12:27:55'),
(1099, 874, 1, 1, '20.00', 0, '20.00', '2020-10-13 15:28:13', '2020-10-13 15:28:13'),
(1100, 875, 1, 1, '20.00', 0, '20.00', '2020-10-13 16:37:15', '2020-10-13 16:37:15'),
(1101, 876, 2, 1, '25.00', 0, '25.00', '2020-10-13 16:42:38', '2020-10-13 16:42:38'),
(1102, 877, 1, 1, '20.00', 0, '20.00', '2020-10-13 17:22:24', '2020-10-13 17:22:24'),
(1103, 878, 1, 1, '20.00', 0, '20.00', '2020-10-13 17:30:21', '2020-10-13 17:30:21'),
(1104, 879, 1, 1, '20.00', 0, '20.00', '2020-10-13 17:58:15', '2020-10-13 17:58:15'),
(1105, 880, 1, 1, '20.00', 0, '20.00', '2020-10-14 15:42:53', '2020-10-14 15:42:53'),
(1106, 881, 1, 1, '20.00', 0, '20.00', '2020-10-14 15:59:13', '2020-10-14 15:59:13'),
(1107, 882, 1, 1, '20.00', 0, '20.00', '2020-10-14 16:17:32', '2020-10-14 16:17:32'),
(1108, 883, 1, 1, '20.00', 0, '20.00', '2020-10-14 17:09:56', '2020-10-14 17:09:56'),
(1109, 884, 1, 1, '20.00', 0, '20.00', '2020-10-14 18:14:08', '2020-10-14 18:14:08'),
(1110, 885, 1, 1, '20.00', 0, '20.00', '2020-10-14 18:40:43', '2020-10-14 18:40:43'),
(1111, 886, 1, 1, '20.00', 0, '20.00', '2020-10-14 18:42:08', '2020-10-14 18:42:08'),
(1112, 887, 1, 1, '20.00', 0, '20.00', '2020-10-14 19:39:29', '2020-10-14 19:39:29'),
(1113, 888, 1, 1, '20.00', 0, '20.00', '2020-10-14 19:46:11', '2020-10-14 19:46:11'),
(1115, 889, 1, 1, '20.00', 0, '20.00', '2020-10-15 12:13:35', '2020-10-15 12:13:35'),
(1116, 890, 2, 1, '25.00', 0, '25.00', '2020-10-15 15:16:16', '2020-10-15 15:16:16'),
(1118, 891, 2, 1, '25.00', 0, '25.00', '2020-10-15 15:51:20', '2020-10-15 15:51:20'),
(1119, 892, 1, 1, '20.00', 0, '20.00', '2020-10-15 15:52:55', '2020-10-15 15:52:55'),
(1120, 893, 1, 1, '20.00', 0, '20.00', '2020-10-15 16:58:13', '2020-10-15 16:58:13'),
(1121, 894, 1, 1, '20.00', 0, '20.00', '2020-10-15 17:37:33', '2020-10-15 17:37:33'),
(1122, 895, 1, 1, '20.00', 0, '20.00', '2020-10-15 19:52:05', '2020-10-15 19:52:05'),
(1123, 896, 1, 1, '20.00', 0, '20.00', '2020-10-16 10:57:21', '2020-10-16 10:57:21'),
(1124, 897, 1, 1, '20.00', 0, '20.00', '2020-10-16 11:44:00', '2020-10-16 11:44:00'),
(1125, 898, 1, 1, '20.00', 0, '20.00', '2020-10-16 11:45:27', '2020-10-16 11:45:27'),
(1126, 899, 2, 1, '25.00', 20, '20.00', '2020-10-16 15:44:43', '2020-10-16 15:44:43'),
(1127, 900, 1, 1, '20.00', 0, '20.00', '2020-10-16 15:51:14', '2020-10-16 15:51:14'),
(1128, 901, 1, 1, '20.00', 0, '20.00', '2020-10-16 15:59:24', '2020-10-16 15:59:24'),
(1129, 902, 1, 1, '20.00', 0, '20.00', '2020-10-16 16:57:03', '2020-10-16 16:57:03'),
(1130, 903, 1, 1, '20.00', 0, '20.00', '2020-10-16 17:52:07', '2020-10-16 17:52:07'),
(1131, 904, 1, 1, '20.00', 0, '20.00', '2020-10-16 18:18:08', '2020-10-16 18:18:08'),
(1132, 905, 1, 1, '20.00', 0, '20.00', '2020-10-16 18:41:50', '2020-10-16 18:41:50'),
(1133, 906, 1, 1, '20.00', 0, '20.00', '2020-10-16 19:51:01', '2020-10-16 19:51:01'),
(1134, 907, 1, 1, '20.00', 0, '20.00', '2020-10-16 19:53:43', '2020-10-16 19:53:43'),
(1135, 908, 1, 1, '20.00', 0, '20.00', '2020-10-16 19:54:26', '2020-10-16 19:54:26'),
(1136, 909, 1, 1, '20.00', 0, '20.00', '2020-10-17 11:20:03', '2020-10-17 11:20:03'),
(1137, 910, 1, 1, '20.00', 0, '20.00', '2020-10-17 12:34:49', '2020-10-17 12:34:49'),
(1140, 912, 2, 1, '25.00', 0, '25.00', '2020-10-17 12:37:48', '2020-10-17 12:37:48'),
(1141, 911, 1, 1, '20.00', 0, '20.00', '2020-10-17 12:38:33', '2020-10-17 12:38:33'),
(1142, 913, 1, 1, '20.00', 0, '20.00', '2020-10-17 15:30:40', '2020-10-17 15:30:40'),
(1143, 914, 1, 1, '20.00', 0, '20.00', '2020-10-17 15:37:33', '2020-10-17 15:37:33'),
(1144, 915, 2, 1, '25.00', 0, '25.00', '2020-10-17 16:38:03', '2020-10-17 16:38:03'),
(1145, 916, 1, 1, '20.00', 0, '20.00', '2020-10-17 17:15:22', '2020-10-17 17:15:22'),
(1146, 917, 1, 1, '20.00', 0, '20.00', '2020-10-17 17:24:46', '2020-10-17 17:24:46'),
(1147, 918, 1, 1, '20.00', 0, '20.00', '2020-10-17 17:41:18', '2020-10-17 17:41:18'),
(1148, 919, 1, 1, '20.00', 0, '20.00', '2020-10-17 19:03:12', '2020-10-17 19:03:12'),
(1149, 920, 1, 1, '20.00', 0, '20.00', '2020-10-17 19:04:36', '2020-10-17 19:04:36'),
(1150, 921, 2, 1, '25.00', 0, '25.00', '2020-10-19 11:56:48', '2020-10-19 11:56:48'),
(1151, 922, 1, 1, '20.00', 0, '20.00', '2020-10-19 15:15:35', '2020-10-19 15:15:35'),
(1152, 923, 1, 1, '20.00', 0, '20.00', '2020-10-19 15:51:04', '2020-10-19 15:51:04'),
(1153, 924, 1, 1, '20.00', 0, '20.00', '2020-10-19 16:06:48', '2020-10-19 16:06:48'),
(1154, 925, 2, 1, '25.00', 0, '25.00', '2020-10-19 16:51:56', '2020-10-19 16:51:56'),
(1155, 926, 1, 1, '20.00', 0, '20.00', '2020-10-19 16:53:25', '2020-10-19 16:53:25'),
(1157, 927, 2, 1, '25.00', 0, '25.00', '2020-10-19 17:35:53', '2020-10-19 17:35:53'),
(1158, 928, 2, 1, '25.00', 0, '25.00', '2020-10-19 17:44:54', '2020-10-19 17:44:54'),
(1159, 929, 1, 1, '20.00', 0, '20.00', '2020-10-19 18:02:05', '2020-10-19 18:02:05'),
(1160, 930, 2, 1, '25.00', 0, '25.00', '2020-10-19 19:36:45', '2020-10-19 19:36:45'),
(1161, 931, 1, 1, '20.00', 0, '20.00', '2020-10-20 12:33:18', '2020-10-20 12:33:18'),
(1162, 932, 1, 1, '20.00', 0, '20.00', '2020-10-20 12:34:34', '2020-10-20 12:34:34'),
(1163, 933, 1, 1, '20.00', 0, '20.00', '2020-10-20 15:15:37', '2020-10-20 15:15:37'),
(1165, 935, 1, 1, '20.00', 0, '20.00', '2020-10-20 15:27:52', '2020-10-20 15:27:52'),
(1166, 936, 1, 1, '20.00', 0, '20.00', '2020-10-20 15:29:03', '2020-10-20 15:29:03'),
(1167, 934, 1, 1, '20.00', 0, '20.00', '2020-10-20 16:06:15', '2020-10-20 16:06:15'),
(1168, 937, 2, 1, '25.00', 0, '25.00', '2020-10-20 16:33:53', '2020-10-20 16:33:53'),
(1169, 938, 2, 1, '25.00', 0, '25.00', '2020-10-20 16:35:01', '2020-10-20 16:35:01'),
(1170, 939, 2, 1, '25.00', 0, '25.00', '2020-10-20 16:42:39', '2020-10-20 16:42:39'),
(1171, 940, 1, 1, '20.00', 0, '20.00', '2020-10-20 17:03:24', '2020-10-20 17:03:24'),
(1172, 941, 1, 1, '20.00', 0, '20.00', '2020-10-20 17:21:42', '2020-10-20 17:21:42'),
(1173, 942, 1, 1, '20.00', 0, '20.00', '2020-10-20 18:18:29', '2020-10-20 18:18:29'),
(1174, 943, 1, 1, '20.00', 0, '20.00', '2020-10-20 18:47:52', '2020-10-20 18:47:52'),
(1175, 944, 1, 1, '20.00', 0, '20.00', '2020-10-20 18:54:35', '2020-10-20 18:54:35'),
(1176, 945, 1, 1, '20.00', 0, '20.00', '2020-10-21 15:01:34', '2020-10-21 15:01:34'),
(1177, 946, 1, 1, '20.00', 0, '20.00', '2020-10-21 15:24:28', '2020-10-21 15:24:28'),
(1178, 947, 1, 1, '20.00', 0, '20.00', '2020-10-21 15:32:55', '2020-10-21 15:32:55'),
(1179, 948, 2, 1, '25.00', 0, '25.00', '2020-10-21 16:15:59', '2020-10-21 16:15:59'),
(1180, 949, 10, 1, '30.00', 0, '30.00', '2020-10-21 17:07:25', '2020-10-21 17:07:25'),
(1182, 950, 2, 1, '25.00', 0, '25.00', '2020-10-21 17:32:22', '2020-10-21 17:32:22'),
(1185, 952, 1, 1, '20.00', 0, '20.00', '2020-10-21 17:38:03', '2020-10-21 17:38:03'),
(1186, 953, 1, 1, '20.00', 0, '20.00', '2020-10-21 18:26:39', '2020-10-21 18:26:39'),
(1187, 951, 2, 1, '25.00', 0, '25.00', '2020-10-21 18:34:17', '2020-10-21 18:34:17'),
(1188, 954, 2, 1, '25.00', 0, '25.00', '2020-10-21 19:05:57', '2020-10-21 19:05:57'),
(1189, 955, 2, 1, '25.00', 0, '25.00', '2020-10-21 19:12:47', '2020-10-21 19:12:47'),
(1190, 956, 1, 1, '20.00', 0, '20.00', '2020-10-22 12:04:11', '2020-10-22 12:04:11'),
(1192, 957, 1, 1, '20.00', 0, '20.00', '2020-10-22 12:30:38', '2020-10-22 12:30:38'),
(1193, 958, 2, 1, '25.00', 0, '25.00', '2020-10-22 15:17:50', '2020-10-22 15:17:50'),
(1194, 959, 1, 1, '20.00', 0, '20.00', '2020-10-22 15:18:13', '2020-10-22 15:18:13'),
(1198, 961, 2, 1, '25.00', 0, '25.00', '2020-10-22 17:17:01', '2020-10-22 17:17:01'),
(1199, 960, 2, 1, '25.00', 0, '25.00', '2020-10-22 17:17:19', '2020-10-22 17:17:19'),
(1200, 962, 2, 1, '25.00', 0, '25.00', '2020-10-22 17:23:02', '2020-10-22 17:23:02'),
(1203, 963, 10, 1, '30.00', 0, '30.00', '2020-10-22 18:22:45', '2020-10-22 18:22:45'),
(1204, 964, 1, 1, '20.00', 0, '20.00', '2020-10-22 18:38:02', '2020-10-22 18:38:02'),
(1205, 965, 1, 1, '20.00', 0, '20.00', '2020-10-22 18:55:22', '2020-10-22 18:55:22'),
(1206, 966, 2, 1, '25.00', 0, '25.00', '2020-10-23 11:36:52', '2020-10-23 11:36:52'),
(1207, 967, 2, 1, '25.00', 0, '25.00', '2020-10-23 11:54:51', '2020-10-23 11:54:51'),
(1208, 968, 2, 1, '25.00', 0, '25.00', '2020-10-23 11:56:16', '2020-10-23 11:56:16'),
(1210, 969, 1, 1, '20.00', 0, '20.00', '2020-10-23 12:16:39', '2020-10-23 12:16:39'),
(1211, 970, 1, 1, '20.00', 0, '20.00', '2020-10-23 15:28:13', '2020-10-23 15:28:13'),
(1213, 971, 1, 1, '20.00', 0, '20.00', '2020-10-23 15:58:44', '2020-10-23 15:58:44'),
(1214, 972, 1, 1, '20.00', 0, '20.00', '2020-10-23 16:32:13', '2020-10-23 16:32:13'),
(1215, 973, 1, 1, '20.00', 0, '20.00', '2020-10-23 18:11:15', '2020-10-23 18:11:15'),
(1216, 974, 1, 1, '20.00', 0, '20.00', '2020-10-23 19:00:23', '2020-10-23 19:00:23'),
(1217, 975, 1, 1, '20.00', 0, '20.00', '2020-10-23 19:34:12', '2020-10-23 19:34:12'),
(1218, 976, 1, 1, '20.00', 0, '20.00', '2020-10-23 19:35:49', '2020-10-23 19:35:49'),
(1220, 978, 1, 1, '20.00', 25, '15.00', '2020-10-24 10:32:08', '2020-10-24 10:32:08'),
(1221, 977, 2, 1, '25.00', 0, '25.00', '2020-10-24 11:30:43', '2020-10-24 11:30:43'),
(1222, 979, 2, 1, '25.00', 0, '25.00', '2020-10-24 11:45:07', '2020-10-24 11:45:07'),
(1223, 980, 1, 1, '20.00', 0, '20.00', '2020-10-24 12:27:44', '2020-10-24 12:27:44'),
(1224, 981, 1, 1, '20.00', 0, '20.00', '2020-10-24 12:28:45', '2020-10-24 12:28:45'),
(1225, 982, 1, 1, '20.00', 0, '20.00', '2020-10-24 15:17:30', '2020-10-24 15:17:30'),
(1226, 983, 1, 1, '20.00', 0, '20.00', '2020-10-24 15:29:38', '2020-10-24 15:29:38'),
(1227, 984, 1, 1, '20.00', 0, '20.00', '2020-10-24 16:56:00', '2020-10-24 16:56:00'),
(1228, 985, 1, 1, '20.00', 0, '20.00', '2020-10-24 17:51:08', '2020-10-24 17:51:08'),
(1229, 986, 2, 1, '25.00', 0, '25.00', '2020-10-24 18:06:01', '2020-10-24 18:06:01'),
(1231, 987, 10, 1, '30.00', 0, '30.00', '2020-10-24 18:25:57', '2020-10-24 18:25:57'),
(1232, 988, 1, 1, '20.00', 0, '20.00', '2020-10-24 19:11:59', '2020-10-24 19:11:59'),
(1233, 989, 1, 1, '20.00', 0, '20.00', '2020-10-24 19:12:59', '2020-10-24 19:12:59'),
(1234, 990, 2, 1, '25.00', 0, '25.00', '2020-10-24 19:43:05', '2020-10-24 19:43:05'),
(1235, 991, 1, 1, '20.00', 0, '20.00', '2020-10-24 19:49:06', '2020-10-24 19:49:06'),
(1236, 992, 1, 1, '20.00', 0, '20.00', '2020-10-26 11:19:25', '2020-10-26 11:19:25'),
(1237, 993, 1, 1, '20.00', 0, '20.00', '2020-10-26 15:16:06', '2020-10-26 15:16:06'),
(1239, 994, 1, 1, '20.00', 0, '20.00', '2020-10-26 16:24:00', '2020-10-26 16:24:00'),
(1240, 995, 1, 1, '20.00', 0, '20.00', '2020-10-26 16:30:10', '2020-10-26 16:30:10'),
(1241, 996, 1, 1, '20.00', 0, '20.00', '2020-10-26 16:31:19', '2020-10-26 16:31:19'),
(1242, 997, 1, 1, '20.00', 0, '20.00', '2020-10-26 17:47:22', '2020-10-26 17:47:22'),
(1243, 998, 1, 1, '20.00', 0, '20.00', '2020-10-26 18:07:06', '2020-10-26 18:07:06'),
(1244, 999, 1, 1, '20.00', 0, '20.00', '2020-10-26 18:09:30', '2020-10-26 18:09:30'),
(1245, 1000, 1, 1, '20.00', 0, '20.00', '2020-10-26 19:38:27', '2020-10-26 19:38:27'),
(1246, 1001, 1, 1, '20.00', 0, '20.00', '2020-10-26 20:06:01', '2020-10-26 20:06:01'),
(1250, 1003, 13, 1, '20.00', 0, '20.00', '2020-10-27 11:46:17', '2020-10-27 11:46:17'),
(1251, 1004, 13, 1, '20.00', 0, '20.00', '2020-10-27 12:05:37', '2020-10-27 12:05:37'),
(1252, 1005, 13, 1, '20.00', 0, '20.00', '2020-10-27 12:52:56', '2020-10-27 12:52:56'),
(1253, 1006, 1, 1, '20.00', 0, '20.00', '2020-10-27 12:56:53', '2020-10-27 12:56:53'),
(1255, 1007, 13, 1, '20.00', 0, '20.00', '2020-10-27 15:33:41', '2020-10-27 15:33:41'),
(1256, 1008, 1, 1, '20.00', 0, '20.00', '2020-10-27 15:49:04', '2020-10-27 15:49:04'),
(1258, 1009, 1, 1, '20.00', 0, '20.00', '2020-10-27 16:05:41', '2020-10-27 16:05:41'),
(1259, 1010, 1, 1, '20.00', 0, '20.00', '2020-10-27 16:31:28', '2020-10-27 16:31:28'),
(1260, 1011, 1, 1, '20.00', 0, '20.00', '2020-10-27 16:32:29', '2020-10-27 16:32:29'),
(1262, 1012, 1, 1, '20.00', 0, '20.00', '2020-10-27 16:40:12', '2020-10-27 16:40:12'),
(1263, 1013, 13, 1, '20.00', 0, '20.00', '2020-10-27 17:53:14', '2020-10-27 17:53:14'),
(1264, 1014, 1, 1, '20.00', 0, '20.00', '2020-10-27 18:01:56', '2020-10-27 18:01:56'),
(1265, 1015, 1, 1, '20.00', 0, '20.00', '2020-10-27 18:23:57', '2020-10-27 18:23:57'),
(1266, 1016, 13, 1, '20.00', 0, '20.00', '2020-10-27 18:56:07', '2020-10-27 18:56:07'),
(1267, 1017, 1, 1, '20.00', 0, '20.00', '2020-10-27 19:05:49', '2020-10-27 19:05:49'),
(1268, 1018, 13, 1, '20.00', 0, '20.00', '2020-10-27 19:44:10', '2020-10-27 19:44:10'),
(1269, 1019, 1, 1, '20.00', 0, '20.00', '2020-10-27 19:45:01', '2020-10-27 19:45:01'),
(1270, 1002, 13, 1, '20.00', 0, '20.00', '2020-10-28 11:14:27', '2020-10-28 11:14:27'),
(1271, 1020, 13, 1, '20.00', 0, '20.00', '2020-10-28 12:03:49', '2020-10-28 12:03:49'),
(1273, 1022, 13, 1, '20.00', 0, '20.00', '2020-10-28 15:20:43', '2020-10-28 15:20:43'),
(1274, 1023, 1, 1, '20.00', 0, '20.00', '2020-10-28 15:31:08', '2020-10-28 15:31:08'),
(1275, 1024, 13, 1, '20.00', 0, '20.00', '2020-10-28 17:52:40', '2020-10-28 17:52:40'),
(1276, 1021, 13, 1, '20.00', 0, '20.00', '2020-10-28 17:54:55', '2020-10-28 17:54:55'),
(1277, 1025, 1, 1, '20.00', 0, '20.00', '2020-10-28 18:24:59', '2020-10-28 18:24:59'),
(1278, 1026, 1, 1, '20.00', 0, '20.00', '2020-10-28 18:53:54', '2020-10-28 18:53:54'),
(1279, 1027, 13, 1, '20.00', 0, '20.00', '2020-10-28 19:16:32', '2020-10-28 19:16:32'),
(1280, 1028, 1, 1, '20.00', 0, '20.00', '2020-10-28 19:35:40', '2020-10-28 19:35:40'),
(1281, 1029, 1, 1, '20.00', 0, '20.00', '2020-10-28 19:41:08', '2020-10-28 19:41:08'),
(1282, 1030, 1, 1, '20.00', 0, '20.00', '2020-10-28 20:07:23', '2020-10-28 20:07:23'),
(1283, 1031, 1, 1, '20.00', 0, '20.00', '2020-10-28 20:10:53', '2020-10-28 20:10:53'),
(1284, 1032, 1, 1, '20.00', 0, '20.00', '2020-10-29 11:17:14', '2020-10-29 11:17:14'),
(1285, 1033, 13, 1, '20.00', 0, '20.00', '2020-10-29 11:18:49', '2020-10-29 11:18:49'),
(1286, 1034, 1, 1, '20.00', 0, '20.00', '2020-10-29 11:49:06', '2020-10-29 11:49:06'),
(1288, 1035, 13, 1, '20.00', 0, '20.00', '2020-10-29 12:05:01', '2020-10-29 12:05:01'),
(1290, 1036, 1, 1, '20.00', 0, '20.00', '2020-10-29 12:32:50', '2020-10-29 12:32:50'),
(1291, 1037, 13, 1, '20.00', 0, '20.00', '2020-10-29 12:38:32', '2020-10-29 12:38:32'),
(1292, 1038, 13, 1, '20.00', 0, '20.00', '2020-10-29 15:06:43', '2020-10-29 15:06:43'),
(1293, 1039, 13, 1, '20.00', 0, '20.00', '2020-10-29 15:42:03', '2020-10-29 15:42:03'),
(1295, 1041, 1, 1, '20.00', 0, '20.00', '2020-10-29 16:52:48', '2020-10-29 16:52:48'),
(1296, 1042, 1, 1, '20.00', 0, '20.00', '2020-10-29 17:02:52', '2020-10-29 17:02:52'),
(1297, 1043, 1, 1, '20.00', 0, '20.00', '2020-10-29 17:22:16', '2020-10-29 17:22:16'),
(1299, 1045, 13, 1, '20.00', 0, '20.00', '2020-10-29 17:55:08', '2020-10-29 17:55:08'),
(1300, 1046, 13, 1, '20.00', 0, '20.00', '2020-10-29 18:06:53', '2020-10-29 18:06:53'),
(1301, 1044, 13, 1, '20.00', 0, '20.00', '2020-10-29 18:07:28', '2020-10-29 18:07:28'),
(1302, 1047, 13, 1, '20.00', 0, '20.00', '2020-10-29 18:29:41', '2020-10-29 18:29:41'),
(1303, 1040, 1, 1, '20.00', 0, '20.00', '2020-10-29 18:51:08', '2020-10-29 18:51:08'),
(1304, 1048, 13, 1, '20.00', 0, '20.00', '2020-10-29 19:15:07', '2020-10-29 19:15:07'),
(1305, 1049, 13, 1, '20.00', 0, '20.00', '2020-10-29 20:03:10', '2020-10-29 20:03:10'),
(1306, 1050, 1, 1, '20.00', 0, '20.00', '2020-10-30 10:47:50', '2020-10-30 10:47:50'),
(1310, 1053, 1, 1, '20.00', 0, '20.00', '2020-10-30 11:31:33', '2020-10-30 11:31:33'),
(1311, 1051, 1, 1, '20.00', 0, '20.00', '2020-10-30 11:43:09', '2020-10-30 11:43:09'),
(1312, 1052, 1, 1, '20.00', 0, '20.00', '2020-10-30 12:14:46', '2020-10-30 12:14:46'),
(1314, 1054, 13, 1, '20.00', 0, '20.00', '2020-10-30 16:38:40', '2020-10-30 16:38:40'),
(1315, 1055, 4, 1, '20.00', 0, '20.00', '2020-10-30 16:41:44', '2020-10-30 16:41:44'),
(1316, 1056, 13, 1, '20.00', 0, '20.00', '2020-10-30 16:46:19', '2020-10-30 16:46:19'),
(1317, 1057, 13, 1, '20.00', 0, '20.00', '2020-10-30 17:27:17', '2020-10-30 17:27:17'),
(1318, 1058, 1, 1, '20.00', 0, '20.00', '2020-10-30 18:04:26', '2020-10-30 18:04:26'),
(1319, 1059, 13, 1, '20.00', 0, '20.00', '2020-10-30 18:05:29', '2020-10-30 18:05:29'),
(1320, 1060, 1, 1, '20.00', 0, '20.00', '2020-10-30 18:06:52', '2020-10-30 18:06:52'),
(1321, 1061, 13, 1, '20.00', 0, '20.00', '2020-10-30 18:41:34', '2020-10-30 18:41:34'),
(1322, 1062, 1, 1, '20.00', 0, '20.00', '2020-10-30 19:26:08', '2020-10-30 19:26:08'),
(1323, 1063, 1, 1, '20.00', 0, '20.00', '2020-10-31 11:39:19', '2020-10-31 11:39:19'),
(1325, 1064, 1, 1, '20.00', 0, '20.00', '2020-10-31 12:25:29', '2020-10-31 12:25:29'),
(1328, 1066, 1, 1, '20.00', 0, '20.00', '2020-10-31 15:17:45', '2020-10-31 15:17:45'),
(1329, 1067, 1, 1, '20.00', 0, '20.00', '2020-10-31 15:18:57', '2020-10-31 15:18:57'),
(1330, 1068, 13, 1, '20.00', 0, '20.00', '2020-10-31 15:20:00', '2020-10-31 15:20:00'),
(1331, 1069, 1, 1, '20.00', 0, '20.00', '2020-10-31 15:21:25', '2020-10-31 15:21:25'),
(1332, 1070, 10, 1, '30.00', 0, '30.00', '2020-10-31 16:18:02', '2020-10-31 16:18:02'),
(1333, 1071, 1, 1, '20.00', 0, '20.00', '2020-10-31 16:20:25', '2020-10-31 16:20:25'),
(1334, 1072, 1, 1, '20.00', 0, '20.00', '2020-10-31 16:22:34', '2020-10-31 16:22:34'),
(1335, 1073, 1, 1, '20.00', 0, '20.00', '2020-10-31 16:23:49', '2020-10-31 16:23:49'),
(1336, 1074, 1, 1, '20.00', 0, '20.00', '2020-10-31 16:25:21', '2020-10-31 16:25:21'),
(1337, 1075, 1, 1, '20.00', 0, '20.00', '2020-10-31 16:56:07', '2020-10-31 16:56:07'),
(1338, 1076, 13, 1, '20.00', 0, '20.00', '2020-10-31 17:24:00', '2020-10-31 17:24:00'),
(1339, 1077, 1, 1, '20.00', 25, '15.00', '2020-10-31 17:41:53', '2020-10-31 17:41:53'),
(1340, 1078, 1, 1, '20.00', 0, '20.00', '2020-10-31 18:41:08', '2020-10-31 18:41:08'),
(1341, 1079, 1, 1, '20.00', 0, '20.00', '2020-10-31 18:45:39', '2020-10-31 18:45:39'),
(1342, 1080, 10, 1, '30.00', 0, '30.00', '2020-10-31 18:55:49', '2020-10-31 18:55:49'),
(1343, 1081, 1, 1, '20.00', 0, '20.00', '2020-10-31 19:18:42', '2020-10-31 19:18:42'),
(1344, 1082, 10, 1, '30.00', 0, '30.00', '2020-10-31 19:24:43', '2020-10-31 19:24:43'),
(1346, 1084, 13, 1, '20.00', 0, '20.00', '2020-11-02 12:21:28', '2020-11-02 12:21:28'),
(1347, 1085, 1, 1, '20.00', 0, '20.00', '2020-11-02 12:24:56', '2020-11-02 12:24:56'),
(1348, 1083, 1, 1, '20.00', 25, '15.00', '2020-11-02 15:10:04', '2020-11-02 15:10:04'),
(1349, 1086, 13, 1, '20.00', 0, '20.00', '2020-11-02 15:14:31', '2020-11-02 15:14:31'),
(1350, 1087, 1, 1, '20.00', 0, '20.00', '2020-11-02 15:15:19', '2020-11-02 15:15:19'),
(1351, 1088, 1, 1, '20.00', 0, '20.00', '2020-11-02 16:10:25', '2020-11-02 16:10:25'),
(1352, 1089, 1, 1, '20.00', 0, '20.00', '2020-11-02 16:11:41', '2020-11-02 16:11:41'),
(1353, 1090, 1, 1, '20.00', 0, '20.00', '2020-11-02 16:12:49', '2020-11-02 16:12:49'),
(1354, 1091, 1, 1, '20.00', 0, '20.00', '2020-11-02 16:29:30', '2020-11-02 16:29:30'),
(1355, 1092, 1, 1, '20.00', 0, '20.00', '2020-11-02 16:38:06', '2020-11-02 16:38:06'),
(1356, 1093, 1, 1, '20.00', 0, '20.00', '2020-11-02 17:10:23', '2020-11-02 17:10:23'),
(1357, 1094, 13, 1, '20.00', 0, '20.00', '2020-11-02 17:31:08', '2020-11-02 17:31:08'),
(1358, 1095, 1, 1, '20.00', 0, '20.00', '2020-11-02 17:40:19', '2020-11-02 17:40:19'),
(1359, 1096, 13, 1, '20.00', 0, '20.00', '2020-11-02 18:29:39', '2020-11-02 18:29:39'),
(1360, 1097, 13, 1, '20.00', 0, '20.00', '2020-11-02 18:37:13', '2020-11-02 18:37:13'),
(1361, 1098, 1, 1, '20.00', 0, '20.00', '2020-11-02 18:51:59', '2020-11-02 18:51:59'),
(1362, 1099, 13, 1, '20.00', 0, '20.00', '2020-11-02 19:31:43', '2020-11-02 19:31:43'),
(1363, 1100, 10, 1, '30.00', 0, '30.00', '2020-11-02 19:35:08', '2020-11-02 19:35:08'),
(1364, 1101, 1, 1, '20.00', 0, '20.00', '2020-11-02 19:57:09', '2020-11-02 19:57:09'),
(1365, 1102, 1, 1, '20.00', 0, '20.00', '2020-11-02 20:13:09', '2020-11-02 20:13:09'),
(1366, 1103, 1, 1, '20.00', 0, '20.00', '2020-11-03 11:19:15', '2020-11-03 11:19:15'),
(1367, 1104, 1, 1, '20.00', 0, '20.00', '2020-11-03 15:36:34', '2020-11-03 15:36:34'),
(1368, 1105, 1, 1, '20.00', 0, '20.00', '2020-11-03 16:44:30', '2020-11-03 16:44:30'),
(1369, 1106, 1, 1, '20.00', 0, '20.00', '2020-11-03 17:07:42', '2020-11-03 17:07:42'),
(1372, 1107, 1, 1, '20.00', 25, '15.00', '2020-11-03 17:12:30', '2020-11-03 17:12:30'),
(1373, 1108, 1, 1, '20.00', 0, '20.00', '2020-11-03 17:36:38', '2020-11-03 17:36:38'),
(1374, 1109, 1, 1, '20.00', 0, '20.00', '2020-11-03 18:11:20', '2020-11-03 18:11:20'),
(1375, 1110, 1, 1, '20.00', 0, '20.00', '2020-11-03 18:53:19', '2020-11-03 18:53:19'),
(1376, 1111, 1, 1, '20.00', 0, '20.00', '2020-11-03 19:26:01', '2020-11-03 19:26:01'),
(1377, 1112, 13, 1, '20.00', 0, '20.00', '2020-11-03 19:33:26', '2020-11-03 19:33:26'),
(1378, 1113, 1, 1, '20.00', 0, '20.00', '2020-11-04 11:58:34', '2020-11-04 11:58:34'),
(1379, 1114, 13, 1, '20.00', 0, '20.00', '2020-11-04 12:11:50', '2020-11-04 12:11:50'),
(1380, 1115, 1, 1, '20.00', 0, '20.00', '2020-11-04 12:27:56', '2020-11-04 12:27:56'),
(1381, 1116, 13, 1, '20.00', 0, '20.00', '2020-11-04 15:01:00', '2020-11-04 15:01:00'),
(1382, 1117, 1, 1, '20.00', 0, '20.00', '2020-11-04 15:08:53', '2020-11-04 15:08:53'),
(1385, 1118, 1, 1, '20.00', 0, '20.00', '2020-11-04 15:58:15', '2020-11-04 15:58:15'),
(1386, 1119, 1, 1, '20.00', 0, '20.00', '2020-11-04 15:58:43', '2020-11-04 15:58:43'),
(1387, 1120, 13, 1, '20.00', 0, '20.00', '2020-11-04 16:00:07', '2020-11-04 16:00:07'),
(1388, 1121, 13, 1, '20.00', 0, '20.00', '2020-11-04 16:00:35', '2020-11-04 16:00:35'),
(1389, 1122, 1, 1, '20.00', 0, '20.00', '2020-11-04 16:30:28', '2020-11-04 16:30:28'),
(1390, 1123, 13, 1, '20.00', 0, '20.00', '2020-11-04 16:35:41', '2020-11-04 16:35:41'),
(1392, 1125, 13, 1, '20.00', 0, '20.00', '2020-11-04 18:12:17', '2020-11-04 18:12:17'),
(1394, 1127, 1, 1, '20.00', 0, '20.00', '2020-11-04 18:49:24', '2020-11-04 18:49:24'),
(1396, 1124, 13, 1, '20.00', 0, '20.00', '2020-11-04 19:36:33', '2020-11-04 19:36:33'),
(1397, 1128, 13, 1, '20.00', 0, '20.00', '2020-11-05 15:03:48', '2020-11-05 15:03:48'),
(1398, 1129, 1, 1, '20.00', 0, '20.00', '2020-11-05 15:05:32', '2020-11-05 15:05:32'),
(1399, 1130, 1, 1, '20.00', 0, '20.00', '2020-11-05 15:06:06', '2020-11-05 15:06:06'),
(1400, 1131, 13, 1, '20.00', 0, '20.00', '2020-11-05 15:08:13', '2020-11-05 15:08:13'),
(1401, 1126, 1, 1, '20.00', 25, '15.00', '2020-11-05 15:09:37', '2020-11-05 15:09:37'),
(1402, 1132, 1, 1, '20.00', 0, '20.00', '2020-11-05 15:21:21', '2020-11-05 15:21:21'),
(1403, 1133, 1, 1, '20.00', 0, '20.00', '2020-11-05 15:22:37', '2020-11-05 15:22:37'),
(1405, 1134, 1, 1, '20.00', 0, '20.00', '2020-11-05 16:05:53', '2020-11-05 16:05:53'),
(1406, 1135, 1, 1, '20.00', 0, '20.00', '2020-11-05 16:15:54', '2020-11-05 16:15:54'),
(1407, 1136, 13, 1, '20.00', 0, '20.00', '2020-11-05 16:59:08', '2020-11-05 16:59:08'),
(1408, 1137, 13, 1, '20.00', 0, '20.00', '2020-11-05 18:10:31', '2020-11-05 18:10:31'),
(1409, 1138, 1, 1, '20.00', 0, '20.00', '2020-11-05 18:39:56', '2020-11-05 18:39:56'),
(1410, 1139, 1, 1, '20.00', 0, '20.00', '2020-11-05 18:40:25', '2020-11-05 18:40:25'),
(1411, 1140, 1, 1, '20.00', 0, '20.00', '2020-11-05 19:36:41', '2020-11-05 19:36:41'),
(1412, 1141, 1, 1, '20.00', 0, '20.00', '2020-11-05 19:42:43', '2020-11-05 19:42:43'),
(1413, 1142, 13, 1, '20.00', 0, '20.00', '2020-11-06 11:33:27', '2020-11-06 11:33:27'),
(1414, 1143, 13, 1, '20.00', 0, '20.00', '2020-11-06 12:24:34', '2020-11-06 12:24:34'),
(1416, 1144, 13, 1, '20.00', 0, '20.00', '2020-11-06 12:32:08', '2020-11-06 12:32:08'),
(1417, 1145, 1, 1, '20.00', 0, '20.00', '2020-11-06 15:09:01', '2020-11-06 15:09:01'),
(1418, 1146, 1, 1, '20.00', 0, '20.00', '2020-11-06 15:18:51', '2020-11-06 15:18:51'),
(1419, 1147, 13, 1, '20.00', 0, '20.00', '2020-11-06 15:22:21', '2020-11-06 15:22:21'),
(1420, 1148, 10, 1, '30.00', 0, '30.00', '2020-11-06 16:51:04', '2020-11-06 16:51:04'),
(1421, 1149, 1, 1, '20.00', 0, '20.00', '2020-11-06 17:11:05', '2020-11-06 17:11:05'),
(1423, 1151, 1, 1, '20.00', 0, '20.00', '2020-11-06 19:13:28', '2020-11-06 19:13:28'),
(1424, 1152, 1, 1, '20.00', 0, '20.00', '2020-11-07 12:14:55', '2020-11-07 12:14:55'),
(1425, 1150, 13, 1, '20.00', 0, '20.00', '2020-11-07 12:27:24', '2020-11-07 12:27:24'),
(1426, 1153, 13, 1, '20.00', 0, '20.00', '2020-11-07 15:04:47', '2020-11-07 15:04:47'),
(1427, 1154, 1, 1, '20.00', 0, '20.00', '2020-11-07 15:05:42', '2020-11-07 15:05:42'),
(1428, 1155, 13, 1, '20.00', 0, '20.00', '2020-11-07 15:06:39', '2020-11-07 15:06:39'),
(1429, 1156, 1, 1, '20.00', 0, '20.00', '2020-11-07 15:07:27', '2020-11-07 15:07:27'),
(1430, 1157, 13, 1, '20.00', 0, '20.00', '2020-11-07 15:10:16', '2020-11-07 15:10:16'),
(1431, 1158, 10, 1, '30.00', 0, '30.00', '2020-11-07 15:11:33', '2020-11-07 15:11:33'),
(1432, 1159, 1, 1, '20.00', 0, '20.00', '2020-11-07 15:45:30', '2020-11-07 15:45:30'),
(1434, 1160, 13, 1, '20.00', 0, '20.00', '2020-11-07 16:45:18', '2020-11-07 16:45:18'),
(1435, 1161, 7, 1, '35.00', 0, '35.00', '2020-11-07 17:05:25', '2020-11-07 17:05:25'),
(1436, 1162, 13, 1, '20.00', 0, '20.00', '2020-11-07 17:47:26', '2020-11-07 17:47:26'),
(1437, 1163, 13, 1, '20.00', 0, '20.00', '2020-11-07 18:20:44', '2020-11-07 18:20:44'),
(1438, 1164, 1, 1, '20.00', 0, '20.00', '2020-11-07 18:43:42', '2020-11-07 18:43:42'),
(1439, 1165, 13, 1, '20.00', 0, '20.00', '2020-11-07 18:55:07', '2020-11-07 18:55:07'),
(1440, 1166, 1, 1, '20.00', 0, '20.00', '2020-11-07 19:29:18', '2020-11-07 19:29:18'),
(1441, 1167, 1, 1, '20.00', 0, '20.00', '2020-11-07 19:32:32', '2020-11-07 19:32:32'),
(1442, 1168, 13, 1, '20.00', 0, '20.00', '2020-11-09 12:24:35', '2020-11-09 12:24:35'),
(1443, 1169, 1, 1, '20.00', 0, '20.00', '2020-11-09 15:19:27', '2020-11-09 15:19:27'),
(1444, 1170, 13, 1, '20.00', 0, '20.00', '2020-11-09 15:25:53', '2020-11-09 15:25:53'),
(1445, 1171, 1, 1, '20.00', 0, '20.00', '2020-11-09 16:20:32', '2020-11-09 16:20:32'),
(1446, 1172, 1, 1, '20.00', 0, '20.00', '2020-11-09 16:44:52', '2020-11-09 16:44:52'),
(1447, 1173, 13, 1, '20.00', 0, '20.00', '2020-11-09 17:16:20', '2020-11-09 17:16:20'),
(1448, 1174, 13, 1, '20.00', 0, '20.00', '2020-11-09 17:17:18', '2020-11-09 17:17:18'),
(1449, 1175, 13, 1, '20.00', 0, '20.00', '2020-11-09 17:43:01', '2020-11-09 17:43:01'),
(1450, 1176, 1, 1, '20.00', 0, '20.00', '2020-11-09 19:11:12', '2020-11-09 19:11:12'),
(1451, 1177, 1, 1, '20.00', 0, '20.00', '2020-11-09 19:50:18', '2020-11-09 19:50:18'),
(1453, 1178, 1, 1, '20.00', 0, '20.00', '2020-11-10 12:19:30', '2020-11-10 12:19:30'),
(1454, 1179, 13, 1, '20.00', 0, '20.00', '2020-11-10 12:54:32', '2020-11-10 12:54:32'),
(1455, 1180, 13, 1, '20.00', 0, '20.00', '2020-11-10 12:57:01', '2020-11-10 12:57:01'),
(1456, 1181, 10, 1, '30.00', 0, '30.00', '2020-11-10 15:21:19', '2020-11-10 15:21:19'),
(1457, 1182, 10, 1, '30.00', 0, '30.00', '2020-11-10 16:22:13', '2020-11-10 16:22:13'),
(1458, 1183, 1, 1, '20.00', 0, '20.00', '2020-11-10 16:39:23', '2020-11-10 16:39:23'),
(1459, 1184, 1, 1, '20.00', 0, '20.00', '2020-11-10 16:39:55', '2020-11-10 16:39:55'),
(1460, 1185, 1, 1, '20.00', 0, '20.00', '2020-11-10 16:51:46', '2020-11-10 16:51:46'),
(1461, 1186, 1, 1, '20.00', 0, '20.00', '2020-11-10 17:34:31', '2020-11-10 17:34:31'),
(1462, 1187, 13, 1, '20.00', 0, '20.00', '2020-11-10 18:39:21', '2020-11-10 18:39:21'),
(1463, 1188, 1, 1, '20.00', 0, '20.00', '2020-11-10 19:16:26', '2020-11-10 19:16:26'),
(1464, 1189, 13, 1, '20.00', 0, '20.00', '2020-11-10 20:14:45', '2020-11-10 20:14:45'),
(1465, 1190, 14, 1, '80.00', 0, '80.00', '2020-11-10 20:26:38', '2020-11-10 20:26:38'),
(1467, 1191, 1, 1, '20.00', 25, '15.00', '2020-11-11 10:37:48', '2020-11-11 10:37:48'),
(1470, 1192, 1, 1, '20.00', 0, '20.00', '2020-11-11 12:18:36', '2020-11-11 12:18:36'),
(1472, 1194, 13, 1, '20.00', 0, '20.00', '2020-11-11 12:35:38', '2020-11-11 12:35:38'),
(1473, 1195, 1, 1, '20.00', 0, '20.00', '2020-11-11 12:36:03', '2020-11-11 12:36:03'),
(1474, 1196, 1, 1, '20.00', 0, '20.00', '2020-11-11 12:40:52', '2020-11-11 12:40:52'),
(1475, 1197, 1, 1, '20.00', 0, '20.00', '2020-11-11 12:55:35', '2020-11-11 12:55:35'),
(1476, 1198, 13, 1, '20.00', 0, '20.00', '2020-11-11 15:11:45', '2020-11-11 15:11:45'),
(1477, 1199, 13, 1, '20.00', 0, '20.00', '2020-11-11 15:12:38', '2020-11-11 15:12:38'),
(1478, 1200, 1, 1, '20.00', 0, '20.00', '2020-11-11 15:32:25', '2020-11-11 15:32:25'),
(1479, 1201, 1, 1, '20.00', 0, '20.00', '2020-11-11 15:33:28', '2020-11-11 15:33:28'),
(1481, 1202, 8, 1, '40.00', 0, '40.00', '2020-11-11 16:49:29', '2020-11-11 16:49:29'),
(1482, 1203, 1, 1, '20.00', 0, '20.00', '2020-11-11 18:05:21', '2020-11-11 18:05:21'),
(1483, 1204, 13, 1, '20.00', 0, '20.00', '2020-11-11 18:11:55', '2020-11-11 18:11:55'),
(1484, 1205, 15, 1, '15.00', 0, '15.00', '2020-11-11 18:53:41', '2020-11-11 18:53:41'),
(1485, 1206, 13, 1, '20.00', 0, '20.00', '2020-11-11 19:45:40', '2020-11-11 19:45:40'),
(1486, 1207, 15, 1, '15.00', 0, '15.00', '2020-11-11 20:17:09', '2020-11-11 20:17:09'),
(1487, 1208, 10, 1, '30.00', 0, '30.00', '2020-11-11 20:36:54', '2020-11-11 20:36:54'),
(1489, 1193, 13, 1, '20.00', 0, '20.00', '2020-11-12 11:33:49', '2020-11-12 11:33:49'),
(1491, 1209, 1, 1, '20.00', 0, '20.00', '2020-11-12 12:09:58', '2020-11-12 12:09:58'),
(1493, 1210, 15, 1, '15.00', 0, '15.00', '2020-11-12 12:12:27', '2020-11-12 12:12:27'),
(1495, 1211, 13, 1, '20.00', 0, '20.00', '2020-11-12 12:17:06', '2020-11-12 12:17:06'),
(1496, 1212, 15, 1, '15.00', 0, '15.00', '2020-11-12 13:07:39', '2020-11-12 13:07:39'),
(1497, 1213, 10, 1, '30.00', 0, '30.00', '2020-11-12 13:08:13', '2020-11-12 13:08:13'),
(1498, 1214, 13, 1, '20.00', 0, '20.00', '2020-11-12 13:16:05', '2020-11-12 13:16:05'),
(1499, 1215, 13, 1, '20.00', 0, '20.00', '2020-11-12 14:59:29', '2020-11-12 14:59:29'),
(1500, 1216, 13, 1, '20.00', 0, '20.00', '2020-11-12 15:14:45', '2020-11-12 15:14:45'),
(1501, 1217, 1, 1, '20.00', 0, '20.00', '2020-11-12 15:52:20', '2020-11-12 15:52:20'),
(1502, 1218, 13, 1, '20.00', 0, '20.00', '2020-11-12 16:49:42', '2020-11-12 16:49:42'),
(1503, 1219, 13, 1, '20.00', 0, '20.00', '2020-11-12 17:19:31', '2020-11-12 17:19:31'),
(1504, 1220, 1, 1, '20.00', 0, '20.00', '2020-11-12 17:24:43', '2020-11-12 17:24:43'),
(1505, 1221, 1, 1, '20.00', 0, '20.00', '2020-11-12 17:32:07', '2020-11-12 17:32:07'),
(1509, 1222, 10, 1, '30.00', 0, '30.00', '2020-11-12 19:12:49', '2020-11-12 19:12:49'),
(1510, 1224, 1, 1, '20.00', 0, '20.00', '2020-11-12 19:14:34', '2020-11-12 19:14:34'),
(1511, 1225, 1, 1, '20.00', 0, '20.00', '2020-11-12 19:15:42', '2020-11-12 19:15:42'),
(1512, 1223, 13, 1, '20.00', 0, '20.00', '2020-11-12 19:17:15', '2020-11-12 19:17:15'),
(1513, 1226, 13, 1, '20.00', 0, '20.00', '2020-11-12 19:19:49', '2020-11-12 19:19:49');
INSERT INTO `citas_detalles` (`id`, `cita`, `servicio`, `cantidad`, `precio`, `descuento`, `importe`, `created_at`, `updated_at`) VALUES
(1514, 1227, 15, 1, '15.00', 0, '15.00', '2020-11-12 19:47:52', '2020-11-12 19:47:52'),
(1515, 1228, 13, 1, '20.00', 0, '20.00', '2020-11-13 11:20:50', '2020-11-13 11:20:50'),
(1516, 1229, 13, 1, '20.00', 0, '20.00', '2020-11-13 11:40:13', '2020-11-13 11:40:13'),
(1517, 1230, 1, 1, '20.00', 0, '20.00', '2020-11-13 12:33:21', '2020-11-13 12:33:21'),
(1518, 1231, 1, 1, '20.00', 0, '20.00', '2020-11-13 15:11:14', '2020-11-13 15:11:14'),
(1519, 1232, 13, 1, '20.00', 0, '20.00', '2020-11-13 15:32:43', '2020-11-13 15:32:43'),
(1520, 1233, 13, 1, '20.00', 0, '20.00', '2020-11-13 17:50:49', '2020-11-13 17:50:49'),
(1521, 1234, 1, 1, '20.00', 0, '20.00', '2020-11-13 17:53:46', '2020-11-13 17:53:46'),
(1522, 1235, 10, 1, '30.00', 0, '30.00', '2020-11-13 18:14:08', '2020-11-13 18:14:08'),
(1523, 1236, 15, 1, '15.00', 0, '15.00', '2020-11-13 18:41:10', '2020-11-13 18:41:10'),
(1524, 1237, 1, 1, '20.00', 0, '20.00', '2020-11-14 11:03:31', '2020-11-14 11:03:31'),
(1526, 1238, 1, 1, '20.00', 0, '20.00', '2020-11-14 12:26:35', '2020-11-14 12:26:35'),
(1528, 1239, 13, 1, '20.00', 0, '20.00', '2020-11-14 13:02:05', '2020-11-14 13:02:05'),
(1529, 1240, 15, 1, '15.00', 0, '15.00', '2020-11-14 13:04:36', '2020-11-14 13:04:36'),
(1530, 1241, 15, 1, '15.00', 0, '15.00', '2020-11-14 15:04:51', '2020-11-14 15:04:51'),
(1531, 1242, 13, 1, '20.00', 0, '20.00', '2020-11-14 15:08:00', '2020-11-14 15:08:00'),
(1532, 1243, 10, 1, '30.00', 0, '30.00', '2020-11-14 15:23:09', '2020-11-14 15:23:09'),
(1533, 1244, 10, 1, '30.00', 0, '30.00', '2020-11-14 15:24:46', '2020-11-14 15:24:46'),
(1534, 1245, 1, 1, '20.00', 0, '20.00', '2020-11-14 15:59:53', '2020-11-14 15:59:53'),
(1535, 1246, 1, 1, '20.00', 0, '20.00', '2020-11-14 16:32:05', '2020-11-14 16:32:05'),
(1536, 1247, 1, 1, '20.00', 0, '20.00', '2020-11-14 16:55:35', '2020-11-14 16:55:35'),
(1537, 1248, 15, 1, '15.00', 0, '15.00', '2020-11-14 17:27:27', '2020-11-14 17:27:27'),
(1538, 1249, 1, 1, '20.00', 0, '20.00', '2020-11-14 17:30:30', '2020-11-14 17:30:30'),
(1539, 1250, 13, 1, '20.00', 0, '20.00', '2020-11-14 17:32:23', '2020-11-14 17:32:23'),
(1540, 1251, 13, 1, '20.00', 0, '20.00', '2020-11-14 18:07:25', '2020-11-14 18:07:25'),
(1541, 1252, 1, 1, '20.00', 0, '20.00', '2020-11-14 18:44:38', '2020-11-14 18:44:38'),
(1542, 1253, 1, 1, '20.00', 0, '20.00', '2020-11-14 18:46:51', '2020-11-14 18:46:51'),
(1543, 1254, 15, 1, '15.00', 0, '15.00', '2020-11-14 18:50:06', '2020-11-14 18:50:06'),
(1544, 1255, 1, 1, '20.00', 0, '20.00', '2020-11-14 20:16:05', '2020-11-14 20:16:05'),
(1545, 1256, 13, 1, '20.00', 0, '20.00', '2020-11-16 11:32:49', '2020-11-16 11:32:49'),
(1546, 1257, 13, 1, '20.00', 0, '20.00', '2020-11-16 12:32:26', '2020-11-16 12:32:26'),
(1547, 1258, 1, 1, '20.00', 0, '20.00', '2020-11-16 16:28:29', '2020-11-16 16:28:29'),
(1548, 1259, 1, 1, '20.00', 0, '20.00', '2020-11-16 16:35:26', '2020-11-16 16:35:26'),
(1549, 1260, 1, 1, '20.00', 0, '20.00', '2020-11-16 18:05:00', '2020-11-16 18:05:00'),
(1551, 1262, 1, 1, '20.00', 0, '20.00', '2020-11-16 18:19:47', '2020-11-16 18:19:47'),
(1552, 1261, 1, 1, '20.00', 0, '20.00', '2020-11-16 18:20:25', '2020-11-16 18:20:25'),
(1553, 1263, 1, 1, '20.00', 0, '20.00', '2020-11-16 19:40:25', '2020-11-16 19:40:25'),
(1556, 1264, 15, 1, '15.00', 0, '15.00', '2020-11-16 19:53:41', '2020-11-16 19:53:41'),
(1557, 1265, 1, 1, '20.00', 0, '20.00', '2020-11-16 20:03:15', '2020-11-16 20:03:15'),
(1558, 1266, 1, 1, '20.00', 0, '20.00', '2020-11-17 11:27:43', '2020-11-17 11:27:43'),
(1560, 1267, 1, 1, '20.00', 0, '20.00', '2020-11-17 13:00:30', '2020-11-17 13:00:30'),
(1561, 1268, 13, 1, '20.00', 0, '20.00', '2020-11-17 15:31:22', '2020-11-17 15:31:22'),
(1562, 1269, 13, 1, '20.00', 0, '20.00', '2020-11-17 15:33:19', '2020-11-17 15:33:19'),
(1563, 1270, 13, 1, '20.00', 0, '20.00', '2020-11-17 15:34:26', '2020-11-17 15:34:26'),
(1564, 1271, 1, 1, '20.00', 0, '20.00', '2020-11-17 15:52:29', '2020-11-17 15:52:29'),
(1565, 1272, 1, 1, '20.00', 0, '20.00', '2020-11-17 16:36:18', '2020-11-17 16:36:18'),
(1566, 1273, 1, 1, '20.00', 0, '20.00', '2020-11-17 17:18:10', '2020-11-17 17:18:10'),
(1569, 1274, 7, 1, '35.00', 0, '35.00', '2020-11-17 18:15:08', '2020-11-17 18:15:08'),
(1571, 1276, 13, 1, '20.00', 0, '20.00', '2020-11-18 11:49:48', '2020-11-18 11:49:48'),
(1572, 1277, 15, 1, '15.00', 0, '15.00', '2020-11-18 11:51:25', '2020-11-18 11:51:25'),
(1573, 1275, 1, 1, '20.00', 0, '20.00', '2020-11-18 12:21:56', '2020-11-18 12:21:56'),
(1576, 1278, 1, 1, '20.00', 0, '20.00', '2020-11-18 12:49:37', '2020-11-18 12:49:37'),
(1577, 1279, 1, 1, '20.00', 0, '20.00', '2020-11-18 12:51:14', '2020-11-18 12:51:14'),
(1578, 1280, 13, 1, '20.00', 0, '20.00', '2020-11-18 15:04:44', '2020-11-18 15:04:44'),
(1581, 1281, 13, 1, '20.00', 0, '20.00', '2020-11-18 16:05:21', '2020-11-18 16:05:21'),
(1582, 1282, 13, 1, '20.00', 0, '20.00', '2020-11-18 16:45:29', '2020-11-18 16:45:29'),
(1584, 1283, 13, 1, '20.00', 0, '20.00', '2020-11-18 17:52:40', '2020-11-18 17:52:40'),
(1588, 1285, 13, 1, '20.00', 0, '20.00', '2020-11-19 11:56:34', '2020-11-19 11:56:34'),
(1589, 1284, 13, 1, '20.00', 0, '20.00', '2020-11-19 12:08:20', '2020-11-19 12:08:20'),
(1592, 1286, 1, 1, '20.00', 0, '20.00', '2020-11-19 12:41:07', '2020-11-19 12:41:07'),
(1593, 1287, 15, 1, '15.00', 0, '15.00', '2020-11-19 12:59:11', '2020-11-19 12:59:11'),
(1596, 1290, 1, 1, '20.00', 0, '20.00', '2020-11-19 16:07:23', '2020-11-19 16:07:23'),
(1597, 1288, 1, 1, '20.00', 0, '20.00', '2020-11-19 16:10:08', '2020-11-19 16:10:08'),
(1598, 1289, 13, 1, '20.00', 0, '20.00', '2020-11-19 16:13:11', '2020-11-19 16:13:11'),
(1599, 1291, 1, 1, '20.00', 0, '20.00', '2020-11-19 16:37:01', '2020-11-19 16:37:01'),
(1601, 1292, 1, 1, '20.00', 0, '20.00', '2020-11-19 17:12:21', '2020-11-19 17:12:21'),
(1604, 1293, 1, 1, '20.00', 0, '20.00', '2020-11-19 17:42:16', '2020-11-19 17:42:16'),
(1605, 1294, 1, 1, '20.00', 0, '20.00', '2020-11-19 17:46:23', '2020-11-19 17:46:23'),
(1609, 1296, 1, 1, '20.00', 0, '20.00', '2020-11-19 18:49:29', '2020-11-19 18:49:29'),
(1610, 1297, 13, 1, '20.00', 0, '20.00', '2020-11-19 18:50:03', '2020-11-19 18:50:03'),
(1611, 1298, 1, 1, '20.00', 0, '20.00', '2020-11-19 19:17:32', '2020-11-19 19:17:32'),
(1612, 1299, 3, 1, '15.00', 0, '15.00', '2020-11-19 19:18:08', '2020-11-19 19:18:08'),
(1613, 1295, 15, 1, '15.00', 0, '15.00', '2020-11-19 19:23:31', '2020-11-19 19:23:31'),
(1614, 1300, 10, 1, '30.00', 0, '30.00', '2020-11-19 19:43:41', '2020-11-19 19:43:41'),
(1616, 1301, 1, 1, '20.00', 0, '20.00', '2020-11-20 11:19:01', '2020-11-20 11:19:01'),
(1617, 1302, 10, 1, '30.00', 0, '30.00', '2020-11-20 11:47:38', '2020-11-20 11:47:38'),
(1621, 1303, 13, 1, '20.00', 0, '20.00', '2020-11-20 12:41:04', '2020-11-20 12:41:04'),
(1622, 1304, 15, 1, '15.00', 0, '15.00', '2020-11-20 12:43:19', '2020-11-20 12:43:19'),
(1623, 1305, 1, 1, '20.00', 0, '20.00', '2020-11-20 15:17:09', '2020-11-20 15:17:09'),
(1624, 1306, 13, 1, '20.00', 0, '20.00', '2020-11-20 15:32:45', '2020-11-20 15:32:45'),
(1626, 1308, 13, 1, '20.00', 0, '20.00', '2020-11-20 15:41:00', '2020-11-20 15:41:00'),
(1627, 1307, 1, 1, '20.00', 0, '20.00', '2020-11-20 15:53:24', '2020-11-20 15:53:24'),
(1628, 1309, 1, 1, '20.00', 0, '20.00', '2020-11-20 16:58:55', '2020-11-20 16:58:55'),
(1629, 1310, 1, 1, '20.00', 0, '20.00', '2020-11-20 18:11:34', '2020-11-20 18:11:34'),
(1631, 1311, 1, 1, '20.00', 0, '20.00', '2020-11-20 18:33:02', '2020-11-20 18:33:02'),
(1632, 1312, 1, 1, '20.00', 0, '20.00', '2020-11-21 11:23:43', '2020-11-21 11:23:43'),
(1633, 1313, 1, 1, '20.00', 0, '20.00', '2020-11-21 12:18:42', '2020-11-21 12:18:42'),
(1634, 1314, 1, 1, '20.00', 0, '20.00', '2020-11-21 12:22:09', '2020-11-21 12:22:09'),
(1636, 1315, 1, 1, '20.00', 0, '20.00', '2020-11-21 12:23:24', '2020-11-21 12:23:24'),
(1637, 1316, 13, 1, '20.00', 0, '20.00', '2020-11-21 12:36:01', '2020-11-21 12:36:01'),
(1639, 1317, 13, 1, '20.00', 0, '20.00', '2020-11-21 12:54:05', '2020-11-21 12:54:05'),
(1640, 1318, 13, 1, '20.00', 0, '20.00', '2020-11-21 15:18:13', '2020-11-21 15:18:13'),
(1641, 1319, 13, 1, '20.00', 0, '20.00', '2020-11-21 15:32:03', '2020-11-21 15:32:03'),
(1642, 1320, 13, 1, '20.00', 0, '20.00', '2020-11-21 15:33:57', '2020-11-21 15:33:57'),
(1644, 1321, 15, 1, '15.00', 0, '15.00', '2020-11-21 15:43:31', '2020-11-21 15:43:31'),
(1645, 1322, 15, 1, '15.00', 0, '15.00', '2020-11-21 16:01:46', '2020-11-21 16:01:46'),
(1646, 1323, 13, 1, '20.00', 0, '20.00', '2020-11-21 16:38:45', '2020-11-21 16:38:45'),
(1647, 1324, 13, 1, '20.00', 0, '20.00', '2020-11-21 16:51:14', '2020-11-21 16:51:14'),
(1648, 1325, 1, 1, '20.00', 0, '20.00', '2020-11-21 17:03:04', '2020-11-21 17:03:04'),
(1649, 1326, 1, 1, '20.00', 0, '20.00', '2020-11-21 17:26:19', '2020-11-21 17:26:19'),
(1650, 1327, 13, 1, '20.00', 0, '20.00', '2020-11-21 18:20:28', '2020-11-21 18:20:28'),
(1651, 1328, 13, 1, '20.00', 0, '20.00', '2020-11-21 18:29:32', '2020-11-21 18:29:32'),
(1652, 1329, 1, 1, '20.00', 0, '20.00', '2020-11-21 18:31:59', '2020-11-21 18:31:59'),
(1653, 1330, 15, 1, '15.00', 0, '15.00', '2020-11-21 19:22:11', '2020-11-21 19:22:11'),
(1654, 1331, 1, 1, '20.00', 0, '20.00', '2020-11-21 20:10:06', '2020-11-21 20:10:06'),
(1655, 1332, 1, 1, '20.00', 0, '20.00', '2020-11-21 20:11:49', '2020-11-21 20:11:49'),
(1657, 1333, 1, 1, '20.00', 0, '20.00', '2020-11-23 13:19:04', '2020-11-23 13:19:04'),
(1659, 1335, 15, 1, '15.00', 0, '15.00', '2020-11-23 15:38:13', '2020-11-23 15:38:13'),
(1660, 1336, 1, 1, '20.00', 0, '20.00', '2020-11-23 15:56:40', '2020-11-23 15:56:40'),
(1661, 1334, 15, 1, '15.00', 0, '15.00', '2020-11-23 16:48:09', '2020-11-23 16:48:09'),
(1662, 1337, 1, 1, '20.00', 0, '20.00', '2020-11-23 16:57:19', '2020-11-23 16:57:19'),
(1663, 1338, 5, 1, '5.00', 0, '5.00', '2020-11-23 17:29:33', '2020-11-23 17:29:33'),
(1664, 1339, 13, 1, '20.00', 0, '20.00', '2020-11-23 17:55:17', '2020-11-23 17:55:17'),
(1665, 1340, 13, 1, '20.00', 0, '20.00', '2020-11-23 18:49:54', '2020-11-23 18:49:54'),
(1666, 1341, 15, 1, '15.00', 0, '15.00', '2020-11-23 19:04:00', '2020-11-23 19:04:00'),
(1667, 1342, 13, 1, '20.00', 0, '20.00', '2020-11-23 19:40:31', '2020-11-23 19:40:31'),
(1668, 1343, 1, 1, '20.00', 0, '20.00', '2020-11-23 20:18:16', '2020-11-23 20:18:16'),
(1669, 1344, 1, 1, '20.00', 0, '20.00', '2020-11-23 20:18:53', '2020-11-23 20:18:53'),
(1670, 1345, 1, 1, '20.00', 0, '20.00', '2020-11-23 20:20:08', '2020-11-23 20:20:08'),
(1671, 1346, 13, 1, '20.00', 0, '20.00', '2020-11-24 10:33:41', '2020-11-24 10:33:41'),
(1672, 1347, 13, 1, '20.00', 0, '20.00', '2020-11-24 10:34:13', '2020-11-24 10:34:13'),
(1674, 1348, 13, 1, '20.00', 0, '20.00', '2020-11-24 12:43:25', '2020-11-24 12:43:25'),
(1676, 1349, 15, 1, '15.00', 0, '15.00', '2020-11-24 12:56:01', '2020-11-24 12:56:01'),
(1677, 1350, 13, 1, '20.00', 0, '20.00', '2020-11-24 12:56:50', '2020-11-24 12:56:50'),
(1678, 1351, 15, 1, '15.00', 0, '15.00', '2020-11-24 12:57:33', '2020-11-24 12:57:33'),
(1679, 1352, 13, 1, '20.00', 0, '20.00', '2020-11-24 13:03:48', '2020-11-24 13:03:48'),
(1680, 1353, 13, 1, '20.00', 0, '20.00', '2020-11-24 13:05:53', '2020-11-24 13:05:53'),
(1681, 1354, 13, 1, '20.00', 0, '20.00', '2020-11-24 15:18:07', '2020-11-24 15:18:07'),
(1683, 1356, 13, 1, '20.00', 0, '20.00', '2020-11-24 15:20:24', '2020-11-24 15:20:24'),
(1684, 1355, 13, 1, '20.00', 0, '20.00', '2020-11-24 15:23:31', '2020-11-24 15:23:31'),
(1685, 1357, 1, 1, '20.00', 0, '20.00', '2020-11-24 15:28:27', '2020-11-24 15:28:27'),
(1686, 1358, 13, 1, '20.00', 0, '20.00', '2020-11-24 16:04:09', '2020-11-24 16:04:09'),
(1687, 1359, 13, 1, '20.00', 0, '20.00', '2020-11-24 16:12:04', '2020-11-24 16:12:04'),
(1688, 1360, 15, 1, '15.00', 0, '15.00', '2020-11-24 16:14:16', '2020-11-24 16:14:16'),
(1689, 1361, 13, 1, '20.00', 0, '20.00', '2020-11-24 16:49:09', '2020-11-24 16:49:09'),
(1690, 1362, 1, 1, '20.00', 0, '20.00', '2020-11-24 17:19:07', '2020-11-24 17:19:07'),
(1691, 1363, 15, 1, '15.00', 0, '15.00', '2020-11-24 17:58:11', '2020-11-24 17:58:11'),
(1692, 1364, 13, 1, '20.00', 0, '20.00', '2020-11-24 18:00:04', '2020-11-24 18:00:04'),
(1693, 1365, 1, 1, '20.00', 0, '20.00', '2020-11-24 18:26:28', '2020-11-24 18:26:28'),
(1694, 1366, 1, 1, '20.00', 0, '20.00', '2020-11-24 18:40:46', '2020-11-24 18:40:46'),
(1695, 1367, 1, 1, '20.00', 0, '20.00', '2020-11-24 18:57:51', '2020-11-24 18:57:51'),
(1696, 1368, 15, 1, '15.00', 0, '15.00', '2020-11-24 18:59:40', '2020-11-24 18:59:40'),
(1697, 1369, 1, 1, '20.00', 0, '20.00', '2020-11-24 19:36:06', '2020-11-24 19:36:06'),
(1698, 1370, 1, 1, '20.00', 0, '20.00', '2020-11-24 19:55:39', '2020-11-24 19:55:39'),
(1699, 1371, 13, 1, '20.00', 0, '20.00', '2020-11-25 10:56:40', '2020-11-25 10:56:40'),
(1700, 1372, 13, 1, '20.00', 0, '20.00', '2020-11-25 11:19:15', '2020-11-25 11:19:15'),
(1701, 1373, 15, 1, '15.00', 0, '15.00', '2020-11-25 11:58:16', '2020-11-25 11:58:16'),
(1702, 1374, 13, 1, '20.00', 0, '20.00', '2020-11-25 12:19:33', '2020-11-25 12:19:33'),
(1704, 1375, 15, 1, '15.00', 0, '15.00', '2020-11-25 12:35:14', '2020-11-25 12:35:14'),
(1705, 1376, 13, 1, '20.00', 0, '20.00', '2020-11-25 12:56:51', '2020-11-25 12:56:51'),
(1706, 1377, 13, 1, '20.00', 0, '20.00', '2020-11-25 12:57:43', '2020-11-25 12:57:43'),
(1707, 1378, 1, 1, '20.00', 0, '20.00', '2020-11-25 15:19:54', '2020-11-25 15:19:54'),
(1708, 1379, 10, 1, '30.00', 0, '30.00', '2020-11-25 15:23:23', '2020-11-25 15:23:23'),
(1709, 1380, 15, 1, '15.00', 0, '15.00', '2020-11-25 16:33:07', '2020-11-25 16:33:07'),
(1710, 1381, 1, 1, '20.00', 0, '20.00', '2020-11-25 17:10:42', '2020-11-25 17:10:42'),
(1711, 1382, 1, 1, '20.00', 0, '20.00', '2020-11-25 17:15:51', '2020-11-25 17:15:51'),
(1712, 1383, 1, 1, '20.00', 0, '20.00', '2020-11-25 17:22:03', '2020-11-25 17:22:03'),
(1713, 1384, 1, 1, '20.00', 0, '20.00', '2020-11-25 17:24:27', '2020-11-25 17:24:27'),
(1714, 1385, 1, 1, '20.00', 0, '20.00', '2020-11-25 18:05:29', '2020-11-25 18:05:29'),
(1715, 1386, 13, 1, '20.00', 0, '20.00', '2020-11-25 18:53:12', '2020-11-25 18:53:12'),
(1716, 1387, 13, 1, '20.00', 0, '20.00', '2020-11-25 19:44:49', '2020-11-25 19:44:49'),
(1717, 1388, 13, 1, '20.00', 0, '20.00', '2020-11-25 19:56:36', '2020-11-25 19:56:36'),
(1720, 1391, 15, 1, '15.00', 0, '15.00', '2020-11-26 11:39:20', '2020-11-26 11:39:20'),
(1722, 1392, 13, 1, '20.00', 0, '20.00', '2020-11-26 12:22:26', '2020-11-26 12:22:26'),
(1724, 1390, 13, 1, '20.00', 0, '20.00', '2020-11-26 12:23:20', '2020-11-26 12:23:20'),
(1727, 1393, 13, 1, '20.00', 0, '20.00', '2020-11-26 12:25:57', '2020-11-26 12:25:57'),
(1728, 1394, 13, 1, '20.00', 0, '20.00', '2020-11-26 12:38:39', '2020-11-26 12:38:39'),
(1729, 1395, 13, 1, '20.00', 0, '20.00', '2020-11-26 15:09:44', '2020-11-26 15:09:44'),
(1730, 1396, 13, 1, '20.00', 0, '20.00', '2020-11-26 15:10:46', '2020-11-26 15:10:46'),
(1732, 1398, 15, 1, '15.00', 0, '15.00', '2020-11-26 15:50:07', '2020-11-26 15:50:07'),
(1733, 1397, 1, 1, '20.00', 0, '20.00', '2020-11-26 15:51:58', '2020-11-26 15:51:58'),
(1734, 1399, 1, 1, '20.00', 0, '20.00', '2020-11-26 16:11:12', '2020-11-26 16:11:12'),
(1736, 1400, 15, 1, '15.00', 0, '15.00', '2020-11-26 16:57:36', '2020-11-26 16:57:36'),
(1737, 1401, 1, 1, '20.00', 0, '20.00', '2020-11-26 17:00:22', '2020-11-26 17:00:22'),
(1738, 1389, 13, 1, '20.00', 0, '20.00', '2020-11-26 17:05:49', '2020-11-26 17:05:49'),
(1739, 1402, 1, 1, '20.00', 0, '20.00', '2020-11-26 17:24:52', '2020-11-26 17:24:52'),
(1740, 1403, 15, 1, '15.00', 0, '15.00', '2020-11-26 17:53:14', '2020-11-26 17:53:14'),
(1741, 1404, 1, 1, '20.00', 0, '20.00', '2020-11-26 18:59:53', '2020-11-26 18:59:53'),
(1742, 1405, 13, 1, '20.00', 0, '20.00', '2020-11-26 20:13:22', '2020-11-26 20:13:22'),
(1744, 1406, 15, 1, '15.00', 0, '15.00', '2020-11-27 12:05:42', '2020-11-27 12:05:42'),
(1745, 1407, 13, 1, '20.00', 0, '20.00', '2020-11-27 12:18:39', '2020-11-27 12:18:39'),
(1746, 1408, 13, 1, '20.00', 0, '20.00', '2020-11-27 12:33:52', '2020-11-27 12:33:52'),
(1747, 1409, 13, 1, '20.00', 0, '20.00', '2020-11-27 12:34:26', '2020-11-27 12:34:26'),
(1748, 1410, 13, 1, '20.00', 0, '20.00', '2020-11-27 12:43:23', '2020-11-27 12:43:23'),
(1749, 1411, 13, 1, '20.00', 0, '20.00', '2020-11-27 15:45:58', '2020-11-27 15:45:58'),
(1750, 1412, 1, 1, '20.00', 0, '20.00', '2020-11-27 16:27:20', '2020-11-27 16:27:20'),
(1751, 1413, 13, 1, '20.00', 0, '20.00', '2020-11-27 16:45:18', '2020-11-27 16:45:18'),
(1752, 1414, 1, 1, '20.00', 0, '20.00', '2020-11-27 17:24:26', '2020-11-27 17:24:26'),
(1753, 1415, 13, 1, '20.00', 0, '20.00', '2020-11-27 17:25:41', '2020-11-27 17:25:41'),
(1754, 1416, 13, 1, '20.00', 0, '20.00', '2020-11-27 18:04:22', '2020-11-27 18:04:22'),
(1755, 1417, 13, 1, '20.00', 0, '20.00', '2020-11-27 18:55:26', '2020-11-27 18:55:26'),
(1756, 1418, 1, 1, '20.00', 0, '20.00', '2020-11-27 19:27:51', '2020-11-27 19:27:51'),
(1757, 1419, 13, 1, '20.00', 0, '20.00', '2020-11-27 19:30:21', '2020-11-27 19:30:21'),
(1758, 1420, 10, 1, '30.00', 0, '30.00', '2020-11-27 19:49:35', '2020-11-27 19:49:35'),
(1759, 1421, 1, 1, '20.00', 0, '20.00', '2020-11-28 11:26:26', '2020-11-28 11:26:26'),
(1760, 1422, 13, 1, '20.00', 0, '20.00', '2020-11-28 11:34:41', '2020-11-28 11:34:41'),
(1761, 1423, 15, 1, '15.00', 0, '15.00', '2020-11-28 11:50:01', '2020-11-28 11:50:01'),
(1762, 1424, 13, 1, '20.00', 0, '20.00', '2020-11-28 11:55:10', '2020-11-28 11:55:10'),
(1763, 1425, 1, 1, '20.00', 0, '20.00', '2020-11-28 12:09:50', '2020-11-28 12:09:50'),
(1765, 1427, 13, 1, '20.00', 0, '20.00', '2020-11-28 12:30:10', '2020-11-28 12:30:10'),
(1767, 1428, 15, 1, '15.00', 0, '15.00', '2020-11-28 12:38:54', '2020-11-28 12:38:54'),
(1768, 1429, 1, 1, '20.00', 0, '20.00', '2020-11-28 12:42:59', '2020-11-28 12:42:59'),
(1769, 1430, 13, 1, '20.00', 0, '20.00', '2020-11-28 12:53:09', '2020-11-28 12:53:09'),
(1770, 1431, 13, 1, '20.00', 0, '20.00', '2020-11-28 12:55:01', '2020-11-28 12:55:01'),
(1771, 1432, 1, 1, '20.00', 0, '20.00', '2020-11-28 15:27:40', '2020-11-28 15:27:40'),
(1772, 1433, 13, 1, '20.00', 0, '20.00', '2020-11-28 15:34:00', '2020-11-28 15:34:00'),
(1773, 1434, 10, 1, '30.00', 0, '30.00', '2020-11-28 16:22:13', '2020-11-28 16:22:13'),
(1774, 1426, 13, 1, '20.00', 0, '20.00', '2020-11-28 16:23:39', '2020-11-28 16:23:39'),
(1775, 1435, 1, 1, '20.00', 0, '20.00', '2020-11-28 17:16:05', '2020-11-28 17:16:05'),
(1776, 1436, 15, 1, '15.00', 0, '15.00', '2020-11-28 17:29:53', '2020-11-28 17:29:53'),
(1777, 1437, 15, 1, '15.00', 0, '15.00', '2020-11-28 17:37:30', '2020-11-28 17:37:30'),
(1778, 1438, 10, 1, '30.00', 0, '30.00', '2020-11-28 17:43:52', '2020-11-28 17:43:52'),
(1779, 1439, 1, 1, '20.00', 0, '20.00', '2020-11-28 17:48:43', '2020-11-28 17:48:43'),
(1780, 1440, 1, 1, '20.00', 0, '20.00', '2020-11-28 18:07:05', '2020-11-28 18:07:05'),
(1781, 1441, 1, 1, '20.00', 0, '20.00', '2020-11-28 18:11:34', '2020-11-28 18:11:34'),
(1782, 1442, 15, 1, '15.00', 0, '15.00', '2020-11-28 18:15:14', '2020-11-28 18:15:14'),
(1783, 1443, 13, 1, '20.00', 0, '20.00', '2020-11-28 18:28:56', '2020-11-28 18:28:56'),
(1784, 1444, 1, 1, '20.00', 0, '20.00', '2020-11-28 18:31:11', '2020-11-28 18:31:11'),
(1785, 1445, 13, 1, '20.00', 0, '20.00', '2020-11-30 12:39:41', '2020-11-30 12:39:41'),
(1786, 1446, 13, 1, '20.00', 0, '20.00', '2020-11-30 14:54:49', '2020-11-30 14:54:49'),
(1789, 1447, 13, 1, '20.00', 0, '20.00', '2020-11-30 16:48:07', '2020-11-30 16:48:07'),
(1790, 1448, 13, 1, '20.00', 0, '20.00', '2020-11-30 16:48:59', '2020-11-30 16:48:59'),
(1791, 1449, 1, 1, '20.00', 0, '20.00', '2020-11-30 16:50:48', '2020-11-30 16:50:48'),
(1792, 1450, 1, 1, '20.00', 0, '20.00', '2020-11-30 17:43:14', '2020-11-30 17:43:14'),
(1793, 1451, 1, 1, '20.00', 0, '20.00', '2020-11-30 17:56:42', '2020-11-30 17:56:42'),
(1796, 1453, 1, 1, '20.00', 0, '20.00', '2020-11-30 18:45:53', '2020-11-30 18:45:53'),
(1797, 1452, 1, 1, '20.00', 0, '20.00', '2020-11-30 19:11:18', '2020-11-30 19:11:18'),
(1798, 1454, 10, 1, '30.00', 0, '30.00', '2020-11-30 20:01:56', '2020-11-30 20:01:56'),
(1800, 1455, 13, 1, '20.00', 0, '20.00', '2020-12-01 12:13:00', '2020-12-01 12:13:00'),
(1801, 1456, 13, 1, '20.00', 0, '20.00', '2020-12-01 12:15:57', '2020-12-01 12:15:57'),
(1802, 1457, 1, 1, '20.00', 0, '20.00', '2020-12-01 12:58:10', '2020-12-01 12:58:10'),
(1803, 1458, 1, 1, '20.00', 0, '20.00', '2020-12-01 15:29:20', '2020-12-01 15:29:20'),
(1804, 1459, 7, 1, '35.00', 0, '35.00', '2020-12-01 15:38:33', '2020-12-01 15:38:33'),
(1807, 1460, 13, 1, '20.00', 0, '20.00', '2020-12-01 17:25:10', '2020-12-01 17:25:10'),
(1808, 1462, 4, 1, '20.00', 0, '20.00', '2020-12-01 17:27:33', '2020-12-01 17:27:33'),
(1809, 1461, 1, 1, '20.00', 0, '20.00', '2020-12-01 17:46:34', '2020-12-01 17:46:34'),
(1811, 1463, 1, 1, '20.00', 0, '20.00', '2020-12-01 19:27:21', '2020-12-01 19:27:21'),
(1812, 1464, 1, 1, '20.00', 0, '20.00', '2020-12-01 19:27:55', '2020-12-01 19:27:55'),
(1813, 1465, 1, 1, '20.00', 0, '20.00', '2020-12-01 20:00:12', '2020-12-01 20:00:12'),
(1814, 1466, 1, 1, '20.00', 0, '20.00', '2020-12-01 20:04:02', '2020-12-01 20:04:02'),
(1815, 1467, 1, 1, '20.00', 0, '20.00', '2020-12-01 20:18:14', '2020-12-01 20:18:14'),
(1816, 1468, 1, 1, '20.00', 0, '20.00', '2020-12-02 10:40:47', '2020-12-02 10:40:47'),
(1818, 1469, 1, 1, '20.00', 0, '20.00', '2020-12-02 11:37:50', '2020-12-02 11:37:50'),
(1819, 1470, 1, 1, '20.00', 0, '20.00', '2020-12-02 15:59:02', '2020-12-02 15:59:02'),
(1820, 1471, 1, 1, '20.00', 0, '20.00', '2020-12-02 19:11:28', '2020-12-02 19:11:28'),
(1821, 1472, 1, 1, '20.00', 0, '20.00', '2020-12-02 19:28:54', '2020-12-02 19:28:54'),
(1822, 1473, 1, 1, '20.00', 0, '20.00', '2020-12-02 20:23:08', '2020-12-02 20:23:08'),
(1823, 1474, 1, 1, '20.00', 0, '20.00', '2020-12-03 11:27:15', '2020-12-03 11:27:15'),
(1825, 1475, 1, 1, '20.00', 0, '20.00', '2020-12-03 12:30:42', '2020-12-03 12:30:42'),
(1827, 1476, 1, 1, '20.00', 0, '20.00', '2020-12-03 12:33:13', '2020-12-03 12:33:13'),
(1828, 1477, 1, 1, '20.00', 0, '20.00', '2020-12-03 12:33:54', '2020-12-03 12:33:54'),
(1830, 1479, 1, 1, '20.00', 0, '20.00', '2020-12-03 13:05:03', '2020-12-03 13:05:03'),
(1831, 1478, 1, 1, '20.00', 0, '20.00', '2020-12-03 15:14:20', '2020-12-03 15:14:20'),
(1832, 1480, 1, 1, '20.00', 0, '20.00', '2020-12-03 15:28:03', '2020-12-03 15:28:03'),
(1833, 1481, 1, 1, '20.00', 0, '20.00', '2020-12-03 16:33:28', '2020-12-03 16:33:28'),
(1834, 1482, 1, 1, '20.00', 0, '20.00', '2020-12-03 17:33:47', '2020-12-03 17:33:47'),
(1835, 1483, 1, 1, '20.00', 0, '20.00', '2020-12-03 18:00:57', '2020-12-03 18:00:57'),
(1836, 1484, 3, 1, '15.00', 0, '15.00', '2020-12-03 18:01:57', '2020-12-03 18:01:57'),
(1837, 1485, 1, 1, '20.00', 0, '20.00', '2020-12-03 18:41:43', '2020-12-03 18:41:43'),
(1838, 1486, 1, 1, '20.00', 0, '20.00', '2020-12-03 18:58:33', '2020-12-03 18:58:33'),
(1839, 1487, 1, 1, '20.00', 0, '20.00', '2020-12-03 19:19:00', '2020-12-03 19:19:00'),
(1840, 1488, 1, 1, '20.00', 0, '20.00', '2020-12-03 19:32:20', '2020-12-03 19:32:20'),
(1841, 1489, 1, 1, '20.00', 0, '20.00', '2020-12-04 12:17:49', '2020-12-04 12:17:49'),
(1842, 1490, 1, 1, '20.00', 0, '20.00', '2020-12-04 12:24:40', '2020-12-04 12:24:40'),
(1843, 1491, 1, 1, '20.00', 0, '20.00', '2020-12-04 12:46:22', '2020-12-04 12:46:22'),
(1844, 1492, 1, 1, '20.00', 0, '20.00', '2020-12-04 12:54:24', '2020-12-04 12:54:24'),
(1846, 1494, 1, 1, '20.00', 0, '20.00', '2020-12-04 12:58:48', '2020-12-04 12:58:48'),
(1847, 1493, 1, 1, '20.00', 0, '20.00', '2020-12-04 13:09:24', '2020-12-04 13:09:24'),
(1848, 1495, 1, 1, '20.00', 0, '20.00', '2020-12-04 14:57:49', '2020-12-04 14:57:49'),
(1849, 1496, 1, 1, '20.00', 0, '20.00', '2020-12-04 14:58:14', '2020-12-04 14:58:14'),
(1851, 1497, 7, 1, '35.00', 0, '35.00', '2020-12-04 16:27:07', '2020-12-04 16:27:07'),
(1852, 1498, 1, 1, '20.00', 0, '20.00', '2020-12-04 17:12:31', '2020-12-04 17:12:31'),
(1853, 1499, 7, 1, '35.00', 0, '35.00', '2020-12-04 17:44:59', '2020-12-04 17:44:59'),
(1854, 1500, 1, 1, '20.00', 0, '20.00', '2020-12-04 18:28:37', '2020-12-04 18:28:37'),
(1855, 1501, 1, 1, '20.00', 0, '20.00', '2020-12-04 19:33:21', '2020-12-04 19:33:21'),
(1857, 1502, 10, 1, '30.00', 0, '30.00', '2020-12-04 19:44:19', '2020-12-04 19:44:19'),
(1858, 1503, 1, 1, '20.00', 0, '20.00', '2020-12-05 10:26:00', '2020-12-05 10:26:00'),
(1859, 1504, 1, 1, '20.00', 0, '20.00', '2020-12-05 11:49:36', '2020-12-05 11:49:36'),
(1861, 1505, 1, 1, '20.00', 0, '20.00', '2020-12-05 12:01:30', '2020-12-05 12:01:30'),
(1863, 1506, 1, 1, '20.00', 0, '20.00', '2020-12-05 12:24:20', '2020-12-05 12:24:20'),
(1864, 1507, 1, 1, '20.00', 0, '20.00', '2020-12-05 12:39:16', '2020-12-05 12:39:16'),
(1865, 1508, 1, 1, '20.00', 0, '20.00', '2020-12-05 15:52:29', '2020-12-05 15:52:29'),
(1866, 1509, 1, 1, '20.00', 0, '20.00', '2020-12-05 15:54:25', '2020-12-05 15:54:25'),
(1867, 1510, 1, 1, '20.00', 0, '20.00', '2020-12-05 15:58:25', '2020-12-05 15:58:25'),
(1868, 1511, 1, 1, '20.00', 0, '20.00', '2020-12-05 17:26:59', '2020-12-05 17:26:59'),
(1869, 1512, 10, 1, '30.00', 0, '30.00', '2020-12-05 18:08:33', '2020-12-05 18:08:33'),
(1870, 1513, 10, 1, '30.00', 0, '30.00', '2020-12-05 18:28:46', '2020-12-05 18:28:46'),
(1871, 1514, 10, 1, '30.00', 0, '30.00', '2020-12-05 18:34:43', '2020-12-05 18:34:43'),
(1872, 1515, 1, 1, '20.00', 0, '20.00', '2020-12-05 19:04:05', '2020-12-05 19:04:05'),
(1873, 1516, 1, 1, '20.00', 0, '20.00', '2020-12-05 19:07:08', '2020-12-05 19:07:08'),
(1874, 1517, 1, 1, '20.00', 0, '20.00', '2020-12-05 19:16:26', '2020-12-05 19:16:26'),
(1875, 1518, 1, 1, '20.00', 0, '20.00', '2020-12-07 11:26:27', '2020-12-07 11:26:27'),
(1876, 1519, 1, 1, '20.00', 0, '20.00', '2020-12-07 12:49:21', '2020-12-07 12:49:21'),
(1877, 1520, 1, 1, '20.00', 0, '20.00', '2020-12-07 12:50:45', '2020-12-07 12:50:45'),
(1878, 1521, 1, 1, '20.00', 0, '20.00', '2020-12-07 12:52:58', '2020-12-07 12:52:58'),
(1879, 1522, 1, 1, '20.00', 0, '20.00', '2020-12-07 15:36:58', '2020-12-07 15:36:58'),
(1880, 1523, 1, 1, '20.00', 0, '20.00', '2020-12-07 15:37:38', '2020-12-07 15:37:38'),
(1881, 1524, 1, 1, '20.00', 25, '15.00', '2020-12-07 17:17:35', '2020-12-07 17:17:35'),
(1882, 1525, 7, 1, '35.00', 0, '35.00', '2020-12-07 18:47:14', '2020-12-07 18:47:14'),
(1884, 1527, 1, 1, '20.00', 0, '20.00', '2020-12-07 18:51:32', '2020-12-07 18:51:32'),
(1885, 1528, 1, 1, '20.00', 0, '20.00', '2020-12-07 18:53:01', '2020-12-07 18:53:01'),
(1886, 1529, 7, 1, '35.00', 0, '35.00', '2020-12-07 19:31:06', '2020-12-07 19:31:06'),
(1887, 1526, 7, 1, '35.00', 0, '35.00', '2020-12-07 19:39:02', '2020-12-07 19:39:02'),
(1888, 1530, 1, 1, '20.00', 0, '20.00', '2020-12-07 19:47:57', '2020-12-07 19:47:57'),
(1889, 1531, 1, 1, '20.00', 0, '20.00', '2020-12-07 20:24:08', '2020-12-07 20:24:08'),
(1892, 1532, 1, 1, '20.00', 0, '20.00', '2020-12-08 11:40:41', '2020-12-08 11:40:41'),
(1894, 1533, 1, 1, '20.00', 0, '20.00', '2020-12-08 12:12:45', '2020-12-08 12:12:45'),
(1896, 1534, 1, 1, '20.00', 0, '20.00', '2020-12-08 12:20:24', '2020-12-08 12:20:24'),
(1898, 1536, 1, 1, '20.00', 0, '20.00', '2020-12-08 13:02:32', '2020-12-08 13:02:32'),
(1899, 1535, 1, 1, '20.00', 0, '20.00', '2020-12-08 13:02:57', '2020-12-08 13:02:57'),
(1900, 1537, 1, 1, '20.00', 0, '20.00', '2020-12-08 14:57:37', '2020-12-08 14:57:37'),
(1901, 1538, 1, 1, '20.00', 0, '20.00', '2020-12-08 14:58:34', '2020-12-08 14:58:34'),
(1902, 1539, 10, 1, '30.00', 0, '30.00', '2020-12-09 11:30:20', '2020-12-09 11:30:20'),
(1903, 1540, 1, 1, '20.00', 0, '20.00', '2020-12-09 11:52:42', '2020-12-09 11:52:42'),
(1904, 1541, 1, 1, '20.00', 0, '20.00', '2020-12-09 12:51:10', '2020-12-09 12:51:10'),
(1905, 1542, 1, 1, '20.00', 0, '20.00', '2020-12-09 12:52:18', '2020-12-09 12:52:18'),
(1906, 1543, 1, 1, '20.00', 0, '20.00', '2020-12-09 12:56:59', '2020-12-09 12:56:59'),
(1907, 1544, 1, 1, '20.00', 0, '20.00', '2020-12-09 15:12:24', '2020-12-09 15:12:24'),
(1908, 1545, 1, 1, '20.00', 0, '20.00', '2020-12-09 15:19:05', '2020-12-09 15:19:05'),
(1910, 1546, 1, 1, '20.00', 0, '20.00', '2020-12-09 16:02:31', '2020-12-09 16:02:31'),
(1911, 1547, 1, 1, '20.00', 0, '20.00', '2020-12-09 17:47:16', '2020-12-09 17:47:16'),
(1912, 1548, 1, 1, '20.00', 0, '20.00', '2020-12-09 17:59:02', '2020-12-09 17:59:02'),
(1913, 1549, 1, 1, '20.00', 0, '20.00', '2020-12-09 19:12:35', '2020-12-09 19:12:35'),
(1914, 1550, 1, 1, '20.00', 0, '20.00', '2020-12-09 20:01:27', '2020-12-09 20:01:27'),
(1915, 1551, 1, 1, '20.00', 0, '20.00', '2020-12-09 20:13:02', '2020-12-09 20:13:02'),
(1916, 1552, 1, 1, '20.00', 25, '15.00', '2020-12-10 10:39:19', '2020-12-10 10:39:19'),
(1918, 1553, 1, 1, '20.00', 0, '20.00', '2020-12-10 12:16:50', '2020-12-10 12:16:50'),
(1919, 1554, 1, 1, '20.00', 0, '20.00', '2020-12-10 12:52:40', '2020-12-10 12:52:40'),
(1920, 1555, 1, 1, '20.00', 0, '20.00', '2020-12-10 13:00:06', '2020-12-10 13:00:06'),
(1921, 1556, 1, 1, '20.00', 0, '20.00', '2020-12-10 13:01:06', '2020-12-10 13:01:06'),
(1922, 1557, 1, 1, '20.00', 0, '20.00', '2020-12-10 13:01:38', '2020-12-10 13:01:38'),
(1924, 1559, 6, 1, '20.00', 0, '20.00', '2020-12-10 15:01:10', '2020-12-10 15:01:10'),
(1925, 1558, 7, 1, '35.00', 0, '35.00', '2020-12-10 15:19:24', '2020-12-10 15:19:24'),
(1926, 1560, 1, 1, '20.00', 0, '20.00', '2020-12-10 16:28:35', '2020-12-10 16:28:35'),
(1927, 1561, 1, 1, '20.00', 0, '20.00', '2020-12-10 16:33:05', '2020-12-10 16:33:05'),
(1928, 1562, 7, 1, '35.00', 0, '35.00', '2020-12-10 16:52:12', '2020-12-10 16:52:12'),
(1929, 1563, 1, 1, '20.00', 0, '20.00', '2020-12-10 17:10:14', '2020-12-10 17:10:14'),
(1931, 1564, 1, 1, '20.00', 0, '20.00', '2020-12-10 18:20:42', '2020-12-10 18:20:42'),
(1932, 1565, 1, 1, '20.00', 0, '20.00', '2020-12-10 18:45:38', '2020-12-10 18:45:38'),
(1933, 1566, 1, 1, '20.00', 0, '20.00', '2020-12-10 19:03:21', '2020-12-10 19:03:21'),
(1934, 1567, 10, 1, '30.00', 0, '30.00', '2020-12-10 19:39:22', '2020-12-10 19:39:22'),
(1935, 1568, 10, 1, '30.00', 0, '30.00', '2020-12-10 20:03:16', '2020-12-10 20:03:16'),
(1936, 1569, 1, 1, '20.00', 0, '20.00', '2020-12-10 20:10:39', '2020-12-10 20:10:39'),
(1937, 1570, 1, 1, '20.00', 0, '20.00', '2020-12-11 10:55:56', '2020-12-11 10:55:56'),
(1938, 1571, 1, 1, '20.00', 0, '20.00', '2020-12-11 11:55:54', '2020-12-11 11:55:54'),
(1939, 1572, 1, 1, '20.00', 0, '20.00', '2020-12-11 12:30:37', '2020-12-11 12:30:37'),
(1940, 1573, 1, 1, '20.00', 0, '20.00', '2020-12-11 14:22:15', '2020-12-11 14:22:15'),
(1941, 1574, 1, 1, '20.00', 0, '20.00', '2020-12-11 16:54:03', '2020-12-11 16:54:03'),
(1942, 1575, 1, 1, '20.00', 0, '20.00', '2020-12-11 16:59:29', '2020-12-11 16:59:29'),
(1943, 1576, 1, 1, '20.00', 0, '20.00', '2020-12-11 17:27:41', '2020-12-11 17:27:41'),
(1944, 1577, 1, 1, '20.00', 0, '20.00', '2020-12-11 18:03:15', '2020-12-11 18:03:15'),
(1946, 1579, 1, 1, '20.00', 0, '20.00', '2020-12-11 19:22:01', '2020-12-11 19:22:01'),
(1947, 1580, 1, 1, '20.00', 0, '20.00', '2020-12-11 19:53:20', '2020-12-11 19:53:20'),
(1948, 1578, 1, 1, '20.00', 0, '20.00', '2020-12-11 20:04:31', '2020-12-11 20:04:31'),
(1949, 1581, 1, 1, '20.00', 0, '20.00', '2020-12-12 11:47:49', '2020-12-12 11:47:49'),
(1950, 1582, 1, 1, '20.00', 0, '20.00', '2020-12-12 11:52:13', '2020-12-12 11:52:13'),
(1951, 1583, 1, 1, '20.00', 0, '20.00', '2020-12-12 11:55:37', '2020-12-12 11:55:37'),
(1953, 1584, 1, 1, '20.00', 0, '20.00', '2020-12-12 12:05:55', '2020-12-12 12:05:55'),
(1955, 1585, 1, 1, '20.00', 0, '20.00', '2020-12-12 12:28:58', '2020-12-12 12:28:58'),
(1956, 1586, 1, 1, '20.00', 0, '20.00', '2020-12-12 12:58:46', '2020-12-12 12:58:46'),
(1957, 1587, 10, 1, '30.00', 0, '30.00', '2020-12-12 12:59:48', '2020-12-12 12:59:48'),
(1958, 1588, 1, 1, '20.00', 0, '20.00', '2020-12-12 13:00:27', '2020-12-12 13:00:27'),
(1959, 1589, 1, 1, '20.00', 0, '20.00', '2020-12-12 14:59:29', '2020-12-12 14:59:29'),
(1960, 1590, 1, 1, '20.00', 0, '20.00', '2020-12-12 15:08:37', '2020-12-12 15:08:37'),
(1961, 1591, 1, 1, '20.00', 0, '20.00', '2020-12-12 15:36:56', '2020-12-12 15:36:56'),
(1962, 1592, 1, 1, '20.00', 0, '20.00', '2020-12-12 16:12:10', '2020-12-12 16:12:10'),
(1963, 1593, 7, 1, '35.00', 0, '35.00', '2020-12-12 17:55:56', '2020-12-12 17:55:56'),
(1964, 1594, 1, 1, '20.00', 0, '20.00', '2020-12-12 17:56:35', '2020-12-12 17:56:35'),
(1965, 1595, 7, 1, '35.00', 0, '35.00', '2020-12-12 18:31:04', '2020-12-12 18:31:04'),
(1966, 1596, 1, 1, '20.00', 0, '20.00', '2020-12-12 19:18:51', '2020-12-12 19:18:51'),
(1967, 1597, 1, 1, '20.00', 0, '20.00', '2020-12-12 20:23:13', '2020-12-12 20:23:13'),
(1968, 1598, 1, 1, '20.00', 0, '20.00', '2020-12-12 20:26:59', '2020-12-12 20:26:59'),
(1969, 1599, 1, 1, '20.00', 0, '20.00', '2020-12-12 20:27:28', '2020-12-12 20:27:28'),
(1972, 1600, 1, 1, '20.00', 0, '20.00', '2020-12-14 11:56:49', '2020-12-14 11:56:49'),
(1973, 1601, 1, 1, '20.00', 0, '20.00', '2020-12-14 12:20:01', '2020-12-14 12:20:01'),
(1974, 1602, 1, 1, '20.00', 0, '20.00', '2020-12-14 13:06:42', '2020-12-14 13:06:42'),
(1975, 1603, 1, 1, '20.00', 0, '20.00', '2020-12-14 15:16:01', '2020-12-14 15:16:01'),
(1976, 1604, 1, 1, '20.00', 0, '20.00', '2020-12-14 16:20:31', '2020-12-14 16:20:31'),
(1977, 1605, 1, 1, '20.00', 0, '20.00', '2020-12-14 16:21:40', '2020-12-14 16:21:40'),
(1978, 1606, 1, 1, '20.00', 0, '20.00', '2020-12-14 16:22:27', '2020-12-14 16:22:27'),
(1980, 1607, 1, 1, '20.00', 0, '20.00', '2020-12-15 12:32:52', '2020-12-15 12:32:52'),
(1981, 1608, 1, 1, '20.00', 0, '20.00', '2020-12-15 12:33:38', '2020-12-15 12:33:38'),
(1982, 1609, 1, 1, '20.00', 0, '20.00', '2020-12-15 15:08:03', '2020-12-15 15:08:03'),
(1983, 1610, 1, 1, '20.00', 0, '20.00', '2020-12-15 15:36:27', '2020-12-15 15:36:27'),
(1984, 1611, 1, 1, '20.00', 0, '20.00', '2020-12-15 16:05:10', '2020-12-15 16:05:10'),
(1985, 1612, 1, 1, '20.00', 0, '20.00', '2020-12-15 16:17:00', '2020-12-15 16:17:00'),
(1987, 1613, 10, 1, '30.00', 0, '30.00', '2020-12-15 19:24:11', '2020-12-15 19:24:11'),
(1988, 1614, 1, 1, '20.00', 0, '20.00', '2020-12-15 20:14:27', '2020-12-15 20:14:27'),
(1990, 1615, 1, 1, '20.00', 0, '20.00', '2020-12-16 12:30:33', '2020-12-16 12:30:33'),
(1991, 1616, 1, 1, '20.00', 0, '20.00', '2020-12-16 16:25:15', '2020-12-16 16:25:15'),
(1992, 1617, 1, 1, '20.00', 25, '15.00', '2020-12-16 16:31:00', '2020-12-16 16:31:00'),
(1993, 1618, 1, 1, '20.00', 0, '20.00', '2020-12-16 18:19:58', '2020-12-16 18:19:58'),
(1994, 1619, 1, 1, '20.00', 0, '20.00', '2020-12-16 18:42:04', '2020-12-16 18:42:04'),
(1995, 1620, 1, 1, '20.00', 0, '20.00', '2020-12-16 18:58:55', '2020-12-16 18:58:55'),
(1996, 1621, 1, 1, '20.00', 0, '20.00', '2020-12-16 20:13:47', '2020-12-16 20:13:47'),
(1997, 1622, 1, 1, '20.00', 0, '20.00', '2020-12-16 20:23:12', '2020-12-16 20:23:12'),
(1998, 1623, 1, 1, '20.00', 0, '20.00', '2020-12-16 20:24:17', '2020-12-16 20:24:17'),
(1999, 1624, 1, 1, '20.00', 0, '20.00', '2020-12-17 12:17:07', '2020-12-17 12:17:07'),
(2000, 1625, 1, 1, '20.00', 0, '20.00', '2020-12-17 12:46:40', '2020-12-17 12:46:40'),
(2001, 1626, 1, 1, '20.00', 0, '20.00', '2020-12-17 13:15:03', '2020-12-17 13:15:03'),
(2002, 1627, 1, 1, '20.00', 0, '20.00', '2020-12-17 18:49:38', '2020-12-17 18:49:38'),
(2003, 1628, 1, 1, '20.00', 0, '20.00', '2020-12-17 18:54:29', '2020-12-17 18:54:29'),
(2004, 1629, 1, 1, '20.00', 0, '20.00', '2020-12-17 18:55:07', '2020-12-17 18:55:07'),
(2007, 1632, 1, 1, '20.00', 0, '20.00', '2020-12-17 18:59:16', '2020-12-17 18:59:16'),
(2008, 1630, 1, 1, '20.00', 0, '20.00', '2020-12-17 19:05:31', '2020-12-17 19:05:31'),
(2009, 1631, 1, 1, '20.00', 0, '20.00', '2020-12-17 19:05:50', '2020-12-17 19:05:50'),
(2010, 1633, 1, 1, '20.00', 0, '20.00', '2020-12-17 19:15:50', '2020-12-17 19:15:50'),
(2011, 1634, 1, 1, '20.00', 0, '20.00', '2020-12-17 19:53:07', '2020-12-17 19:53:07'),
(2012, 1635, 1, 1, '20.00', 0, '20.00', '2020-12-17 20:17:46', '2020-12-17 20:17:46'),
(2013, 1636, 1, 1, '20.00', 0, '20.00', '2020-12-17 20:30:25', '2020-12-17 20:30:25'),
(2014, 1637, 1, 1, '20.00', 0, '20.00', '2020-12-18 11:28:16', '2020-12-18 11:28:16'),
(2015, 1638, 1, 1, '20.00', 0, '20.00', '2020-12-18 11:45:17', '2020-12-18 11:45:17'),
(2017, 1639, 1, 1, '20.00', 0, '20.00', '2020-12-18 12:30:44', '2020-12-18 12:30:44'),
(2019, 1640, 1, 1, '20.00', 0, '20.00', '2020-12-18 12:43:37', '2020-12-18 12:43:37'),
(2021, 1641, 1, 1, '20.00', 0, '20.00', '2020-12-18 12:47:57', '2020-12-18 12:47:57'),
(2022, 1642, 1, 1, '20.00', 0, '20.00', '2020-12-18 12:58:52', '2020-12-18 12:58:52'),
(2023, 1643, 1, 1, '20.00', 0, '20.00', '2020-12-18 13:03:13', '2020-12-18 13:03:13'),
(2024, 1644, 1, 1, '20.00', 0, '20.00', '2020-12-18 15:44:48', '2020-12-18 15:44:48'),
(2025, 1645, 1, 1, '20.00', 0, '20.00', '2020-12-18 16:04:19', '2020-12-18 16:04:19'),
(2026, 1646, 1, 1, '20.00', 0, '20.00', '2020-12-18 16:54:32', '2020-12-18 16:54:32'),
(2027, 1647, 1, 1, '20.00', 0, '20.00', '2020-12-18 17:49:35', '2020-12-18 17:49:35'),
(2028, 1648, 1, 1, '20.00', 0, '20.00', '2020-12-18 18:56:04', '2020-12-18 18:56:04'),
(2029, 1649, 1, 1, '20.00', 0, '20.00', '2020-12-18 19:56:47', '2020-12-18 19:56:47'),
(2030, 1650, 1, 1, '20.00', 0, '20.00', '2020-12-18 20:01:36', '2020-12-18 20:01:36'),
(2031, 1651, 1, 1, '20.00', 0, '20.00', '2020-12-18 20:16:33', '2020-12-18 20:16:33'),
(2033, 1653, 1, 1, '20.00', 0, '20.00', '2020-12-19 11:59:34', '2020-12-19 11:59:34'),
(2035, 1652, 1, 1, '20.00', 0, '20.00', '2020-12-19 12:33:27', '2020-12-19 12:33:27'),
(2036, 1654, 1, 1, '20.00', 0, '20.00', '2020-12-19 13:19:25', '2020-12-19 13:19:25'),
(2038, 1655, 1, 1, '20.00', 0, '20.00', '2020-12-19 13:44:35', '2020-12-19 13:44:35'),
(2039, 1656, 1, 1, '20.00', 0, '20.00', '2020-12-19 14:05:17', '2020-12-19 14:05:17'),
(2040, 1657, 1, 1, '20.00', 0, '20.00', '2020-12-19 14:11:51', '2020-12-19 14:11:51'),
(2041, 1658, 1, 1, '20.00', 0, '20.00', '2020-12-19 14:48:07', '2020-12-19 14:48:07'),
(2042, 1659, 1, 1, '20.00', 0, '20.00', '2020-12-19 14:51:16', '2020-12-19 14:51:16'),
(2043, 1660, 1, 1, '20.00', 0, '20.00', '2020-12-19 15:13:33', '2020-12-19 15:13:33'),
(2044, 1661, 10, 1, '30.00', 0, '30.00', '2020-12-19 15:48:37', '2020-12-19 15:48:37'),
(2045, 1662, 1, 1, '20.00', 0, '20.00', '2020-12-19 15:54:19', '2020-12-19 15:54:19'),
(2046, 1663, 1, 1, '20.00', 0, '20.00', '2020-12-19 16:35:10', '2020-12-19 16:35:10'),
(2047, 1664, 1, 1, '20.00', 0, '20.00', '2020-12-19 16:43:29', '2020-12-19 16:43:29'),
(2048, 1665, 1, 1, '20.00', 0, '20.00', '2020-12-19 17:02:25', '2020-12-19 17:02:25'),
(2049, 1666, 1, 1, '20.00', 0, '20.00', '2020-12-19 17:09:01', '2020-12-19 17:09:01'),
(2050, 1667, 1, 1, '20.00', 0, '20.00', '2020-12-19 18:12:29', '2020-12-19 18:12:29'),
(2052, 1668, 1, 1, '20.00', 0, '20.00', '2020-12-19 18:49:52', '2020-12-19 18:49:52'),
(2053, 1669, 1, 1, '20.00', 0, '20.00', '2020-12-19 19:13:31', '2020-12-19 19:13:31'),
(2054, 1670, 1, 1, '20.00', 0, '20.00', '2020-12-19 19:20:23', '2020-12-19 19:20:23'),
(2055, 1671, 1, 1, '20.00', 0, '20.00', '2020-12-19 20:02:23', '2020-12-19 20:02:23'),
(2056, 1672, 1, 1, '20.00', 0, '20.00', '2020-12-19 20:13:04', '2020-12-19 20:13:04'),
(2057, 1673, 1, 1, '20.00', 0, '20.00', '2020-12-19 20:17:31', '2020-12-19 20:17:31'),
(2058, 1674, 1, 1, '20.00', 0, '20.00', '2020-12-21 11:48:15', '2020-12-21 11:48:15'),
(2059, 1675, 1, 1, '20.00', 0, '20.00', '2020-12-21 13:11:57', '2020-12-21 13:11:57'),
(2060, 1676, 1, 1, '20.00', 0, '20.00', '2020-12-21 13:21:05', '2020-12-21 13:21:05'),
(2061, 1677, 1, 1, '20.00', 0, '20.00', '2020-12-21 13:21:42', '2020-12-21 13:21:42'),
(2062, 1678, 1, 3, '20.00', 0, '60.00', '2020-12-21 19:11:35', '2020-12-21 19:11:35'),
(2063, 1678, 10, 1, '30.00', 0, '30.00', '2020-12-21 19:11:35', '2020-12-21 19:11:35'),
(2064, 1679, 1, 3, '20.00', 0, '60.00', '2020-12-21 19:13:45', '2020-12-21 19:13:45'),
(2065, 1680, 1, 1, '20.00', 0, '20.00', '2020-12-21 19:16:37', '2020-12-21 19:16:37'),
(2066, 1681, 1, 1, '20.00', 0, '20.00', '2020-12-21 19:25:30', '2020-12-21 19:25:30'),
(2067, 1682, 1, 1, '20.00', 25, '15.00', '2020-12-21 19:26:40', '2020-12-21 19:26:40'),
(2068, 1683, 1, 1, '20.00', 0, '20.00', '2020-12-21 19:31:39', '2020-12-21 19:31:39'),
(2069, 1684, 1, 1, '20.00', 0, '20.00', '2020-12-21 19:34:47', '2020-12-21 19:34:47'),
(2070, 1685, 1, 1, '20.00', 0, '20.00', '2020-12-21 20:03:38', '2020-12-21 20:03:38'),
(2071, 1686, 1, 1, '20.00', 0, '20.00', '2020-12-22 10:57:35', '2020-12-22 10:57:35'),
(2072, 1687, 1, 1, '20.00', 0, '20.00', '2020-12-22 11:31:35', '2020-12-22 11:31:35'),
(2074, 1688, 1, 1, '20.00', 0, '20.00', '2020-12-22 12:10:17', '2020-12-22 12:10:17'),
(2077, 1690, 1, 1, '20.00', 0, '20.00', '2020-12-22 12:14:03', '2020-12-22 12:14:03'),
(2078, 1689, 1, 1, '20.00', 0, '20.00', '2020-12-22 12:15:01', '2020-12-22 12:15:01'),
(2079, 1691, 1, 1, '20.00', 0, '20.00', '2020-12-22 12:29:07', '2020-12-22 12:29:07'),
(2081, 1693, 1, 1, '20.00', 0, '20.00', '2020-12-22 12:47:31', '2020-12-22 12:47:31'),
(2082, 1694, 1, 1, '20.00', 0, '20.00', '2020-12-22 14:13:06', '2020-12-22 14:13:06'),
(2083, 1695, 1, 1, '20.00', 0, '20.00', '2020-12-22 14:14:05', '2020-12-22 14:14:05'),
(2084, 1696, 1, 1, '20.00', 0, '20.00', '2020-12-22 14:50:41', '2020-12-22 14:50:41'),
(2085, 1697, 1, 1, '20.00', 0, '20.00', '2020-12-22 15:37:26', '2020-12-22 15:37:26'),
(2086, 1698, 1, 1, '20.00', 0, '20.00', '2020-12-22 16:00:17', '2020-12-22 16:00:17'),
(2087, 1699, 1, 1, '20.00', 0, '20.00', '2020-12-22 16:18:14', '2020-12-22 16:18:14'),
(2088, 1700, 1, 1, '20.00', 0, '20.00', '2020-12-22 16:53:07', '2020-12-22 16:53:07'),
(2089, 1701, 1, 1, '20.00', 0, '20.00', '2020-12-22 16:57:36', '2020-12-22 16:57:36'),
(2090, 1702, 1, 1, '20.00', 0, '20.00', '2020-12-22 17:18:59', '2020-12-22 17:18:59'),
(2091, 1703, 1, 1, '20.00', 0, '20.00', '2020-12-22 17:54:28', '2020-12-22 17:54:28'),
(2092, 1704, 1, 1, '20.00', 0, '20.00', '2020-12-22 18:26:41', '2020-12-22 18:26:41'),
(2093, 1705, 1, 1, '20.00', 0, '20.00', '2020-12-22 19:01:30', '2020-12-22 19:01:30'),
(2094, 1706, 1, 1, '20.00', 0, '20.00', '2020-12-22 19:08:10', '2020-12-22 19:08:10'),
(2095, 1707, 1, 1, '20.00', 0, '20.00', '2020-12-22 19:24:00', '2020-12-22 19:24:00'),
(2096, 1708, 1, 1, '20.00', 0, '20.00', '2020-12-22 19:31:40', '2020-12-22 19:31:40'),
(2097, 1709, 1, 1, '20.00', 0, '20.00', '2020-12-22 19:51:41', '2020-12-22 19:51:41'),
(2100, 1712, 1, 1, '20.00', 0, '20.00', '2020-12-23 11:04:33', '2020-12-23 11:04:33'),
(2101, 1713, 1, 1, '20.00', 0, '20.00', '2020-12-23 11:50:27', '2020-12-23 11:50:27'),
(2102, 1714, 1, 1, '20.00', 0, '20.00', '2020-12-23 11:58:40', '2020-12-23 11:58:40'),
(2103, 1715, 1, 1, '20.00', 0, '20.00', '2020-12-23 11:59:41', '2020-12-23 11:59:41'),
(2104, 1716, 1, 1, '20.00', 0, '20.00', '2020-12-23 12:35:14', '2020-12-23 12:35:14'),
(2105, 1717, 1, 1, '20.00', 0, '20.00', '2020-12-23 12:38:18', '2020-12-23 12:38:18'),
(2106, 1718, 1, 1, '20.00', 0, '20.00', '2020-12-23 12:58:48', '2020-12-23 12:58:48'),
(2108, 1720, 1, 1, '20.00', 0, '20.00', '2020-12-23 13:20:54', '2020-12-23 13:20:54'),
(2109, 1721, 1, 1, '20.00', 0, '20.00', '2020-12-23 13:21:41', '2020-12-23 13:21:41'),
(2110, 1722, 1, 1, '20.00', 0, '20.00', '2020-12-23 14:14:49', '2020-12-23 14:14:49'),
(2111, 1723, 1, 1, '20.00', 0, '20.00', '2020-12-23 14:25:10', '2020-12-23 14:25:10'),
(2112, 1724, 1, 1, '20.00', 0, '20.00', '2020-12-23 14:27:11', '2020-12-23 14:27:11'),
(2113, 1725, 1, 1, '20.00', 0, '20.00', '2020-12-23 14:36:37', '2020-12-23 14:36:37'),
(2114, 1710, 1, 1, '20.00', 0, '20.00', '2020-12-23 16:48:35', '2020-12-23 16:48:35'),
(2115, 1726, 1, 1, '20.00', 0, '20.00', '2020-12-23 16:50:54', '2020-12-23 16:50:54'),
(2118, 1729, 1, 1, '20.00', 0, '20.00', '2020-12-23 17:00:59', '2020-12-23 17:00:59'),
(2119, 1730, 7, 1, '35.00', 0, '35.00', '2020-12-23 17:10:36', '2020-12-23 17:10:36'),
(2120, 1731, 1, 1, '20.00', 0, '20.00', '2020-12-23 17:13:10', '2020-12-23 17:13:10'),
(2121, 1732, 1, 1, '20.00', 0, '20.00', '2020-12-23 17:22:32', '2020-12-23 17:22:32'),
(2122, 1733, 1, 1, '20.00', 0, '20.00', '2020-12-23 17:35:02', '2020-12-23 17:35:02'),
(2124, 1734, 1, 1, '20.00', 0, '20.00', '2020-12-23 17:41:14', '2020-12-23 17:41:14'),
(2127, 1737, 1, 1, '20.00', 0, '20.00', '2020-12-23 18:02:06', '2020-12-23 18:02:06'),
(2128, 1735, 1, 1, '20.00', 0, '20.00', '2020-12-23 18:03:22', '2020-12-23 18:03:22'),
(2129, 1736, 1, 1, '20.00', 0, '20.00', '2020-12-23 18:05:53', '2020-12-23 18:05:53'),
(2130, 1728, 1, 1, '20.00', 0, '20.00', '2020-12-23 18:48:25', '2020-12-23 18:48:25'),
(2131, 1727, 1, 1, '20.00', 0, '20.00', '2020-12-23 19:18:01', '2020-12-23 19:18:01'),
(2132, 1738, 1, 1, '20.00', 0, '20.00', '2020-12-23 19:18:42', '2020-12-23 19:18:42'),
(2133, 1739, 1, 1, '20.00', 0, '20.00', '2020-12-23 19:21:25', '2020-12-23 19:21:25'),
(2134, 1711, 10, 1, '30.00', 0, '30.00', '2020-12-23 19:43:59', '2020-12-23 19:43:59'),
(2135, 1740, 1, 1, '20.00', 0, '20.00', '2020-12-23 20:05:02', '2020-12-23 20:05:02'),
(2136, 1741, 10, 1, '30.00', 0, '30.00', '2020-12-23 20:28:00', '2020-12-23 20:28:00'),
(2137, 1742, 1, 1, '20.00', 0, '20.00', '2020-12-23 20:35:26', '2020-12-23 20:35:26'),
(2138, 1743, 1, 1, '20.00', 0, '20.00', '2020-12-24 11:41:02', '2020-12-24 11:41:02'),
(2139, 1744, 1, 1, '20.00', 0, '20.00', '2020-12-24 11:44:42', '2020-12-24 11:44:42'),
(2141, 1745, 1, 1, '20.00', 0, '20.00', '2020-12-24 12:12:40', '2020-12-24 12:12:40'),
(2142, 1746, 1, 1, '20.00', 0, '20.00', '2020-12-24 12:13:49', '2020-12-24 12:13:49'),
(2143, 1747, 1, 1, '20.00', 0, '20.00', '2020-12-24 12:49:13', '2020-12-24 12:49:13'),
(2145, 1748, 1, 1, '20.00', 0, '20.00', '2020-12-24 12:51:07', '2020-12-24 12:51:07'),
(2146, 1749, 1, 1, '20.00', 0, '20.00', '2020-12-24 12:56:36', '2020-12-24 12:56:36'),
(2147, 1750, 1, 1, '20.00', 0, '20.00', '2020-12-24 13:05:28', '2020-12-24 13:05:28'),
(2148, 1751, 1, 1, '20.00', 0, '20.00', '2020-12-24 13:17:32', '2020-12-24 13:17:32'),
(2149, 1752, 1, 1, '20.00', 0, '20.00', '2020-12-24 13:28:59', '2020-12-24 13:28:59'),
(2150, 1753, 1, 1, '20.00', 0, '20.00', '2020-12-24 13:31:50', '2020-12-24 13:31:50'),
(2151, 1754, 1, 1, '20.00', 0, '20.00', '2020-12-24 13:33:08', '2020-12-24 13:33:08'),
(2152, 1755, 1, 1, '20.00', 0, '20.00', '2020-12-24 13:36:34', '2020-12-24 13:36:34'),
(2153, 1756, 1, 1, '20.00', 0, '20.00', '2020-12-24 14:58:11', '2020-12-24 14:58:11'),
(2154, 1757, 1, 1, '20.00', 0, '20.00', '2020-12-24 15:14:10', '2020-12-24 15:14:10'),
(2155, 1758, 1, 1, '20.00', 0, '20.00', '2020-12-24 15:15:43', '2020-12-24 15:15:43'),
(2156, 1759, 1, 1, '20.00', 0, '20.00', '2020-12-24 15:17:56', '2020-12-24 15:17:56'),
(2157, 1760, 1, 1, '20.00', 0, '20.00', '2020-12-24 15:57:05', '2020-12-24 15:57:05'),
(2158, 1761, 1, 1, '20.00', 0, '20.00', '2020-12-24 15:59:26', '2020-12-24 15:59:26'),
(2159, 1762, 1, 1, '20.00', 0, '20.00', '2020-12-24 16:52:28', '2020-12-24 16:52:28'),
(2160, 1763, 1, 1, '20.00', 0, '20.00', '2020-12-24 17:03:27', '2020-12-24 17:03:27'),
(2161, 1764, 1, 1, '20.00', 0, '20.00', '2020-12-24 17:12:05', '2020-12-24 17:12:05'),
(2162, 1765, 1, 1, '20.00', 0, '20.00', '2020-12-24 17:14:38', '2020-12-24 17:14:38'),
(2163, 1766, 1, 1, '20.00', 0, '20.00', '2020-12-24 17:17:55', '2020-12-24 17:17:55'),
(2164, 1767, 1, 1, '20.00', 0, '20.00', '2020-12-24 17:19:43', '2020-12-24 17:19:43'),
(2165, 1768, 1, 1, '20.00', 25, '15.00', '2020-12-24 17:22:37', '2020-12-24 17:22:37'),
(2166, 1769, 1, 1, '20.00', 0, '20.00', '2020-12-24 17:31:34', '2020-12-24 17:31:34'),
(2167, 1770, 1, 1, '20.00', 0, '20.00', '2020-12-24 17:56:45', '2020-12-24 17:56:45'),
(2169, 1772, 1, 1, '20.00', 25, '15.00', '2020-12-26 11:19:55', '2020-12-26 11:19:55'),
(2170, 1773, 1, 1, '20.00', 0, '20.00', '2020-12-26 12:09:37', '2020-12-26 12:09:37'),
(2171, 1771, 1, 1, '20.00', 0, '20.00', '2020-12-26 12:10:01', '2020-12-26 12:10:01'),
(2172, 1774, 1, 1, '20.00', 0, '20.00', '2020-12-26 12:46:47', '2020-12-26 12:46:47'),
(2173, 1775, 1, 1, '20.00', 0, '20.00', '2020-12-26 12:55:02', '2020-12-26 12:55:02'),
(2174, 1776, 1, 1, '20.00', 0, '20.00', '2020-12-26 14:57:23', '2020-12-26 14:57:23'),
(2175, 1777, 1, 1, '20.00', 0, '20.00', '2020-12-26 14:58:23', '2020-12-26 14:58:23'),
(2176, 1778, 1, 1, '20.00', 0, '20.00', '2020-12-26 15:13:10', '2020-12-26 15:13:10'),
(2177, 1779, 1, 1, '20.00', 0, '20.00', '2020-12-26 15:14:08', '2020-12-26 15:14:08'),
(2178, 1780, 1, 1, '20.00', 0, '20.00', '2020-12-26 15:14:43', '2020-12-26 15:14:43'),
(2179, 1781, 1, 1, '20.00', 0, '20.00', '2020-12-26 16:07:54', '2020-12-26 16:07:54'),
(2180, 1782, 1, 1, '20.00', 0, '20.00', '2020-12-26 16:50:20', '2020-12-26 16:50:20'),
(2181, 1783, 1, 1, '20.00', 0, '20.00', '2020-12-26 17:08:28', '2020-12-26 17:08:28'),
(2182, 1784, 1, 1, '20.00', 0, '20.00', '2020-12-26 17:39:34', '2020-12-26 17:39:34'),
(2183, 1785, 7, 1, '35.00', 0, '35.00', '2020-12-26 17:56:28', '2020-12-26 17:56:28'),
(2184, 1786, 1, 1, '20.00', 0, '20.00', '2020-12-26 18:25:26', '2020-12-26 18:25:26'),
(2185, 1787, 1, 1, '20.00', 0, '20.00', '2020-12-26 19:01:27', '2020-12-26 19:01:27'),
(2187, 1788, 1, 1, '20.00', 0, '20.00', '2020-12-26 19:31:38', '2020-12-26 19:31:38'),
(2188, 1789, 1, 1, '20.00', 0, '20.00', '2020-12-26 19:59:44', '2020-12-26 19:59:44'),
(2189, 1790, 10, 1, '30.00', 0, '30.00', '2020-12-26 20:06:23', '2020-12-26 20:06:23'),
(2190, 1791, 1, 1, '20.00', 0, '20.00', '2020-12-28 11:54:48', '2020-12-28 11:54:48'),
(2192, 1792, 1, 1, '20.00', 0, '20.00', '2020-12-28 12:45:06', '2020-12-28 12:45:06'),
(2193, 1793, 1, 1, '20.00', 0, '20.00', '2020-12-28 12:50:07', '2020-12-28 12:50:07'),
(2194, 1794, 7, 1, '35.00', 0, '35.00', '2020-12-28 15:03:32', '2020-12-28 15:03:32'),
(2195, 1795, 3, 1, '15.00', 0, '15.00', '2020-12-28 16:27:48', '2020-12-28 16:27:48'),
(2196, 1795, 7, 1, '35.00', 0, '35.00', '2020-12-28 16:27:48', '2020-12-28 16:27:48'),
(2197, 1796, 1, 1, '20.00', 0, '20.00', '2020-12-28 16:33:40', '2020-12-28 16:33:40'),
(2198, 1797, 1, 1, '20.00', 0, '20.00', '2020-12-28 16:57:12', '2020-12-28 16:57:12'),
(2199, 1798, 1, 1, '20.00', 0, '20.00', '2020-12-28 17:23:16', '2020-12-28 17:23:16'),
(2200, 1799, 1, 1, '20.00', 0, '20.00', '2020-12-28 17:46:44', '2020-12-28 17:46:44'),
(2201, 1800, 1, 1, '20.00', 0, '20.00', '2020-12-28 18:00:20', '2020-12-28 18:00:20'),
(2202, 1801, 1, 1, '20.00', 0, '20.00', '2020-12-28 18:38:34', '2020-12-28 18:38:34'),
(2203, 1802, 1, 1, '20.00', 0, '20.00', '2020-12-28 18:50:15', '2020-12-28 18:50:15'),
(2204, 1803, 1, 1, '20.00', 0, '20.00', '2020-12-28 19:12:21', '2020-12-28 19:12:21'),
(2205, 1804, 1, 1, '20.00', 0, '20.00', '2020-12-28 19:39:25', '2020-12-28 19:39:25'),
(2207, 1806, 1, 1, '20.00', 0, '20.00', '2020-12-28 20:08:40', '2020-12-28 20:08:40'),
(2208, 1807, 1, 1, '20.00', 0, '20.00', '2020-12-28 20:09:15', '2020-12-28 20:09:15'),
(2210, 1808, 1, 1, '20.00', 0, '20.00', '2020-12-29 12:29:26', '2020-12-29 12:29:26'),
(2212, 1805, 1, 1, '20.00', 0, '20.00', '2020-12-29 15:15:00', '2020-12-29 15:15:00'),
(2213, 1809, 1, 1, '20.00', 0, '20.00', '2020-12-29 17:31:18', '2020-12-29 17:31:18'),
(2214, 1810, 1, 1, '20.00', 0, '20.00', '2020-12-29 17:32:49', '2020-12-29 17:32:49');
INSERT INTO `citas_detalles` (`id`, `cita`, `servicio`, `cantidad`, `precio`, `descuento`, `importe`, `created_at`, `updated_at`) VALUES
(2215, 1811, 1, 1, '20.00', 0, '20.00', '2020-12-29 17:56:29', '2020-12-29 17:56:29'),
(2216, 1812, 1, 1, '20.00', 0, '20.00', '2020-12-29 18:21:02', '2020-12-29 18:21:02'),
(2217, 1813, 1, 1, '20.00', 0, '20.00', '2020-12-29 18:26:10', '2020-12-29 18:26:10'),
(2218, 1814, 1, 1, '20.00', 0, '20.00', '2020-12-29 18:28:28', '2020-12-29 18:28:28'),
(2219, 1815, 1, 1, '20.00', 0, '20.00', '2020-12-29 18:58:49', '2020-12-29 18:58:49'),
(2220, 1816, 1, 1, '20.00', 0, '20.00', '2020-12-29 19:13:29', '2020-12-29 19:13:29'),
(2221, 1817, 1, 1, '20.00', 0, '20.00', '2020-12-29 19:14:40', '2020-12-29 19:14:40'),
(2222, 1818, 1, 1, '20.00', 0, '20.00', '2020-12-29 19:30:27', '2020-12-29 19:30:27'),
(2223, 1819, 1, 1, '20.00', 0, '20.00', '2020-12-29 19:33:06', '2020-12-29 19:33:06'),
(2224, 1820, 1, 1, '20.00', 0, '20.00', '2020-12-29 19:36:27', '2020-12-29 19:36:27'),
(2225, 1821, 1, 1, '20.00', 0, '20.00', '2020-12-29 20:03:18', '2020-12-29 20:03:18'),
(2226, 1822, 1, 1, '20.00', 0, '20.00', '2020-12-29 20:06:55', '2020-12-29 20:06:55'),
(2227, 1823, 1, 1, '20.00', 0, '20.00', '2020-12-29 20:14:11', '2020-12-29 20:14:11'),
(2228, 1824, 1, 1, '20.00', 0, '20.00', '2020-12-29 20:16:44', '2020-12-29 20:16:44'),
(2230, 1826, 1, 1, '20.00', 0, '20.00', '2020-12-30 11:37:30', '2020-12-30 11:37:30'),
(2232, 1827, 10, 1, '30.00', 0, '30.00', '2020-12-30 12:08:39', '2020-12-30 12:08:39'),
(2233, 1828, 1, 1, '20.00', 0, '20.00', '2020-12-30 12:45:54', '2020-12-30 12:45:54'),
(2234, 1829, 1, 1, '20.00', 0, '20.00', '2020-12-30 13:02:25', '2020-12-30 13:02:25'),
(2236, 1830, 1, 1, '20.00', 0, '20.00', '2020-12-30 13:06:44', '2020-12-30 13:06:44'),
(2237, 1831, 1, 1, '20.00', 0, '20.00', '2020-12-30 15:50:09', '2020-12-30 15:50:09'),
(2238, 1832, 1, 1, '20.00', 0, '20.00', '2020-12-30 15:52:53', '2020-12-30 15:52:53'),
(2239, 1833, 1, 1, '20.00', 0, '20.00', '2020-12-30 15:55:29', '2020-12-30 15:55:29'),
(2241, 1834, 1, 1, '20.00', 0, '20.00', '2020-12-30 16:00:05', '2020-12-30 16:00:05'),
(2245, 1836, 1, 1, '20.00', 0, '20.00', '2020-12-30 16:36:08', '2020-12-30 16:36:08'),
(2246, 1825, 7, 1, '35.00', 0, '35.00', '2020-12-30 17:07:47', '2020-12-30 17:07:47'),
(2247, 1837, 1, 1, '20.00', 0, '20.00', '2020-12-30 17:30:39', '2020-12-30 17:30:39'),
(2248, 1838, 1, 1, '20.00', 0, '20.00', '2020-12-30 17:33:41', '2020-12-30 17:33:41'),
(2249, 1839, 1, 1, '20.00', 0, '20.00', '2020-12-30 17:35:51', '2020-12-30 17:35:51'),
(2250, 1840, 1, 1, '20.00', 0, '20.00', '2020-12-30 18:02:20', '2020-12-30 18:02:20'),
(2251, 1841, 1, 1, '20.00', 0, '20.00', '2020-12-30 18:05:55', '2020-12-30 18:05:55'),
(2255, 1844, 1, 1, '20.00', 0, '20.00', '2020-12-30 18:26:26', '2020-12-30 18:26:26'),
(2256, 1845, 1, 1, '20.00', 0, '20.00', '2020-12-30 18:27:11', '2020-12-30 18:27:11'),
(2257, 1846, 1, 1, '20.00', 0, '20.00', '2020-12-30 18:28:00', '2020-12-30 18:28:00'),
(2258, 1835, 10, 1, '30.00', 0, '30.00', '2020-12-30 18:40:34', '2020-12-30 18:40:34'),
(2259, 1847, 1, 1, '20.00', 0, '20.00', '2020-12-30 19:08:14', '2020-12-30 19:08:14'),
(2260, 1848, 1, 1, '20.00', 0, '20.00', '2020-12-30 19:14:01', '2020-12-30 19:14:01'),
(2262, 1850, 1, 1, '20.00', 0, '20.00', '2020-12-30 19:40:50', '2020-12-30 19:40:50'),
(2263, 1851, 1, 1, '20.00', 0, '20.00', '2020-12-30 19:51:41', '2020-12-30 19:51:41'),
(2264, 1852, 1, 1, '20.00', 0, '20.00', '2020-12-30 20:00:50', '2020-12-30 20:00:50'),
(2265, 1849, 1, 1, '20.00', 0, '20.00', '2020-12-31 10:31:24', '2020-12-31 10:31:24'),
(2266, 1853, 1, 1, '20.00', 0, '20.00', '2020-12-31 11:25:12', '2020-12-31 11:25:12'),
(2267, 1854, 1, 1, '20.00', 0, '20.00', '2020-12-31 11:27:45', '2020-12-31 11:27:45'),
(2268, 1842, 1, 1, '20.00', 0, '20.00', '2020-12-31 11:28:32', '2020-12-31 11:28:32'),
(2269, 1855, 1, 1, '20.00', 0, '20.00', '2020-12-31 11:42:45', '2020-12-31 11:42:45'),
(2270, 1856, 1, 1, '20.00', 0, '20.00', '2020-12-31 11:50:46', '2020-12-31 11:50:46'),
(2271, 1843, 1, 1, '20.00', 0, '20.00', '2020-12-31 12:17:03', '2020-12-31 12:17:03'),
(2272, 1857, 1, 1, '20.00', 0, '20.00', '2020-12-31 12:30:48', '2020-12-31 12:30:48'),
(2273, 1858, 1, 1, '20.00', 0, '20.00', '2020-12-31 12:39:55', '2020-12-31 12:39:55'),
(2274, 1859, 1, 1, '20.00', 0, '20.00', '2020-12-31 12:46:24', '2020-12-31 12:46:24'),
(2275, 1860, 1, 1, '20.00', 0, '20.00', '2020-12-31 12:59:02', '2020-12-31 12:59:02'),
(2276, 1861, 1, 1, '20.00', 0, '20.00', '2020-12-31 13:08:51', '2020-12-31 13:08:51'),
(2277, 1862, 1, 1, '20.00', 0, '20.00', '2020-12-31 15:15:26', '2020-12-31 15:15:26'),
(2278, 1863, 1, 1, '20.00', 0, '20.00', '2020-12-31 15:16:50', '2020-12-31 15:16:50'),
(2279, 1864, 7, 1, '35.00', 0, '35.00', '2020-12-31 15:17:53', '2020-12-31 15:17:53'),
(2280, 1865, 1, 1, '20.00', 0, '20.00', '2020-12-31 15:18:43', '2020-12-31 15:18:43'),
(2282, 1867, 1, 1, '20.00', 0, '20.00', '2020-12-31 15:26:28', '2020-12-31 15:26:28'),
(2284, 1868, 1, 1, '20.00', 0, '20.00', '2020-12-31 15:48:47', '2020-12-31 15:48:47'),
(2285, 1869, 7, 1, '35.00', 0, '35.00', '2020-12-31 15:50:27', '2020-12-31 15:50:27'),
(2286, 1870, 1, 1, '20.00', 0, '20.00', '2020-12-31 15:54:44', '2020-12-31 15:54:44'),
(2287, 1866, 7, 1, '35.00', 0, '35.00', '2020-12-31 15:58:08', '2020-12-31 15:58:08'),
(2288, 1871, 1, 1, '20.00', 0, '20.00', '2020-12-31 17:10:24', '2020-12-31 17:10:24'),
(2289, 1872, 1, 1, '20.00', 0, '20.00', '2020-12-31 17:41:18', '2020-12-31 17:41:18'),
(2290, 1873, 1, 1, '20.00', 0, '20.00', '2020-12-31 18:10:59', '2020-12-31 18:10:59'),
(2291, 1874, 1, 1, '20.00', 0, '20.00', '2020-12-31 18:13:27', '2020-12-31 18:13:27'),
(2292, 1875, 1, 1, '20.00', 0, '20.00', '2020-12-31 18:19:59', '2020-12-31 18:19:59'),
(2293, 1876, 1, 1, '20.00', 0, '20.00', '2020-12-31 19:45:33', '2020-12-31 19:45:33'),
(2294, 1877, 1, 1, '20.00', 0, '20.00', '2020-12-31 19:55:06', '2020-12-31 19:55:06'),
(2295, 1878, 7, 1, '35.00', 0, '35.00', '2020-12-31 20:05:11', '2020-12-31 20:05:11'),
(2296, 1879, 1, 1, '20.00', 0, '20.00', '2021-01-02 11:25:14', '2021-01-02 11:25:14'),
(2297, 1880, 1, 1, '20.00', 0, '20.00', '2021-01-02 11:26:13', '2021-01-02 11:26:13'),
(2298, 1881, 10, 1, '30.00', 0, '30.00', '2021-01-02 11:26:44', '2021-01-02 11:26:44'),
(2299, 1882, 10, 1, '30.00', 0, '30.00', '2021-01-02 11:28:21', '2021-01-02 11:28:21'),
(2300, 1883, 1, 1, '20.00', 0, '20.00', '2021-01-02 11:29:15', '2021-01-02 11:29:15'),
(2301, 1884, 1, 1, '20.00', 25, '15.00', '2021-01-02 11:31:53', '2021-01-02 11:31:53'),
(2302, 1885, 1, 1, '20.00', 0, '20.00', '2021-01-02 11:32:20', '2021-01-02 11:32:20'),
(2303, 1886, 1, 1, '20.00', 0, '20.00', '2021-01-02 11:47:21', '2021-01-02 11:47:21'),
(2305, 1887, 1, 1, '20.00', 0, '20.00', '2021-01-02 12:28:54', '2021-01-02 12:28:54'),
(2306, 1888, 1, 1, '20.00', 0, '20.00', '2021-01-02 13:04:03', '2021-01-02 13:04:03'),
(2307, 1889, 1, 1, '20.00', 0, '20.00', '2021-01-02 13:05:53', '2021-01-02 13:05:53'),
(2308, 1890, 1, 1, '20.00', 0, '20.00', '2021-01-02 15:25:11', '2021-01-02 15:25:11');

-- --------------------------------------------------------

--
-- Estructura de tabla para la tabla `clientes`
--

DROP TABLE IF EXISTS `clientes`;
CREATE TABLE IF NOT EXISTS `clientes` (
  `id` int(11) NOT NULL AUTO_INCREMENT,
  `nombres` varchar(50) DEFAULT NULL,
  `apellidos` varchar(50) DEFAULT NULL,
  `num_doc` varchar(15) DEFAULT NULL,
  `tipo_doc` varchar(30) DEFAULT NULL,
  `telefono` varchar(20) DEFAULT NULL,
  `fecha_nac` date DEFAULT NULL,
  `direccion` varchar(50) DEFAULT NULL,
  `correo` varchar(50) DEFAULT NULL,
  `descripcion` text DEFAULT NULL,
  `activo` tinyint(1) DEFAULT NULL,
  `created_at` datetime DEFAULT NULL,
  `updated_at` datetime DEFAULT NULL,
  PRIMARY KEY (`id`)
) ENGINE=InnoDB AUTO_INCREMENT=889 DEFAULT CHARSET=utf8;

--
-- Volcado de datos para la tabla `clientes`
--

INSERT INTO `clientes` (`id`, `nombres`, `apellidos`, `num_doc`, `tipo_doc`, `telefono`, `fecha_nac`, `direccion`, `correo`, `descripcion`, `activo`, `created_at`, `updated_at`) VALUES
(1, 'CLIENTES', 'VARIOS', '11111111', 'DNI', '993277619', '2020-07-15', 'ECHENIQUE 552', 'CLIENTESVARIOS@GMAIL.COM', 'MISMA BARBERIA', 1, '2020-07-15 11:33:02', '2020-07-15 11:33:02'),
(4, 'AMILCAR JEFFERSON', 'INGA SALAZAR', '40632484', 'DNI', '965982425', '2019-09-03', 'AV. MARISCAL CÁCERES #820', 'INGAMILCAR@GMAIL.COM', 'ANUNCIO EN REDES U OTROS MEDIOS', 1, '2020-06-30 20:13:23', '2020-09-02 09:33:11'),
(6, 'CALEB ANDRE', 'INGA RONDONA', '62619545', 'DNI', '993277619', '2010-06-23', 'AV. MARISCAL CACERES 820', 'CALEBINGA@GMAIL.COM', 'ANUNCIO EN REDES U OTROS MEDIOS', 1, '2020-07-11 10:05:10', '2020-09-02 09:56:41'),
(7, 'PEPE', 'FLORES', '14115212', 'DNI', '993277619', '2020-07-11', 'AV. MARISCAL CACERES 820', 'A', 'ANUNCIO EN REDES U OTROS MEDIOS', 1, '2020-07-11 11:09:23', '2020-07-11 11:09:23'),
(9, 'CLARK', 'GARCIA', '44741455', 'DNI', '5555555', '2020-07-15', 'CALLE CALVO DE ARAUJO', 'CLARK@GMAIL.COM', 'ANUNCIO EN REDES U OTROS MEDIOS', 1, '2020-07-15 11:45:36', '2020-07-15 11:45:36'),
(11, 'CRIS MAIKEL', 'TANCHIVA VELA', '70103491', 'DNI', '948935750', '2020-08-03', 'AVENIDA GRAU 1682', NULL, 'RECOMENDACION DE TERCEROS', 1, '2020-08-03 10:42:44', '2020-08-03 10:42:44'),
(12, 'NICOL EDUARDO', 'MORY RUBIO', '40664919', 'DNI', '910355958', '2020-08-03', NULL, NULL, 'RECOMENDACION DE TERCEROS', 1, '2020-08-03 11:04:42', '2020-08-03 11:04:42'),
(13, 'RIDER MARTIN', 'FLORES DE LA CRUZ', '46245680', 'DNI', '954109232', '1990-08-03', NULL, NULL, 'RECOMENDACION DE TERCEROS', 1, '2020-08-03 11:55:45', '2020-08-03 11:55:45'),
(14, 'EDWAR', 'PINEDA', '00000000', 'DNI', '916956344', '2004-07-09', NULL, NULL, 'RECOMENDACION DE TERCEROS', 1, '2020-08-03 14:56:45', '2020-08-03 14:56:45'),
(15, 'RENE ISAIAS', 'LANDINEZ SANCHEZ', '127719797', 'CE', '979955340', '2015-02-24', 'ECHENIQUE 281', 'HARESARA17@GMAIL.COM', 'RECOMENDACION DE TERCEROS', 1, '2020-08-03 15:25:06', '2020-08-03 15:25:06'),
(16, 'GIN', 'DAVILA RUIZ', '72131079', 'DNI', '988718587', '2020-08-03', NULL, NULL, 'RECOMENDACION DE TERCEROS', 1, '2020-08-03 15:35:54', '2020-08-03 15:35:54'),
(17, 'JOSE', 'GARAY', '00000000', 'DNI', '00000000', '2020-08-03', NULL, NULL, 'DE PASO POR EL LUGAR', 1, '2020-08-03 16:09:33', '2020-08-03 16:09:33'),
(18, 'JEAN', 'MAUTINO', '47808634', 'DNI', '921489512', '2020-08-03', NULL, NULL, 'RECOMENDACION DE TERCEROS', 1, '2020-08-03 16:48:07', '2020-08-03 16:48:07'),
(19, 'FERNANDO', 'FORTES', '05374440', 'DNI', '922486186', '1961-11-29', NULL, NULL, 'RECOMENDACION DE TERCEROS', 1, '2020-08-03 17:10:21', '2020-08-03 17:10:21'),
(20, 'JORDAN', 'LOPEZ', '70492779', 'DNI', '940024558', '1993-11-04', NULL, NULL, 'RECOMENDACION DE TERCEROS', 1, '2020-08-03 17:52:01', '2020-08-03 17:52:01'),
(21, 'ANTHUANE', 'VENAVIDEZ URRUTIA', '76411074', 'DNI', '952064390', '2018-08-05', NULL, NULL, 'DE PASO POR EL LUGAR', 1, '2020-08-03 18:11:26', '2020-08-03 18:11:26'),
(22, 'CRISTIAN', 'VEGA VEGA', '71057182', 'DNI', '976934248', '2020-08-03', NULL, NULL, 'RECOMENDACION DE TERCEROS', 1, '2020-08-03 18:13:31', '2020-08-03 18:13:31'),
(23, 'ISAAC', 'LOPEZ ROJAS', '48048504', 'DNI', '962513210', '1992-12-21', NULL, NULL, 'RECOMENDACION DE TERCEROS', 1, '2020-08-03 18:34:18', '2020-08-03 18:34:18'),
(24, 'REYNER JAIR', 'VASQUEZ AGUILAR', '70942345', 'DNI', '965925312', '1991-07-15', NULL, NULL, 'RECOMENDACION DE TERCEROS', 1, '2020-08-03 18:37:46', '2020-10-19 17:46:05'),
(25, 'JESE', 'LOPEZ DIAZ', '71255264', 'DNI', '927766427', '2020-08-03', NULL, NULL, 'RECOMENDACION DE TERCEROS', 1, '2020-08-03 18:53:21', '2020-08-03 18:53:21'),
(26, 'CARLOS', 'GARCIA', '05342316', 'DNI', '932064597', '2020-08-03', NULL, NULL, 'RECOMENDACION DE TERCEROS', 1, '2020-08-03 18:55:06', '2020-08-03 18:55:06'),
(27, 'JORGE', 'CALLE HIDALGO', '78982646', 'DNI', '966883355', '2015-06-02', NULL, NULL, 'RECOMENDACION DE TERCEROS', 1, '2020-08-04 10:43:09', '2020-08-04 10:43:09'),
(28, 'SANDRO', 'FASABI', '76065363', 'DNI', '975330122', '2002-08-02', NULL, NULL, 'RECOMENDACION DE TERCEROS', 1, '2020-08-04 12:41:27', '2020-08-04 12:41:27'),
(29, 'LUIS', 'VALVERDE', '00000000', 'DNI', '984490824', '2006-01-26', NULL, NULL, 'RECOMENDACION DE TERCEROS', 1, '2020-08-04 12:42:30', '2020-08-04 12:42:30'),
(30, 'LEONCIO', 'ATALAYA', '00000000', 'DNI', '973547105', '2020-08-04', NULL, NULL, 'RECOMENDACION DE TERCEROS', 1, '2020-08-04 13:04:27', '2020-08-04 13:04:27'),
(31, 'ALEJANDRO', 'TREJO LOPEZ', '70641314', 'DNI', '929361194', '2007-03-04', NULL, NULL, 'RECOMENDACION DE TERCEROS', 1, '2020-08-04 13:06:44', '2020-08-04 13:06:44'),
(32, 'STALIN MAX', 'PANDURO FERNANDEZ', '71019226', 'DNI', '00000000', '1991-07-13', 'CALLE TAVARA 858', NULL, 'RECOMENDACION DE TERCEROS', 1, '2020-08-04 15:16:51', '2020-08-04 15:16:51'),
(33, 'CRISTIAN', 'SANCHEZ', '70810179', 'DNI', '910933221', '2020-08-04', NULL, NULL, 'RECOMENDACION DE TERCEROS', 1, '2020-08-04 16:06:24', '2020-08-04 16:06:24'),
(34, 'BRAYAN', 'SARMIENTO', '00000000', 'DNI', '991421973', '2020-08-04', NULL, NULL, 'RECOMENDACION DE TERCEROS', 1, '2020-08-04 16:20:54', '2020-08-04 16:20:54'),
(35, 'FRANK SYLLVESTER', 'SANCHEZ MOZOMBITE', '70762671', 'DNI', '950684297', '2020-08-04', 'JR. NAUTA 962', NULL, 'RECOMENDACION DE TERCEROS', 1, '2020-08-04 16:41:03', '2020-08-04 16:41:03'),
(36, 'CRISTIAN', 'CASTRO', '60591859', 'DNI', '00000000', '1994-10-01', NULL, NULL, 'RECOMENDACION DE TERCEROS', 1, '2020-08-04 16:54:26', '2020-08-04 16:54:26'),
(37, 'MARIO', 'URIBE', '477994557', 'DNI', '00000000', '1992-08-25', NULL, NULL, 'RECOMENDACION DE TERCEROS', 1, '2020-08-04 17:03:49', '2020-08-04 17:03:49'),
(38, 'MATEO', 'RIOS RENGIFO', '00000000', 'DNI', '965638196', '2020-08-04', NULL, NULL, 'RECOMENDACION DE TERCEROS', 1, '2020-08-04 17:22:26', '2020-08-04 17:22:26'),
(39, 'RODRIGO', 'RIOS RENGIFO', '00000000', 'DNI', '965638196', '2020-08-04', NULL, NULL, 'RECOMENDACION DE TERCEROS', 1, '2020-08-04 17:23:22', '2020-08-04 17:23:22'),
(40, 'CARLOS', 'RIOS', '00000000', 'DNI', '965638196', '2020-08-04', NULL, NULL, 'RECOMENDACION DE TERCEROS', 1, '2020-08-04 18:09:37', '2020-08-04 18:09:37'),
(41, 'LUIS', 'CARRILLO', '42135110', 'DNI', '956231451', '1983-10-23', NULL, NULL, 'RECOMENDACION DE TERCEROS', 1, '2020-08-04 19:03:20', '2020-08-19 11:38:51'),
(42, 'BRAYAN', 'ALBAN', '47863544', 'DNI', '942884182', '2020-08-04', NULL, NULL, 'RECOMENDACION DE TERCEROS', 1, '2020-08-04 19:24:21', '2020-08-04 19:24:21'),
(43, 'JAVIER', 'DIAZ', '00000000', 'DNI', '965020359', '2020-08-05', NULL, NULL, 'RECOMENDACION DE TERCEROS', 1, '2020-08-05 10:42:51', '2020-08-05 10:42:51'),
(44, 'LELIS ANTONY', 'SARAVIA LLAJA', '71235985', 'DNI', '973810149', '2020-08-05', 'CALLE FERNANDO LORES MZ. G LT 05', NULL, 'PASO POR EL LUGAR', 1, '2020-08-05 15:50:42', '2020-08-05 15:50:42'),
(45, 'MAX PETTER', 'CALDERON PIZARRO', '73470437', 'DNI', '944859962', '1995-01-04', 'JR REPUBLICA de SAN SALVADOR 133 URB VILLA SR DE L', NULL, 'PASO POR EL LUGAR', 1, '2020-08-05 16:43:42', '2020-08-05 16:43:42'),
(46, 'DIEGO TZENGTZAW', 'LAM LIU', '73126918', 'DNI', '939309899', '2003-06-18', 'CALLE BRASIL 557', NULL, 'PASO POR EL LUGAR', 1, '2020-08-05 17:36:25', '2020-08-05 17:36:25'),
(47, 'LUCAS ANDRES', 'DIAZ YUMBATO', '44092399', 'DNI', '975672520', '1986-05-21', 'AV. 28 DE JULIO 829', NULL, 'RECOMENDACION DE TERCEROS', 1, '2020-08-05 17:55:20', '2020-08-05 17:55:20'),
(48, 'HEDINSON', 'LANDINEZ REYES', '131809345', 'CE', '996135670', '1984-10-13', NULL, NULL, 'RECOMENDACION DE TERCEROS', 1, '2020-08-05 17:59:39', '2020-08-08 12:40:51'),
(49, 'CARLOS', 'ALVARADO', '40909178', 'DNI', '971193004', '1981-04-30', NULL, NULL, 'RECOMENDACION DE TERCEROS', 1, '2020-08-05 18:51:52', '2020-09-29 12:40:45'),
(50, 'EDGAR', 'MONTALVAN', '70426610', 'DNI', '976791028', '2020-08-05', NULL, NULL, 'RECOMENDACION DE TERCEROS', 1, '2020-08-05 19:18:47', '2020-08-05 19:18:47'),
(51, 'ARNOLD', 'GUERRERO', '73962355', 'DNI', '942305528', '1997-09-01', NULL, NULL, 'RECOMENDACION DE TERCEROS', 1, '2020-08-06 11:16:27', '2020-08-06 11:16:27'),
(52, 'SAID', 'VEGA', '00000000', 'DNI', '976934248', '2020-08-06', NULL, NULL, 'RECOMENDACION DE TERCEROS', 1, '2020-08-06 12:24:03', '2020-08-06 12:24:03'),
(53, 'JORDI', 'MARTINEZ', '00000000', 'DNI', '918783351', '2020-08-06', NULL, NULL, 'PASO POR EL LUGAR', 1, '2020-08-06 13:01:46', '2020-08-06 13:01:46'),
(54, 'OSCAR', 'MARTINEZ', '46199451', 'DNI', '918783351', '2020-08-06', NULL, NULL, 'PASO POR EL LUGAR', 1, '2020-08-06 13:02:16', '2020-08-06 13:02:16'),
(55, 'ERICK', 'PANDURO', '70241987', 'DNI', '952206118', '2020-08-06', NULL, NULL, 'RECOMENDACION DE TERCEROS', 1, '2020-08-06 13:03:29', '2020-08-06 13:03:29'),
(56, 'ADRIAN', 'CEGADA', '00000000', 'DNI', '910780508', '2020-08-06', NULL, NULL, 'RECOMENDACION DE TERCEROS', 1, '2020-08-06 16:05:05', '2020-08-06 16:05:05'),
(57, 'JUAN CARLOS', 'PINEDO', '00000000', 'DNI', '00000000', '2020-08-06', NULL, NULL, 'RECOMENDACION DE TERCEROS', 1, '2020-08-06 16:13:01', '2020-08-06 16:13:01'),
(58, 'DILAN', 'TRIGOSO', '79951773', 'DNI', '943280550', '2016-11-20', 'CALLE LOS CLAVELES113', NULL, 'RECOMENDACION DE TERCEROS', 1, '2020-08-06 17:08:25', '2020-08-06 17:08:25'),
(59, 'JOSE MANUEL', 'TRIGOSO PANDURO', '46161548', 'DNI', '943280550', '1990-01-19', 'PSJ FLORIDA', NULL, 'RECOMENDACION DE TERCEROS', 1, '2020-08-06 17:09:58', '2020-08-06 17:09:58'),
(60, 'ALAM', 'VAZQUEZ', '45015620', 'DNI', '916577212', '1988-01-21', NULL, NULL, 'RECOMENDACION DE TERCEROS', 1, '2020-08-07 10:24:15', '2020-08-07 10:24:15'),
(62, 'CESAR', 'SIFUENTES', '71106441', 'DNI', '931975582', '1996-09-05', NULL, NULL, 'RECOMENDACION DE TERCEROS', 1, '2020-08-07 10:38:59', '2020-09-02 15:36:34'),
(63, 'ANTHONY', 'RUIZ', '71212757', 'DNI', '922846156', '2001-10-17', NULL, NULL, 'RECOMENDACION DE TERCEROS', 1, '2020-08-07 10:58:13', '2020-08-07 10:58:13'),
(64, 'ANTHONY', 'RUIZ', '71212757', 'DNI', '922846156', '2001-10-17', NULL, NULL, 'RECOMENDACION DE TERCEROS', 1, '2020-08-07 11:01:30', '2020-08-07 11:01:30'),
(65, 'MARTIN', 'GOMEZ', '08128663', 'DNI', '899604571', '2020-08-07', NULL, NULL, 'RECOMENDACION DE TERCEROS', 1, '2020-08-07 12:57:39', '2020-08-07 12:57:39'),
(67, 'HELI', 'AGUIRRE', '43110950', 'DNI', '923480537', '1985-06-19', NULL, NULL, 'RECOMENDACION DE TERCEROS', 1, '2020-08-07 16:37:42', '2020-08-07 16:37:42'),
(69, 'LEO', 'PEREZ', '00000000', 'DNI', '928248201', '2010-03-31', NULL, NULL, 'PASO POR EL LUGAR', 1, '2020-08-07 16:48:05', '2020-08-07 16:48:05'),
(70, 'TOMMY', 'PEREZ', '44351227', 'DNI', '928248201', '1986-08-09', NULL, NULL, 'RECOMENDACION DE TERCEROS', 1, '2020-08-07 16:50:41', '2020-08-07 16:50:41'),
(71, 'CARLOS', 'UTIA', '00000000', 'DNI', '918499189', '2020-08-07', NULL, NULL, 'RECOMENDACION DE TERCEROS', 1, '2020-08-07 18:44:00', '2020-08-07 18:44:00'),
(72, 'ALI', 'ATAROQUSI', '00000000', 'DNI', '965644879', '2020-08-07', NULL, NULL, 'RECOMENDACION DE TERCEROS', 1, '2020-08-07 19:38:05', '2020-08-07 19:38:05'),
(73, 'SANTIAGO', 'BUUQUE', '00000000', 'DNI', '929190289', '2020-08-07', NULL, NULL, 'RECOMENDACION DE TERCEROS', 1, '2020-08-07 19:41:21', '2020-08-07 19:41:21'),
(74, 'ALAN', 'GOMEZ', '44065853', 'DNI', '976934248', '1986-11-27', NULL, NULL, 'RECOMENDACION DE TERCEROS', 1, '2020-08-07 19:56:32', '2020-08-24 19:43:13'),
(75, 'MARIO', 'RENGIFO', '46306025', 'DNI', '956965001', '1990-05-13', NULL, NULL, 'RECOMENDACION DE TERCEROS', 1, '2020-08-07 20:05:53', '2020-08-07 20:05:53'),
(76, 'GERSON', 'POMA', '47123058', 'DNI', '917641308', '1992-06-20', NULL, NULL, 'RECOMENDACION DE TERCEROS', 1, '2020-08-08 10:49:40', '2020-09-04 17:54:47'),
(77, 'CHARLYS', 'MELENDEZ', '70930987', 'DNI', '962689222', '1991-03-19', NULL, NULL, 'RECOMENDACION DE TERCEROS', 1, '2020-08-08 10:51:33', '2020-08-29 17:23:30'),
(78, 'JIMI', 'ROJAS', '00000000', 'DNI', '959258931', '1991-05-11', NULL, NULL, 'RECOMENDACION DE TERCEROS', 1, '2020-08-08 11:25:22', '2020-08-08 11:25:22'),
(79, 'VICTORINO', 'PIÑA', '41576501', 'DNI', '943479016', '1981-09-03', NULL, NULL, 'RECOMENDACION DE TERCEROS', 1, '2020-08-08 11:28:53', '2020-09-01 11:59:46'),
(80, 'JOAO', 'GARCIA', '00000000', 'DNI', '998901201', '1995-08-17', NULL, NULL, 'RECOMENDACION DE TERCEROS', 1, '2020-08-08 11:29:29', '2020-08-08 11:29:29'),
(81, 'FRANK', 'CONTRERAS', '00000000', 'DNI', '945533901', '1990-07-26', NULL, NULL, 'RECOMENDACION DE TERCEROS', 1, '2020-08-08 11:33:46', '2020-08-08 11:33:46'),
(82, 'JOSE', 'CARVAJAL', '71464624', 'DNI', '934871535', '2002-08-23', NULL, NULL, 'RECOMENDACION DE TERCEROS', 1, '2020-08-08 12:13:07', '2020-09-11 18:25:15'),
(83, 'MIGUEL', 'CHAVEZ', '00000000', 'DNI', '933499508', '2002-06-06', NULL, NULL, 'RECOMENDACION DE TERCEROS', 1, '2020-08-08 12:13:54', '2020-08-08 12:13:54'),
(84, 'LEONARDO', 'PEREZ', '70400770', 'DNI', '969149235', '1996-02-26', NULL, NULL, 'RECOMENDACION DE TERCEROS', 1, '2020-08-08 12:27:42', '2020-08-08 12:27:42'),
(85, 'FRANCISCO', 'GARCIA OCHOA', '05788291', 'DNI', '916545474', '2020-08-08', NULL, NULL, 'RECOMENDACION DE TERCEROS', 1, '2020-08-08 12:29:47', '2020-08-08 12:29:47'),
(86, 'MAIKOL', 'CARDENAS', '00000000', 'DNI', '979153837', '2020-08-08', NULL, NULL, 'RECOMENDACION DE TERCEROS', 1, '2020-08-08 12:36:40', '2020-08-08 12:36:40'),
(87, 'LUIS', 'GREIBA', '00000000', 'DNI', '943671900', '2020-08-08', NULL, NULL, 'RECOMENDACION DE TERCEROS', 1, '2020-08-08 12:46:42', '2020-08-08 12:46:42'),
(88, 'STEFANO', 'LAZO', '00000000', 'DNI', '9976321241', '2020-08-08', NULL, NULL, 'RECOMENDACION DE TERCEROS', 1, '2020-08-08 15:44:09', '2020-08-08 15:44:09'),
(89, 'ALEJANDRO', 'PINEDA', '00000000', 'DNI', '993604092', '2020-08-08', NULL, NULL, 'RECOMENDACION DE TERCEROS', 1, '2020-08-08 15:45:45', '2020-08-08 15:45:45'),
(90, 'FAUSTO', 'PACAURA', '00000000', 'DNI', '947730398', '2014-01-08', NULL, NULL, 'RECOMENDACION DE TERCEROS', 1, '2020-08-08 16:20:30', '2020-08-08 16:20:30'),
(91, 'DAVID', 'TUPAC', '00000000', 'DNI', '916500056', '2001-01-22', NULL, NULL, 'RECOMENDACION DE TERCEROS', 1, '2020-08-08 19:05:59', '2020-08-08 19:05:59'),
(92, 'CRISTIAN', 'CAVEDO', '41292313', 'DNI', '965845810', '2020-08-08', NULL, NULL, 'RECOMENDACION DE TERCEROS', 1, '2020-08-08 19:17:05', '2020-08-08 19:17:05'),
(93, 'JEAN PIER', 'ACHUN', '00000000', 'DNI', '947999981', '2020-08-08', NULL, NULL, 'RECOMENDACION DE TERCEROS', 1, '2020-08-08 19:56:42', '2020-08-08 19:56:42'),
(94, 'IVAN', 'RUIZ', '40153969', 'DNI', '965729398', '1979-02-02', NULL, NULL, 'RECOMENDACION DE TERCEROS', 1, '2020-08-10 10:20:26', '2020-09-29 19:33:47'),
(95, 'JUNIOR', 'RIOS', '00000000', 'DNI', '943151549', '2000-07-31', NULL, NULL, 'RECOMENDACION DE TERCEROS', 1, '2020-08-10 11:13:13', '2020-08-10 11:13:13'),
(96, 'MAXIMO', 'GONZALES', '00000000', 'DNI', '945585268', '2019-10-07', NULL, NULL, 'RECOMENDACION DE TERCEROS', 1, '2020-08-10 11:31:14', '2020-08-10 12:07:14'),
(97, 'BRYAN', 'QUIJANO VARDALES', '00000000', 'DNI', '931443466', '2007-08-10', NULL, NULL, 'RECOMENDACION DE TERCEROS', 1, '2020-08-10 12:03:31', '2020-08-10 12:03:31'),
(98, 'EWARD', 'EWARD', '00000000', 'DNI', '00000000', '2020-08-10', NULL, NULL, 'RECOMENDACION DE TERCEROS', 1, '2020-08-10 14:56:38', '2020-08-10 14:56:38'),
(99, 'JACOB', 'GADEA', '00000000', 'DNI', '00000000', '2020-08-10', NULL, NULL, 'RECOMENDACION DE TERCEROS', 1, '2020-08-10 15:02:48', '2020-08-10 15:02:48'),
(100, 'ANTONY', 'YALTA', '74080988', 'DNI', '968704708', '2020-08-10', NULL, NULL, 'RECOMENDACION DE TERCEROS', 1, '2020-08-10 15:10:52', '2020-08-10 15:10:52'),
(101, 'RANDY', 'ZARAGOZA', '70929245', 'DNI', '947306431', '1995-01-15', NULL, NULL, 'RECOMENDACION DE TERCEROS', 1, '2020-08-10 16:52:20', '2020-09-03 15:17:50'),
(102, 'DANIEL', 'BARTRAC', '72149875', 'DNI', '921531293', '1980-10-12', NULL, NULL, 'RECOMENDACION DE TERCEROS', 1, '2020-08-10 16:56:31', '2020-09-01 12:47:42'),
(103, 'JULIO', 'MALCA', '46502024', 'DNI', '976301445', '1990-05-01', NULL, NULL, 'RECOMENDACION DE TERCEROS', 1, '2020-08-10 17:34:52', '2020-09-05 12:32:35'),
(104, 'LUIS', 'TORRES', '00000000', 'DNI', '956188449', '1985-08-30', NULL, NULL, 'RECOMENDACION DE TERCEROS', 1, '2020-08-10 17:55:42', '2020-08-10 17:55:42'),
(105, 'HAROLD', 'CRUZ', '00000000', 'DNI', '94765199', '2020-08-10', NULL, NULL, 'RECOMENDACION DE TERCEROS', 1, '2020-08-10 18:27:40', '2020-08-10 18:27:40'),
(106, 'LUIS', 'ESTRADA', '00000000', 'DNI', '965973629', '2020-08-10', NULL, NULL, 'RECOMENDACION DE TERCEROS', 1, '2020-08-10 18:30:17', '2020-08-10 18:30:17'),
(107, 'ITALO', 'TAMINCHE', '00000000', 'DNI', '942103608', '2020-08-10', NULL, NULL, 'RECOMENDACION DE TERCEROS', 1, '2020-08-10 19:05:54', '2020-08-10 19:05:54'),
(108, 'CARLOS', 'VALDEZ', '00000000', 'DNI', '976206057', '2020-08-11', NULL, NULL, 'RECOMENDACION DE TERCEROS', 1, '2020-08-11 11:54:24', '2020-08-11 11:54:24'),
(109, 'MIGUEL', 'VELA', '72895192', 'DNI', '918354980', '1999-09-29', NULL, NULL, 'RECOMENDACION DE TERCEROS', 1, '2020-08-11 11:55:31', '2020-09-28 18:38:16'),
(110, 'HENRRY', 'MURRIETA', '00000000', 'DNI', '965604730', '2020-08-11', NULL, NULL, 'RECOMENDACION DE TERCEROS', 1, '2020-08-11 15:51:25', '2020-08-11 15:51:25'),
(111, 'GABRIEL', 'UGUREN', '72191429', 'DNI', '958613366', '1984-06-01', NULL, NULL, 'RECOMENDACION DE TERCEROS', 1, '2020-08-11 17:10:52', '2020-08-27 15:03:43'),
(112, 'JULIO', 'MACEDO', '00000000', 'DNI', '937276864', '1988-12-04', NULL, NULL, 'RECOMENDACION DE TERCEROS', 1, '2020-08-11 17:12:28', '2020-08-11 17:12:28'),
(113, 'ELIO', 'S', '00000000', 'DNI', '00000000', '2020-08-11', NULL, NULL, 'RECOMENDACION DE TERCEROS', 1, '2020-08-11 17:26:15', '2020-08-11 17:26:15'),
(114, 'ANGEL', 'MONTREUIL', '41347641', 'DNI', '989449139', '1982-03-11', NULL, NULL, 'PASO POR EL LUGAR', 1, '2020-08-11 18:35:09', '2020-09-09 11:46:14'),
(115, 'JUAN', 'RUIZ', '00000000', 'DNI', '937825108', '2020-08-11', NULL, NULL, 'RECOMENDACION DE TERCEROS', 1, '2020-08-11 18:49:36', '2020-08-11 18:49:36'),
(116, 'ORLANDO', 'BARDALES', '42532964', 'DNI', '965630768', '2020-08-12', NULL, NULL, 'RECOMENDACION DE TERCEROS', 1, '2020-08-12 11:07:09', '2020-08-12 11:07:09'),
(117, 'DIEGO', 'CASARO', '00000000', 'DNI', '952010681', '2020-08-12', NULL, NULL, 'RECOMENDACION DE TERCEROS', 1, '2020-08-12 12:34:56', '2020-08-12 12:34:56'),
(118, 'RENZO SEBASTIÁN', 'CHÁVEZ DEL ÁGUILA', '73227857', 'DNI', '927833147', '2004-11-06', 'Las Colinas 508', NULL, 'RECOMENDACION DE TERCEROS', 1, '2020-08-12 13:14:34', '2020-11-04 18:33:39'),
(119, 'PETER', 'T', '00000000', 'DNI', '00000000', '2020-08-12', NULL, NULL, 'PASO POR EL LUGAR', 1, '2020-08-12 15:00:56', '2020-08-12 15:00:56'),
(120, 'CARLOS', 'GUTIAN', '00000000', 'DNI', '918499189', '2020-08-12', NULL, NULL, 'ACTUALIZAR DATOS', 1, '2020-08-12 15:08:19', '2020-08-19 12:44:45'),
(121, 'JORGE', 'CACERES', '44702770', 'DNI', '965024082', '1987-10-16', NULL, NULL, 'RECOMENDACION DE TERCEROS', 1, '2020-08-12 16:15:57', '2020-09-24 18:19:25'),
(122, 'ADRIAN', 'FLORES', '00000000', 'DNI', '920351374', '2020-08-12', NULL, NULL, 'RECOMENDACION DE TERCEROS', 1, '2020-08-12 17:26:00', '2020-08-12 17:26:00'),
(123, 'DANDY', 'PANDURO', '40288876', 'DNI', '900587675', '2020-08-12', NULL, NULL, 'RECOMENDACION DE TERCEROS', 1, '2020-08-12 17:49:10', '2020-08-12 17:49:10'),
(125, 'JUAN PABLO', 'TUERTA BORJA', '44444444', 'DNI', '942885556', '2020-08-13', 'GAVILANES MZA J LOTE 48', 'ginnor28@gmail.com', 'RECOMENDACION DE TERCEROS', 1, '2020-08-13 08:42:19', '2020-08-13 08:42:19'),
(127, 'HECTOR', 'VEZIRIAM', '00000000', 'DNI', '965828888', '2020-08-13', NULL, NULL, 'RECOMENDACION DE TERCEROS', 1, '2020-08-13 11:06:54', '2020-08-13 11:06:54'),
(128, 'LARRY', 'GUZMAN', '05396356', 'DNI', '965965737', '1966-08-29', NULL, NULL, 'RECOMENDACION DE TERCEROS', 1, '2020-08-13 16:35:53', '2020-09-03 12:40:32'),
(129, 'JUNIOR', 'TEIXEIRA', '71024021', 'DNI', '966069982', '1997-09-08', NULL, NULL, 'RECOMENDACION DE TERCEROS', 1, '2020-08-13 17:03:03', '2020-09-02 12:28:32'),
(130, 'JESUS', 'D LA CRUZ', '25750646', 'DNI', '968969897', '2020-08-13', NULL, NULL, 'RECOMENDACION DE TERCEROS', 1, '2020-08-13 20:23:04', '2020-09-11 12:44:59'),
(131, 'TONY', 'ACEVEDO', '00000000', 'DNI', '954067009', '2020-08-14', NULL, NULL, 'RECOMENDACION DE TERCEROS', 1, '2020-08-14 11:39:34', '2020-08-14 11:39:34'),
(132, 'RENATO', 'NUÑES', '76462536', 'DNI', '962796256', '2002-05-05', NULL, NULL, 'RECOMENDACION DE TERCEROS', 1, '2020-08-14 11:48:05', '2020-08-28 15:00:22'),
(133, 'JORDAN', 'DEL CASTILLO', '00000000', 'DNI', '944481069', '2020-08-14', NULL, NULL, 'RECOMENDACION DE TERCEROS', 1, '2020-08-14 11:52:43', '2020-08-14 11:52:43'),
(134, 'JORGE', 'MACEDO', '43473864', 'DNI', '978365642', '1984-06-07', NULL, NULL, 'RECOMENDACION DE TERCEROS', 1, '2020-08-14 12:11:28', '2020-08-14 12:11:28'),
(135, 'MATHIAS', 'RIVAS', '00000000', 'DNI', '962914239', '2009-10-07', NULL, NULL, 'RECOMENDACION DE TERCEROS', 1, '2020-08-14 12:22:20', '2020-08-14 12:22:20'),
(136, 'ALAN', 'RODRIGUEZ', '00000000', 'DNI', '976925411', '1984-08-05', NULL, NULL, 'RECOMENDACION DE TERCEROS', 1, '2020-08-14 12:53:50', '2020-08-14 12:53:50'),
(138, 'DAMIAN', 'P', '00000000', 'DNI', '00000000', '2020-08-14', NULL, NULL, 'RECOMENDACION DE TERCEROS', 1, '2020-08-14 15:43:25', '2020-08-14 15:43:25'),
(139, 'DORIAN', 'FLORES', '00000000', 'DNI', '956290650', '2020-08-14', NULL, NULL, 'RECOMENDACION DE TERCEROS', 1, '2020-08-14 15:45:21', '2020-08-14 15:45:21'),
(140, 'GIOVANNY', 'PADILLA', '43056372', 'DNI', '930977718', '1985-05-03', NULL, NULL, 'RECOMENDACION DE TERCEROS', 1, '2020-08-14 16:03:31', '2020-09-04 19:17:50'),
(141, 'GISHER', 'RIOS', '00000000', 'DNI', '926585018', '2020-08-14', NULL, NULL, 'RECOMENDACION DE TERCEROS', 1, '2020-08-14 16:39:41', '2020-08-14 16:39:41'),
(142, 'YOWAR', 'PINEDO', '00000000', 'DNI', '00000000', '2020-08-14', NULL, NULL, 'RECOMENDACION DE TERCEROS', 1, '2020-08-14 16:51:52', '2020-08-14 16:51:52'),
(143, 'HERNAN', 'OVEÑAS', '00000000', 'DNI', '00000000', '2020-08-14', NULL, NULL, 'RECOMENDACION DE TERCEROS', 1, '2020-08-14 18:33:07', '2020-08-14 18:33:07'),
(144, 'FERNANDO', 'NINA', '00000000', 'DNI', '977634902', '2020-08-14', NULL, NULL, 'RECOMENDACION DE TERCEROS', 1, '2020-08-14 18:36:27', '2020-08-14 18:36:27'),
(145, 'ANTONIO', 'ASTUDILLO', '70311123', 'DNI', '926405931', '1995-11-09', NULL, NULL, 'RECOMENDACION DE TERCEROS', 1, '2020-08-14 18:47:51', '2020-08-14 18:47:51'),
(146, 'OMAR', 'TORRES', '16798467', 'DNI', '902175657', '1979-08-25', NULL, NULL, 'RECOMENDACION DE TERCEROS', 1, '2020-08-14 19:48:46', '2020-09-01 19:35:12'),
(147, 'GASPAR', 'ZARATE', '45946318', 'DNI', '976008686', '1994-09-09', NULL, NULL, 'RECOMENDACION DE TERCEROS', 1, '2020-08-15 11:03:14', '2020-08-15 11:03:14'),
(148, 'JHON', 'ZABACETA', '00000000', 'DNI', '987329271', '2005-06-17', NULL, NULL, 'RECOMENDACION DE TERCEROS', 1, '2020-08-15 11:27:16', '2020-08-15 11:27:16'),
(149, 'ANGEL', 'MONTOYA SOTO', '00000000', 'DNI', '969535499', '2010-12-28', NULL, NULL, 'RECOMENDACION DE TERCEROS', 1, '2020-08-15 12:38:50', '2020-08-15 12:38:50'),
(150, 'BRUNO', 'BRUNO', '00000000', 'DNI', '979955340', '2020-08-15', NULL, NULL, 'RECOMENDACION DE TERCEROS', 1, '2020-08-15 12:54:10', '2020-08-15 12:54:10'),
(151, 'JONATHAN', 'VALLES', '00000000', 'DNI', '933579128', '2020-08-15', NULL, NULL, 'RECOMENDACION DE TERCEROS', 1, '2020-08-15 15:11:15', '2020-08-15 15:11:15'),
(152, 'MAY', 'PINEDO', '00000000', 'DNI', '00000000', '2020-08-15', NULL, NULL, 'RECOMENDACION DE TERCEROS', 1, '2020-08-15 15:13:07', '2020-08-15 15:13:07'),
(153, 'JOSE', 'CORTEZ', '05392048', 'DNI', '920439182', '1986-07-28', NULL, NULL, 'RECOMENDACION DE TERCEROS', 1, '2020-08-15 16:56:27', '2020-08-25 19:19:29'),
(154, 'EMERSON', 'PEREA', '40342469', 'DNI', '951467022', '1978-10-21', NULL, NULL, 'RECOMENDACION DE TERCEROS', 1, '2020-08-15 17:25:08', '2020-09-07 18:40:17'),
(155, 'GIANLUCA', 'SANDY', '00000000', 'DNI', '977114083', '2020-08-15', NULL, NULL, 'RECOMENDACION DE TERCEROS', 1, '2020-08-15 17:44:15', '2020-08-15 17:44:15'),
(156, 'LUIS', 'VALDIVIEZO ROMERO', '00000000', 'DNI', '937370832', '2020-08-15', NULL, NULL, 'RECOMENDACION DE TERCEROS', 1, '2020-08-15 18:05:20', '2020-08-15 18:05:20'),
(157, 'PIERO', 'MAZA', '00000000', 'DNI', '00000000', '2020-08-15', NULL, NULL, 'RECOMENDACION DE TERCEROS', 1, '2020-08-15 18:25:37', '2020-08-15 18:25:37'),
(158, 'LIMAR', 'LAZO', '00000000', 'DNI', '997631241', '2020-08-15', NULL, NULL, 'RECOMENDACION DE TERCEROS', 1, '2020-08-15 19:16:40', '2020-08-15 19:16:40'),
(160, 'LARRY', 'TUESTA', '77451499', 'DNI', '929158542', '2020-08-15', NULL, NULL, 'RECOMENDACION DE TERCEROS', 1, '2020-08-15 19:23:31', '2020-08-15 19:23:31'),
(161, 'LUIS', 'RODRIGUEZ', '00000000', 'DNI', '00000000', '2020-08-15', NULL, NULL, 'RECOMENDACION DE TERCEROS', 1, '2020-08-15 19:51:55', '2020-08-15 19:51:55'),
(162, 'ANDERSON', 'MURRIETA', '00000000', 'DNI', '949620337', '2003-08-02', NULL, NULL, 'RECOMENDACION DE TERCEROS', 1, '2020-08-17 10:45:45', '2020-08-17 10:45:45'),
(163, 'PEDRO', 'SALAZAR', '00000000', 'DNI', '928483617', '2020-08-17', NULL, NULL, 'RECOMENDACION DE TERCEROS', 1, '2020-08-17 10:46:32', '2020-08-17 10:46:32'),
(164, 'AHMET', 'ERDA', '00000000', 'DNI', '984661724', '2000-08-27', NULL, NULL, 'RECOMENDACION DE TERCEROS', 1, '2020-08-17 10:50:13', '2020-08-17 10:50:13'),
(165, 'DANIEL', 'LANCHIPA', '00000000', 'DNI', '996604204', '2020-08-17', NULL, NULL, 'RECOMENDACION DE TERCEROS', 1, '2020-08-17 11:11:20', '2020-08-17 11:11:20'),
(166, 'FABIO', 'CHACALDANA', '00000000', 'DNI', '957292453', '2016-09-19', NULL, NULL, 'RECOMENDACION DE TERCEROS', 1, '2020-08-17 15:38:34', '2020-08-17 15:38:34'),
(167, 'NIKOLA', 'CHUZON', '00000000', 'DNI', '949681281', '2012-04-17', NULL, NULL, 'RECOMENDACION DE TERCEROS', 1, '2020-08-17 15:56:30', '2020-08-17 15:56:30'),
(168, 'AARON', 'NUÑEZ', '61936233', 'DNI', '984322343', '2008-01-19', NULL, NULL, 'RECOMENDACION DE TERCEROS', 1, '2020-08-17 16:42:16', '2020-10-02 15:43:39'),
(169, 'EIK', 'CACHIQUW', '00000000', 'DNI', '965944872', '2020-08-17', NULL, NULL, 'RECOMENDACION DE TERCEROS', 1, '2020-08-17 17:33:18', '2020-08-17 17:33:18'),
(170, 'EVA', 'CELIS', '05367272', 'DNI', '984322343', '1956-12-12', NULL, NULL, 'RECOMENDACION DE TERCEROS', 1, '2020-08-17 17:36:09', '2020-10-02 15:42:55'),
(171, 'JOEL', 'VASQUEZ', '77228077', 'DNI', '970748614', '1995-08-12', 'JR. ARICA 632', NULL, 'ACTUALIZAR DATOS', 1, '2020-08-17 22:58:51', '2020-11-12 19:11:23'),
(172, 'JULIO', 'ALMORA', '11111111', 'DNI', '965646165', '2020-08-17', 'JR. ARICA 632', NULL, 'ACTUALIZAR DATOS', 1, '2020-08-17 23:00:49', '2020-08-19 16:53:00'),
(173, 'TOMY', 'ACTUALIZAR', '11111111', 'DNI', '5555555', '2020-08-17', 'JR. ARICA 632', NULL, 'ACTUALIZAR DATOS', 1, '2020-08-17 23:02:44', '2020-08-17 23:02:44'),
(174, 'OBLITAS', 'ACTUALIZAR', '11111111', 'DNI', '5555555', '2020-08-17', 'JR. ARICA 632', NULL, 'ACTUALIZAR DATOS', 1, '2020-08-17 23:04:10', '2020-08-17 23:04:10'),
(175, 'ROY', 'SAENZ', '07534243', 'DNI', '985747531', '1976-10-28', NULL, NULL, 'RECOMENDACION DE TERCEROS', 1, '2020-08-17 23:07:22', '2020-08-29 18:28:18'),
(176, 'JOSE', 'GUERRA', '42791530', 'DNI', '951954434', '1984-12-23', 'JR. ARICA 632', NULL, 'ACTUALIZAR DATOS', 1, '2020-08-17 23:09:58', '2020-10-15 17:38:55'),
(178, 'MAX', 'BOLAÑOS', '11111111', 'DNI', '914567805', '2020-08-17', 'JR. ARICA 632', NULL, 'ACTUALIZAR DATOS', 1, '2020-08-17 23:16:26', '2020-08-19 12:49:18'),
(179, 'JHONNY', 'CORNEJO PALOMINO', '09960304', 'DNI', '956489295', '1980-03-26', 'JR. ARICA 632', NULL, 'ACTUALIZAR DATOS', 1, '2020-08-17 23:19:52', '2020-10-02 20:30:21'),
(180, 'JHOAN', 'GRANDEZ', '72765964', 'DNI', '964934153', '2000-10-07', 'JR. ARICA 632', NULL, 'ACTUALIZAR DATOS', 1, '2020-08-18 10:22:06', '2020-09-30 19:01:19'),
(181, 'JOHAN', 'GRANDEZ', '11111111', 'DNI', '5555555', '2020-08-18', 'JR. ARICA 632', NULL, 'ACTUALIZAR DATOS', 1, '2020-08-18 10:23:15', '2020-08-18 10:23:15'),
(182, 'CARLOS', 'MANCO', '11111111', 'DNI', '5555555', '2020-08-18', 'JR. ARICA 632', NULL, 'ACTUALIZAR DATOS', 1, '2020-08-18 10:24:20', '2020-08-18 10:24:20'),
(183, 'CRISTIAN', 'PEÑA', '40776917', 'DNI', '965956336', '1986-11-13', 'JR. ARICA 632', NULL, 'ACTUALIZAR DATOS', 1, '2020-08-18 10:25:42', '2020-09-22 11:56:36'),
(184, 'ZOHA', 'A', '11111111', 'DNI', '5555555', '2020-08-18', 'JR. ARICA 632', NULL, 'ACTUALIZAR DATOS', 1, '2020-08-18 10:26:49', '2020-08-18 10:26:49'),
(185, 'ROMULO', 'FLORES', '11111111', 'DNI', '5555555', '2020-08-18', 'JR. ARICA 632', NULL, 'ACTUALIZAR DATOS', 1, '2020-08-18 10:28:20', '2020-08-18 10:28:20'),
(187, 'ERIC', 'TUANAMA', '41200037', 'DNI', '984304352', '1982-03-11', 'PSJ QUIÑONES 118', NULL, 'RECOMENDACION DE TERCEROS', 1, '2020-08-18 11:11:37', '2020-08-18 11:11:37'),
(188, 'JORGE LUIS', 'RIOS CALDERON', '05394050', 'DNI', '939205392', '2020-08-18', NULL, NULL, 'RECOMENDACION DE TERCEROS', 1, '2020-08-18 11:12:34', '2020-08-18 11:12:34'),
(189, 'ANTONY', 'ALVARADO', '71773354', 'DNI', '915240855', '2020-08-18', NULL, NULL, 'RECOMENDACION DE TERCEROS', 1, '2020-08-18 11:27:21', '2020-08-18 11:27:21'),
(190, 'LARRY', 'AGUILAR', '00000000', 'DNI', '965814473', '2020-08-18', NULL, NULL, 'RECOMENDACION DE TERCEROS', 1, '2020-08-18 12:05:06', '2020-08-18 12:05:06'),
(191, 'ERICK', 'RUIZ', '00000000', 'DNI', '927694309', '2020-08-18', NULL, NULL, 'RECOMENDACION DE TERCEROS', 1, '2020-08-18 12:13:11', '2020-08-18 12:13:11'),
(192, 'VICTOR', 'RUIZ', '72704587', 'DNI', '9446029489', '2020-08-18', NULL, NULL, 'RECOMENDACION DE TERCEROS', 1, '2020-08-18 15:09:08', '2020-08-18 15:09:08'),
(193, 'JACKSON', 'GOMEZ', '71415947', 'DNI', '00000000', '2020-08-18', NULL, NULL, 'RECOMENDACION DE TERCEROS', 1, '2020-08-18 15:18:35', '2020-08-18 15:18:35'),
(194, 'DIEGO ANTONIO', 'SOARES', '41632801', 'DNI', '944614774', '2008-05-05', NULL, NULL, 'RECOMENDACION DE TERCEROS', 1, '2020-08-18 15:48:00', '2020-08-18 15:48:00'),
(195, 'FABRICIO', 'TORRES', '75274319', 'DNI', '998476875', '2020-08-18', NULL, NULL, 'RECOMENDACION DE TERCEROS', 1, '2020-08-18 16:07:54', '2020-08-18 16:07:54'),
(196, 'JIMMY', 'AVILA', '45807857', 'DNI', '970900033', '1988-10-27', NULL, NULL, 'RECOMENDACION DE TERCEROS', 1, '2020-08-18 16:35:13', '2020-08-18 16:35:13'),
(197, 'EMERSON', 'TAMANI', '00000000', 'DNI', '925059253', '2020-08-18', NULL, NULL, 'RECOMENDACION DE TERCEROS', 1, '2020-08-18 17:10:11', '2020-08-18 17:10:11'),
(198, 'JUAN MANUEL', 'ORTIZ', '61508506', 'DNI', '929582439', '2007-12-07', NULL, NULL, 'RECOMENDACION DE TERCEROS', 1, '2020-08-18 17:19:51', '2020-08-18 17:19:51'),
(199, 'DIEGO', 'ORTIZ', '00000000', 'DNI', '929582439', '2006-11-19', NULL, NULL, 'RECOMENDACION DE TERCEROS', 1, '2020-08-18 17:20:45', '2020-08-18 17:20:45'),
(200, 'CRISTIAN', 'SANABRIA', '45976236', 'DNI', '942125219', '2020-08-18', NULL, NULL, 'RECOMENDACION DE TERCEROS', 1, '2020-08-18 17:46:52', '2020-08-18 17:46:52'),
(201, 'FREDDY', 'LAZO', '71106423', 'DNI', '910711443', '2020-08-18', NULL, NULL, 'RECOMENDACION DE TERCEROS', 1, '2020-08-18 19:11:54', '2020-08-18 19:11:54'),
(202, 'PEDRO ELIAS', 'SORIA GONZALES', '45986724', 'DNI', '998642012', '1989-06-08', NULL, NULL, 'RECOMENDACION DE TERCEROS', 1, '2020-08-18 19:47:18', '2020-08-18 19:47:18'),
(203, 'ALBERTO', 'CORTEZ', '00000000', 'DNI', '998121853', '2020-08-19', 'JR. ARICA 632', NULL, 'ACTUALIZAR DATOS', 1, '2020-08-19 10:36:29', '2020-08-19 10:36:29'),
(204, 'JOSE', 'SUAREZ', '43600437', 'DNI', '964348453', '1986-04-11', NULL, NULL, 'RECOMENDACION DE TERCEROS', 1, '2020-08-19 11:13:20', '2020-08-19 11:45:44'),
(205, 'NICOLAS', 'RIVERA', '60964354', 'DNI', '978360610', '2007-01-11', NULL, NULL, 'RECOMENDACION DE TERCEROS', 1, '2020-08-19 12:22:39', '2020-08-19 12:22:39'),
(206, 'MARTIN', 'REATEGUI', '00000000', 'DNI', '918377149', '2020-08-19', NULL, NULL, 'ACTUALIZAR DATOS', 1, '2020-08-19 12:37:58', '2020-08-19 12:37:58'),
(208, 'DIEGO', 'MORI', '00000000', 'DNI', '941452087', '2020-08-19', NULL, NULL, 'ACTUALIZAR DATOS', 1, '2020-08-19 12:39:30', '2020-08-19 12:39:30'),
(209, 'GINO', 'GARAY', '00000000', 'DNI', '990452550', '2020-08-19', NULL, NULL, 'ACTUALIZAR DATOS', 1, '2020-08-19 12:40:14', '2020-08-19 12:40:14'),
(210, 'RAUL', 'PIZANGO', '00000000', 'DNI', '968119522', '2020-08-19', NULL, NULL, 'ACTUALIZAR DATOS', 1, '2020-08-19 12:41:59', '2020-08-19 12:41:59'),
(211, 'JHON', 'MORI', '00000000', 'DNI', '996705726', '2020-08-19', NULL, NULL, 'ACTUALIZAR DATOS', 1, '2020-08-19 12:45:24', '2020-08-19 12:45:24'),
(213, 'DINO', 'LOPEZ', '025482755', 'DNI', '994282828', '2020-08-19', NULL, NULL, 'RECOMENDACION DE TERCEROS', 1, '2020-08-19 12:50:46', '2020-08-19 12:50:46'),
(214, 'MANUEL', 'ALTAVISTA', '00000000', 'DNI', '950114493', '2020-08-19', NULL, NULL, 'ACTUALIZAR DATOS', 1, '2020-08-19 14:58:55', '2020-08-19 14:58:55'),
(215, 'CARLOS', 'CHAVEZ', '00000000', 'DNI', '917002060', '2020-08-19', NULL, NULL, 'ACTUALIZAR DATOS', 1, '2020-08-19 15:21:59', '2020-08-19 15:21:59'),
(216, 'RODRIGO', 'BOCANEGRA', '00000000', 'DNI', '916340384', '2020-08-19', NULL, NULL, 'ACTUALIZAR DATOS', 1, '2020-08-19 15:22:51', '2020-08-19 15:22:51'),
(217, 'WARRER', 'GONZALEZ', '00000000', 'DNI', '920182746', '2020-08-19', NULL, NULL, 'ACTUALIZAR DATOS', 1, '2020-08-19 15:24:12', '2020-08-19 15:24:12'),
(218, 'HAROLD', 'SOTO', '00000000', 'DNI', '965978115', '2020-08-19', NULL, NULL, 'ACTUALIZAR DATOS', 1, '2020-08-19 15:29:49', '2020-08-19 15:29:49'),
(219, 'ANNY', 'TORRES', '00000000', 'DNI', '928532111', '2020-08-19', NULL, NULL, 'ACTUALIZAR DATOS', 1, '2020-08-19 15:31:47', '2020-08-19 15:31:47'),
(220, 'PERSI', 'PEREIRA', '00000000', 'DNI', '910894338', '2020-08-19', NULL, NULL, 'ACTUALIZAR DATOS', 1, '2020-08-19 15:32:45', '2020-08-19 15:32:45'),
(221, 'ERICK', 'LOPEZ', '00000000', 'DNI', '965944872', '2020-08-19', NULL, NULL, 'ACTUALIZAR DATOS', 1, '2020-08-19 15:34:03', '2020-08-19 15:34:03'),
(222, 'BRAYAN', 'RENGIFO', '77428593', 'DNI', '980880236', '2020-08-19', NULL, NULL, 'RECOMENDACION DE TERCEROS', 1, '2020-08-19 15:34:39', '2020-08-19 15:34:39'),
(223, 'YIBI', 'ROJAS', '7241014', 'DNI', '959258931', '1980-06-06', NULL, NULL, 'PASO POR EL LUGAR', 1, '2020-08-19 15:36:41', '2020-08-28 15:06:46'),
(224, 'ANGEL', 'GOYANTES', '00000000', 'DNI', '958449298', '2020-08-19', NULL, NULL, 'ACTUALIZAR DATOS', 1, '2020-08-19 15:37:27', '2020-08-19 15:37:27'),
(225, 'JAIME', 'RIOS', '00000000', 'DNI', '939176349', '2020-08-19', NULL, NULL, 'ACTUALIZAR DATOS', 1, '2020-08-19 15:38:27', '2020-08-19 15:38:27'),
(226, 'LUIYI', 'RIOS', '00000000', 'DNI', '962158464', '2020-08-19', NULL, NULL, 'ACTUALIZAR DATOS}', 1, '2020-08-19 15:39:13', '2020-08-19 15:39:13'),
(227, 'EMERSON', 'ARAUJO', '00000000', 'DNI', '938108238', '2020-08-19', NULL, NULL, 'ACTUALIZAR DATOS', 1, '2020-08-19 15:40:02', '2020-08-19 15:40:02'),
(228, 'IAM', 'MELENDEZ', '00000000', 'DNI', '949486308', '2020-08-19', NULL, NULL, 'ACTUALIZAR DATOS', 1, '2020-08-19 15:40:50', '2020-08-19 15:40:50'),
(229, 'FERNANDO', 'PEREZ', '00000000', 'DNI', '965934915', '2020-08-19', NULL, NULL, 'ACTUALIZAR DATOS', 1, '2020-08-19 15:49:32', '2020-08-19 15:49:32'),
(230, 'DAVID', 'PACHECO', '00000000', 'DNI', '937344178', '2020-08-19', NULL, NULL, 'ACTUALIZAR DATOS', 1, '2020-08-19 16:11:35', '2020-08-19 16:11:35'),
(231, 'CLAUDIO', 'MENENDEZ', '965626242', 'DNI', '965626242', '2020-08-19', NULL, NULL, 'ACTUALIZAR DATOS', 1, '2020-08-19 16:12:52', '2020-08-19 16:12:52'),
(232, 'JORGE', 'DEL AGUILA', '00000000', 'DNI', '982508906', '2020-08-19', NULL, NULL, 'ACTUALIZAR DATOS', 1, '2020-08-19 16:13:36', '2020-08-19 16:13:36'),
(234, 'JOSE', 'DAVILA', '81452173', 'DNI', '926219055', '1992-01-07', NULL, NULL, 'PASO POR EL LUGAR', 1, '2020-08-19 16:16:27', '2020-08-28 15:50:31'),
(235, 'JOSE', 'VILLEGAS', '45505264', 'DNI', '971482537', '1989-01-14', NULL, NULL, 'ACTUALIZAR DATOS', 1, '2020-08-19 16:17:21', '2020-09-16 16:46:49'),
(236, 'JOSIEL', 'HERNANDEZ', '46778827', 'DNI', '963649762', '1991-01-21', NULL, NULL, 'ACTUALIZAR DATOS', 1, '2020-08-19 16:18:04', '2020-09-11 17:52:17'),
(237, 'CRISTIAN', 'PEREIRA', '00000000', 'DNI', '965023638', '2020-08-19', NULL, NULL, 'ACTUALIZAR DATOS', 1, '2020-08-19 16:25:16', '2020-08-19 16:25:16'),
(238, 'DANIEL', 'IZAGUIRRE', '00000000', 'DNI', '951994510', '2020-08-19', NULL, NULL, 'ACTUALIZAR DATOS', 1, '2020-08-19 16:28:02', '2020-08-19 16:28:02'),
(239, 'NESTOR', 'LINAREZ', '00000000', 'DNI', '920608389', '2020-08-19', NULL, NULL, 'ACTUALIZAR DATOS', 1, '2020-08-19 16:29:06', '2020-08-19 16:29:06'),
(240, 'TEDY', 'ALEGRIA', '053602523', 'DNI', '965988616', '1955-03-08', NULL, NULL, 'ACTUALIZAR DATOS', 1, '2020-08-19 16:30:31', '2020-09-05 17:32:46'),
(241, 'LUIS', 'GOMEZ', '00000000', 'DNI', '965637035', '2020-08-19', NULL, NULL, 'ACTUALIZAR DATOS', 1, '2020-08-19 16:31:57', '2020-08-19 16:31:57'),
(242, 'DANI', 'RAIGADA', '00000000', 'DNI', '962135218', '2020-08-19', NULL, NULL, 'ACTUALIZAR DATOS', 1, '2020-08-19 16:36:12', '2020-08-19 16:36:12'),
(243, 'MANOLO', 'ALBARADO', '44951485', 'DNI', '918494428', '1987-10-10', NULL, NULL, 'CLIENTE ANTIGUO', 1, '2020-08-19 16:37:28', '2020-09-23 18:17:59'),
(244, 'NAHUN', 'PANDURO', '00000000', 'DNI', '985980478', '2020-08-19', NULL, NULL, 'ACTUALIZAR DATOS', 1, '2020-08-19 16:38:22', '2020-08-19 16:38:22'),
(245, 'GEANPIER', 'BURGA', '46841752', 'DNI', '935441256', '2020-08-19', NULL, NULL, 'RECOMENDACION DE TERCEROS', 1, '2020-08-19 16:39:40', '2020-08-19 16:39:40'),
(246, 'GINO', 'MILITAR', '00000000', 'DNI', '990452550', '2020-08-19', NULL, NULL, 'ACTUALIZAR DATOS', 1, '2020-08-19 16:48:07', '2020-08-19 16:48:07'),
(247, 'JUAN', 'BRICEÑO', '00000000', 'DNI', '948661280', '2020-08-19', NULL, NULL, 'ACTUALIZAR DATOS', 1, '2020-08-19 16:48:59', '2020-08-19 16:48:59'),
(248, 'EDSON', 'CONDE', '00000000', 'DNI', '918453709', '2020-08-19', NULL, NULL, 'ACTUALIZAR DATOS', 1, '2020-08-19 16:50:04', '2020-08-19 16:50:04'),
(249, 'LUIS', 'TEYES', '00000000', 'DNI', '941882852', '2020-08-19', NULL, NULL, 'ACTUALIZAR DATOS', 1, '2020-08-19 16:51:00', '2020-08-19 16:51:00'),
(250, 'PETTER', 'GARCIA', '00000000', 'DNI', '942066882', '2020-08-19', NULL, NULL, 'ACTUALIZAR DATOS', 1, '2020-08-19 16:52:14', '2020-08-19 16:52:14'),
(251, 'OMAR', 'CABRERA', '00000000', 'DNI', '990378787', '2020-08-19', NULL, NULL, 'ACTUALIZAR DATOS', 1, '2020-08-19 16:53:47', '2020-08-19 16:53:47'),
(252, 'ENDER', 'LEDUA', '00000000', 'DNI', '949490350', '2020-08-19', NULL, NULL, 'ACTUALIZAR DATOS', 1, '2020-08-19 16:54:43', '2020-08-19 16:54:43'),
(253, 'OMAR', 'SALDAÑA', '40191189', 'DNI', '967719693', '1979-04-12', NULL, NULL, 'CLIENTE ANTIGUO', 1, '2020-08-19 16:56:09', '2020-10-10 12:35:35'),
(254, 'TEOFILO', 'MANRIQUE', '60439869', 'DNI', '989287471', '2020-08-19', NULL, NULL, 'RECOMENDACION DE TERCEROS', 1, '2020-08-19 18:15:33', '2020-08-19 18:15:33'),
(255, 'JUAN CARLOS', 'PORTOCARRERO', '00556036', 'CE', '987370530', '2020-08-19', NULL, NULL, 'RECOMENDACION DE TERCEROS', 1, '2020-08-19 19:21:48', '2020-08-19 19:21:48'),
(256, 'SERGIO', 'RODRIGUEZ', '05304155', 'DNI', '965635049', '2020-08-20', NULL, NULL, 'RECOMENDACION DE TERCEROS', 1, '2020-08-20 11:13:26', '2020-08-20 11:13:26'),
(257, 'DIEGO ARMANDO', 'FLORES', '43887826', 'DNI', '952010681', '1986-08-28', NULL, NULL, 'RECOMENDACION DE TERCEROS', 1, '2020-08-20 15:27:03', '2020-08-25 12:06:57'),
(258, 'CARLOS', 'QUISPE', '72759330', 'DNI', '988576247', '1993-06-20', NULL, NULL, 'RECOMENDACION DE TERCEROS', 1, '2020-08-20 15:48:12', '2020-08-20 15:48:12'),
(259, 'ODAR', 'ZAPATA', '72646656', 'DNI', '945583969', '2002-04-05', NULL, NULL, 'RECOMENDACION DE TERCEROS', 1, '2020-08-20 15:57:58', '2020-08-20 15:57:58'),
(260, 'MOISES', 'ZEGADA', '40182460', 'DNI', '962508309', '2006-03-21', NULL, NULL, 'RECOMENDACION DE TERCEROS', 1, '2020-08-20 16:20:14', '2020-08-20 16:20:14'),
(261, 'ALVARO', 'ZEGADA', '40182460', 'DNI', '962508309', '2011-05-06', NULL, NULL, 'RECOMENDACION DE TERCEROS', 1, '2020-08-20 16:21:10', '2020-08-20 16:21:10'),
(262, 'DANIEL', 'ROMERO', '147741834', 'CE', '974162187', '2020-08-20', NULL, NULL, 'RECOMENDACION DE TERCEROS', 1, '2020-08-20 17:33:17', '2020-08-20 17:33:17'),
(263, 'DEMILSTON', 'COYANTES', '61715268', 'DNI', '958449298', '1988-12-20', NULL, NULL, 'RECOMENDACION DE TERCEROS', 1, '2020-08-20 18:12:45', '2020-08-20 18:12:45'),
(264, 'JESE', 'LOPEZ', '71255264', 'DNI', '917565427', '2002-12-10', NULL, NULL, 'RECOMENDACION DE TERCEROS', 1, '2020-08-20 18:14:27', '2020-08-20 18:14:27'),
(265, 'LUIS', 'PANDURO', '74148574', 'DNI', '972415632', '1984-01-20', NULL, NULL, 'RECOMENDACION DE TERCEROS', 1, '2020-08-20 18:20:54', '2020-08-20 18:21:28'),
(266, 'KEVIN', 'DEL AGUILA', '46367267', 'DNI', '918776537', '1990-06-03', NULL, NULL, 'RECOMENDACION DE TERCEROS', 1, '2020-08-20 18:50:02', '2020-08-20 18:50:02'),
(267, 'ARTURO', 'REATEGUI', '42990736', 'DNI', '951548964', '1985-04-12', NULL, NULL, 'RECOMENDACION DE TERCEROS', 1, '2020-08-20 19:26:40', '2020-08-20 19:26:40'),
(269, 'CARLOS', 'MERA', '44194544', 'DNI', '946401837', '1984-04-25', NULL, NULL, 'RECOMENDACION DE TERCEROS', 1, '2020-08-21 11:20:27', '2020-08-21 11:20:27'),
(270, 'ORLANDO', 'BORJAS', '10747967', 'DNI', '945781104', '1977-11-20', NULL, NULL, 'RECOMENDACION DE TERCEROS', 1, '2020-08-21 11:27:14', '2020-08-21 11:27:14'),
(271, 'WILLLY', 'JULCA', '00000000', 'DNI', '966659657', '2004-02-23', NULL, NULL, 'RECOMENDACION DE TERCEROS', 1, '2020-08-21 12:19:54', '2020-08-21 12:19:54'),
(272, 'JHON', 'JULCA', '74151541', 'DNI', '991419684', '2000-06-14', NULL, NULL, 'RECOMENDACION DE TERCEROS', 1, '2020-08-21 12:21:41', '2020-09-11 11:09:24'),
(273, 'JOVANY', 'SHUQUIZUTA', '00000000', 'DNI', '939802836', '2003-10-04', NULL, NULL, 'RECOMENDACION DE TERCEROS', 1, '2020-08-21 16:31:59', '2020-08-21 16:31:59'),
(274, 'TANNY', 'VAZQUEZ', '70370771', 'DNI', '902286494', '2002-04-06', NULL, NULL, 'RECOMENDACION DE TERCEROS', 1, '2020-08-21 16:33:05', '2020-08-21 16:33:05'),
(275, 'BRAD ANTHONY', 'OBLITAS', '46903298', 'DNI', '974988329', '1991-08-25', NULL, NULL, 'RECOMENDACION DE TERCEROS', 1, '2020-08-21 16:39:04', '2020-08-21 16:39:04'),
(276, 'ERICK', 'GARCIA', '42640247', 'DNI', '932244137', '1983-05-21', NULL, NULL, 'RECOMENDACION DE TERCEROS', 1, '2020-08-21 18:25:26', '2020-08-21 18:25:26'),
(277, 'LUCAS VALENTINO', 'RIOS VASQUEZ', '60820641', 'DNI', '939262754', '2006-09-26', NULL, NULL, 'RECOMENDACION DE TERCEROS', 1, '2020-08-21 18:32:59', '2020-08-21 18:33:27'),
(278, 'CARLOS', 'NIÑO TORRES', '40418367', 'DNI', '992855285', '1982-05-19', NULL, NULL, 'RECOMENDACION DE TERCEROS', 1, '2020-08-21 18:57:31', '2020-08-21 18:57:31'),
(279, 'JORGE', 'CABRERA', '76336204', 'DNI', '971940966', '2001-01-27', NULL, NULL, 'RECOMENDACION DE TERCEROS', 1, '2020-08-22 10:35:20', '2020-08-22 10:35:20'),
(280, 'MOISES', 'SALAZAR', '71140623', 'DNI', '922754083', '1993-07-01', NULL, NULL, 'RECOMENDACION DE TERCEROS', 1, '2020-08-22 10:56:24', '2020-08-22 10:56:24'),
(281, 'MATEO', 'ORTALANZA', '72641752', 'DNI', '923619958', '2003-03-03', NULL, NULL, 'PASO POR EL LUGAR', 1, '2020-08-22 11:03:01', '2020-08-22 11:03:01'),
(282, 'JIMMY', 'PLASENCIA', '45654318', 'DNI', '900182629', '1988-11-09', NULL, NULL, 'RECOMENDACION DE TERCEROS', 1, '2020-08-22 11:50:18', '2020-08-22 11:50:18'),
(283, 'LUIS', 'DIAZ', '41081754', 'DNI', '966363184', '1981-05-16', NULL, NULL, 'RECOMENDACION DE TERCEROS', 1, '2020-08-22 15:01:21', '2020-08-22 15:01:21'),
(284, 'GIOVANNY', 'PINEDO GARCIA', '43337502', 'DNI', '983336763', '1985-10-17', NULL, NULL, 'RECOMENDACION DE TERCEROS', 1, '2020-08-22 15:11:37', '2020-08-22 15:11:37'),
(285, 'JULIO', 'RIVAS', '71135214', 'DNI', '986151908', '1995-09-26', NULL, NULL, 'RECOMENDACION DE TERCEROS', 1, '2020-08-22 15:50:01', '2020-08-22 15:50:01'),
(286, 'NICOLAS', 'GOMEZ', '78000311', 'DNI', '965654513', '2013-02-11', NULL, NULL, 'RECOMENDACION DE TERCEROS', 1, '2020-08-22 16:05:28', '2020-08-22 16:05:28'),
(287, 'JORGE', 'GOMEZ', '04643169', 'DNI', '965654513', '1974-11-17', NULL, NULL, 'RECOMENDACION DE TERCEROS', 1, '2020-08-22 16:07:08', '2020-08-22 16:07:08'),
(288, 'CARLOS', 'GONZALEZ', '10343235', 'DNI', '96561986', '1973-09-20', NULL, NULL, 'RECOMENDACION DE TERCEROS', 1, '2020-08-22 16:23:40', '2020-08-22 16:23:40'),
(289, 'CRISTOFER', 'SOTELO', '70002200', 'DNI', '958424389', '1995-11-19', NULL, NULL, 'RECOMENDACION DE TERCEROS', 1, '2020-08-22 16:25:02', '2020-09-25 16:51:30'),
(290, 'DANIEL', 'AHUITE', '45043019', 'DNI', '949851332', '1988-04-06', NULL, NULL, 'RECOMENDACION DE TERCEROS', 1, '2020-08-22 17:04:11', '2020-08-22 17:04:11'),
(291, 'ANDRIY', 'RAMIREZ', '00000000', 'DNI', '957448574', '2012-09-18', NULL, NULL, 'RECOMENDACION DE TERCEROS', 1, '2020-08-22 17:24:28', '2020-08-22 17:24:28'),
(292, 'PERCY', 'RAMIREZ', '43104446', 'DNI', '939047442', '1985-07-24', NULL, NULL, 'RECOMENDACION DE TERCEROS', 1, '2020-08-22 17:25:22', '2020-11-16 18:03:26'),
(293, 'JULIO', 'TAFUL', '40709888', 'DNI', '9626832568', '1958-02-18', NULL, NULL, 'RECOMENDACION DE TERCEROS', 1, '2020-08-22 17:47:30', '2020-08-22 17:47:30'),
(294, 'VALERIO', 'SANGAMA', '73803001', 'DNI', '940512575', '1984-04-04', NULL, NULL, 'RECOMENDACION DE TERCEROS', 1, '2020-08-24 11:21:30', '2020-08-24 11:21:30'),
(295, 'MARCOS', 'CHAVEZ', '72195307', 'DNI', '945995765', '1994-03-03', NULL, NULL, 'RECOMENDACION DE TERCEROS', 1, '2020-08-24 11:51:23', '2020-08-24 11:51:23'),
(296, 'JORGE', 'TOME', '70942354', 'DNI', '927804811', '1990-11-23', NULL, NULL, 'RECOMENDACION DE TERCEROS', 1, '2020-08-24 12:47:57', '2020-08-24 12:47:57'),
(297, 'RAFAEL', 'GIL', '12885412', 'CE', '928830859', '1987-12-05', NULL, NULL, 'RECOMENDACION DE TERCEROS', 1, '2020-08-24 15:12:50', '2020-08-24 15:12:50'),
(298, 'ADRIAN', 'GARCIA MEJIA', '41064366', 'DNI', '948592017', '2009-09-09', NULL, NULL, 'RECOMENDACION DE TERCEROS', 1, '2020-08-24 15:22:36', '2020-08-24 15:22:36'),
(299, 'DAVID', 'MAFALDO', '75799444', 'DNI', '984000978', '1997-05-17', NULL, NULL, 'RECOMENDACION DE TERCEROS', 1, '2020-08-24 15:31:02', '2020-08-24 15:31:02'),
(300, 'MANUEL', 'CARDOZO', '05315372', 'DNI', '942524202', '1966-12-20', NULL, NULL, 'RECOMENDACION DE TERCEROS', 1, '2020-08-24 15:44:47', '2020-08-25 11:33:57'),
(301, 'JAROLD', 'ALVAREZ', '45132951', 'DNI', '941467765', '1988-04-14', NULL, NULL, 'RECOMENDACION DE TERCEROS', 1, '2020-08-24 18:09:18', '2020-08-24 18:09:18'),
(302, 'ALFREDO', 'DIAZ GARCIA', '70770963', 'DNI', '961012607', '1992-02-24', NULL, NULL, 'RECOMENDACION DE TERCEROS', 1, '2020-08-24 18:16:47', '2020-08-24 18:16:47'),
(303, 'JULIO CESAR', 'SANPAYA', '60678399', 'DNI', '94709522', '2001-03-30', NULL, NULL, 'RECOMENDACION DE TERCEROS', 1, '2020-08-24 18:28:13', '2020-09-17 12:45:13'),
(304, 'JAN', 'RIVAS', '73059496', 'DNI', '951170274', '2001-06-06', NULL, NULL, 'RECOMENDACION DE TERCEROS', 1, '2020-08-24 18:31:01', '2020-08-24 18:31:01'),
(305, 'ROGER', 'SALAS', '44616300', 'DNI', '960408229', '2020-08-27', NULL, NULL, 'RECOMENDACION DE TERCEROS', 1, '2020-08-24 19:25:28', '2020-08-27 21:47:31'),
(306, 'EROS', 'FERNANDEZ', '71276153', 'DNI', '950602411', '2004-05-28', NULL, NULL, 'RECOMENDACION DE TERCEROS', 1, '2020-08-25 11:45:13', '2020-08-25 11:45:13'),
(307, 'LUIS', 'ACENCIO', '40627015', 'DNI', '965619223', '1980-01-08', NULL, NULL, 'RECOMENDACION DE TERCEROS', 1, '2020-08-25 15:25:48', '2020-08-25 15:25:48'),
(308, 'JEAN PIER', 'CASTRO', '76001450', 'DNI', '984605114', '1995-10-01', NULL, NULL, 'RECOMENDACION DE TERCEROS', 1, '2020-08-25 15:27:56', '2020-08-25 15:27:56'),
(309, 'ALEXANDER', 'SANCHEZ', '75389563', 'DNI', '925267785', '1982-08-11', NULL, NULL, 'RECOMENDACION DE TERCEROS', 1, '2020-08-25 17:30:23', '2020-08-25 17:30:23'),
(310, 'POL', 'DAVILA', '46947879', 'DNI', '928801509', '1992-04-27', NULL, NULL, 'RECOMENDACION DE TERCEROS', 1, '2020-08-25 17:46:57', '2020-08-25 17:46:57'),
(311, 'JORGE', 'DAVILA', '00000000', 'DNI', '928801509', '2013-08-13', NULL, NULL, 'RECOMENDACION DE TERCEROS', 1, '2020-08-25 17:48:16', '2020-08-25 17:48:16'),
(312, 'JUAN MANUEL', 'CAVERO FLORES', '05339907', 'DNI', '914059930', '1970-12-25', NULL, NULL, 'RECOMENDACION DE TERCEROS', 1, '2020-08-25 18:55:19', '2020-08-25 18:55:19'),
(314, 'FRANCIS', 'ORBE', '00000000', 'DNI', '00000000', '2020-08-26', NULL, NULL, 'RECOMENDACION DE TERCEROS', 1, '2020-08-26 14:55:14', '2020-08-26 14:55:14'),
(315, 'LIAN', 'POQUIOMA', '45241786', 'DNI', '965699815', '2015-08-16', NULL, NULL, 'RECOMENDACION DE TERCEROS', 1, '2020-08-26 16:42:12', '2020-08-26 16:42:12'),
(316, 'VICTOR', 'VALERA', '05396658', 'DNI', '971724113', '1976-07-10', NULL, NULL, 'RECOMENDACION DE TERCEROS', 1, '2020-08-26 17:04:05', '2020-08-26 17:04:05'),
(317, 'ANTONIO', 'PASQUEL', '46423485', 'DNI', '954776732', '1990-01-22', NULL, NULL, 'RECOMENDACION DE TERCEROS', 1, '2020-08-26 17:49:34', '2020-08-26 17:49:34'),
(318, 'BRUNO', 'PASQUEL', '00000000', 'DNI', '998345193', '2006-12-09', NULL, NULL, 'RECOMENDACION DE TERCEROS', 1, '2020-08-26 17:50:53', '2020-08-26 17:50:53'),
(319, 'JASON', 'CAPARACHIM', '47805848', 'DNI', '956026834', '1992-12-10', NULL, NULL, 'RECOMENDACION DE TERCEROS', 1, '2020-08-26 18:09:15', '2020-08-26 18:09:15'),
(320, 'KEVIN', 'FARFAN', '72399216', 'DNI', '927165079', '1993-02-20', NULL, NULL, 'RECOMENDACION DE TERCEROS', 1, '2020-08-27 11:14:05', '2020-08-27 11:14:05'),
(321, 'JOSE', 'RODRIGUEZ', '40741560', 'DNI', '984229445', '1979-05-01', NULL, NULL, 'RECOMENDACION DE TERCEROS', 1, '2020-08-27 12:27:15', '2020-08-27 12:27:15'),
(322, 'JOSE', 'RODRIGUEZ', '74924130', 'DNI', '964705230', '1991-03-05', NULL, NULL, 'RECOMENDACION DE TERCEROS', 1, '2020-08-27 15:20:32', '2020-08-27 15:20:32'),
(323, 'EDUARDO', 'CERDEÑA', '71837291', 'DNI', '977657990', '1989-02-01', NULL, NULL, 'RECOMENDACION DE TERCEROS', 1, '2020-08-27 16:01:29', '2020-08-27 16:01:29'),
(324, 'Manuel', 'Rondona Campos', '05373145', 'DNI', '993277619', '2020-08-27', 'Jr. 9 de Diciembre 887', NULL, 'RECOMENDACION DE TERCEROS', 1, '2020-08-27 16:15:34', '2020-08-27 16:15:34'),
(325, 'CARLOS', 'DA SILVA', '42062438', 'DNI', '930492847', '1983-10-03', NULL, NULL, 'RECOMENDACION DE TERCEROS', 1, '2020-08-27 16:30:41', '2020-08-27 17:21:43'),
(326, 'OSCAR', 'BRAVO', '4140718', 'DNI', '956659961', '1982-04-27', NULL, NULL, 'PASO POR EL LUGAR', 1, '2020-08-27 18:20:30', '2020-08-27 18:20:30');
INSERT INTO `clientes` (`id`, `nombres`, `apellidos`, `num_doc`, `tipo_doc`, `telefono`, `fecha_nac`, `direccion`, `correo`, `descripcion`, `activo`, `created_at`, `updated_at`) VALUES
(327, 'DANIEL', 'ORTIZ', '47639511', 'DNI', '929957820', '1989-12-23', NULL, NULL, 'PASO POR EL LUGAR', 1, '2020-08-27 18:40:40', '2020-08-27 18:40:40'),
(328, 'VICTOR HUGO', 'ACHING GELDRES', '08273301', 'DNI', '969838283', '1967-03-03', NULL, NULL, 'RECOMENDACION DE TERCEROS', 1, '2020-08-27 18:49:13', '2020-08-27 18:49:13'),
(329, 'ANDRES', 'VARELA', '46008919', 'DNI', '982084237', '1989-01-17', NULL, NULL, 'PASO POR EL LUGAR', 1, '2020-08-27 19:01:03', '2020-08-27 19:01:03'),
(330, 'LUIS MARIO', 'ZUMAETA', '00000000', 'DNI', '967913026', '2003-02-21', NULL, NULL, 'PASO POR EL LUGAR', 1, '2020-08-27 19:43:54', '2020-08-27 19:43:54'),
(331, 'ANGELO', 'JULCAMORO', '74983431', 'DNI', '917356465', '1995-11-21', NULL, NULL, 'PASO POR EL LUGAR', 1, '2020-08-27 19:56:10', '2020-08-27 19:56:10'),
(332, 'ALAN', 'SANDI', '40882563', 'DNI', '910106975', '1981-04-28', NULL, NULL, 'PERSONAL IZIPAY', 1, '2020-08-28 11:13:34', '2020-10-01 11:14:26'),
(333, 'ERICK', 'REATEGUI', '45356871', 'DNI', '965648419', '1988-10-10', NULL, NULL, 'PASO POR EL LUGAR', 1, '2020-08-28 11:53:53', '2020-08-28 11:53:53'),
(334, 'VICTOR', 'ANDRADE', '05402685', 'DNI', '965062053', '1953-01-08', NULL, NULL, 'PASO POR EL LUGAR', 1, '2020-08-28 12:49:15', '2020-08-28 12:49:15'),
(335, 'DIEGO', 'FACUNDO', '45201240', 'DNI', '974167556', '2015-10-09', NULL, NULL, 'PASO POR EL LUGAR', 1, '2020-08-28 14:58:28', '2020-08-28 14:58:28'),
(336, 'LUIS', 'GODOY', '72176273', 'DNI', '939324604', '1993-06-10', NULL, NULL, 'PASO POR EL LUGAR', 1, '2020-08-28 15:14:04', '2020-08-28 15:14:04'),
(337, 'JOSE MANUEL', 'CASTILLO', '71411853', 'DNI', '995149201', '1995-12-02', NULL, NULL, 'PASO POR EL LUGAR', 1, '2020-08-28 15:53:58', '2020-08-28 15:53:58'),
(338, 'DANILO', 'RAMIREZ', '74521107', 'CE', '00000000', '1994-02-08', NULL, NULL, 'PASO POR EL LUGAR', 1, '2020-08-28 16:14:28', '2020-08-28 16:14:28'),
(339, 'VICTOR', 'VARGAS', '45213344', 'DNI', '940399696', '1988-04-12', NULL, NULL, 'PASO POR EL LUGAR', 1, '2020-08-28 16:41:42', '2020-08-28 16:41:42'),
(340, 'RUDY', 'JARAMA', '00000000', 'DNI', '926257320', '2003-05-03', NULL, NULL, 'PASO POR EL LUGAR', 1, '2020-08-28 16:56:20', '2020-08-28 16:56:20'),
(341, 'POLL', 'FERNANDEZ', '45487746', 'DNI', '937028418', '1988-11-30', NULL, NULL, 'PASO POR EL LUGAR', 1, '2020-08-28 17:21:04', '2020-08-28 17:21:04'),
(342, 'GINO', 'FRANCO', '44947178', 'DNI', '943165847', '1988-03-06', NULL, NULL, 'PASO POR EL LUGAR', 1, '2020-08-28 17:22:36', '2020-08-28 17:22:36'),
(344, 'ERICK', 'RODRIGUEZ', '73276714', 'DNI', '973929787', '2001-12-13', NULL, NULL, 'PASO POR EL LUGAR', 1, '2020-08-28 18:23:20', '2020-08-28 18:23:20'),
(345, 'ORIEL', 'JARAMA', '05392999', 'DNI', '940181437', '1976-03-06', NULL, NULL, 'PASO POR EL LUGAR', 1, '2020-08-28 18:57:33', '2020-08-28 18:57:33'),
(346, 'ALBERT', 'DIAZ', '19237388', 'DNI', '918913782', '1989-06-29', NULL, NULL, 'PASO POR EL LUGAR', 1, '2020-08-28 19:45:09', '2020-08-28 19:45:09'),
(347, 'ALDO', 'RUIZ BARDALES', '01131367', 'DNI', '927382496', '1973-11-04', NULL, NULL, 'RECOMENDACION DE TERCEROS', 1, '2020-08-29 11:51:35', '2020-08-29 11:51:35'),
(348, 'GERALDO', 'CHIRINOS', '74074093', 'DNI', '986646750', '1994-10-10', NULL, NULL, 'PASO POR EL LUGAR', 1, '2020-08-29 12:04:53', '2020-08-29 12:04:53'),
(349, 'BRIAN', 'RODRIGUEZ ALVA', '72478257', 'DNI', '935252012', '2003-07-02', NULL, NULL, 'RECOMENDACION DE TERCEROS', 1, '2020-08-29 12:31:01', '2020-08-29 12:31:01'),
(350, 'MARCO', 'HUANAQUIRI', '60954555', 'DNI', '921460119', '2001-12-02', NULL, NULL, 'PASO POR EL LUGAR', 1, '2020-08-29 15:06:32', '2020-08-29 15:06:32'),
(351, 'ALEXIS', 'RIOS', '60633566', 'DNI', '00000000', '2004-05-25', NULL, NULL, 'PASO POR EL LUGAR', 1, '2020-08-29 15:55:57', '2020-08-29 15:55:57'),
(352, 'MARIO', 'VELA', '77789374', 'DNI', '921724361', '2012-09-01', NULL, NULL, 'PASO POR EL LUGAR', 1, '2020-08-29 16:02:10', '2020-08-29 16:07:22'),
(353, 'JERSON JOEL', 'VELA FLORES', '73106030', 'DNI', '961768483', '2003-12-18', NULL, NULL, 'PASO POR EL LUGAR', 1, '2020-08-29 16:16:54', '2020-08-29 16:16:54'),
(354, 'WALTER', 'CARDENAS', '70090902', 'DNI', '935149126', '1991-10-26', NULL, NULL, 'PASO POR EL LUGAR', 1, '2020-08-29 17:37:58', '2020-08-29 17:37:58'),
(355, 'XAVI', 'ORTEGAN', '41027685', 'DNI', '917035093', '2015-08-30', NULL, NULL, 'PASO POR EL LUGAR', 1, '2020-08-29 19:07:35', '2020-08-29 19:07:35'),
(359, 'LUAN', 'FLORES', '70557486', 'DNI', '942999360', '2013-07-12', NULL, NULL, 'PASO POR EL LUGAR', 1, '2020-08-31 11:20:57', '2020-08-31 11:20:57'),
(360, 'CARLOS', 'MONZON', '05412019', 'DNI', '965016193', '1977-05-05', NULL, NULL, 'PASO POR EL LUGAR', 1, '2020-08-31 11:45:57', '2020-08-31 11:45:57'),
(361, 'JOSE', 'FLORES', '40864280', 'DNI', '916325324', '1980-11-09', NULL, NULL, 'PASO POR EL LUGAR', 1, '2020-08-31 12:17:36', '2020-08-31 12:17:36'),
(362, 'LUIS CARLOS', 'BURGOS', '73200689', 'DNI', '920489286', '2001-05-14', NULL, NULL, 'PASO POR EL LUGAR', 1, '2020-08-31 13:01:16', '2020-08-31 13:01:16'),
(363, 'ADRIAN', 'MELENDEZ', '00000000', 'DNI', '913232361', '2009-07-30', NULL, NULL, 'PASO POR EL LUGAR', 1, '2020-08-31 15:48:33', '2020-08-31 15:55:51'),
(364, 'MICHEL', 'ALARCON PALACIOS', '20565496', 'DNI', '942945663', '1971-05-03', NULL, NULL, 'PASO POR EL LUGAR', 1, '2020-08-31 17:35:20', '2020-08-31 17:35:20'),
(365, 'JORGE', 'VELA', '47876370', 'DNI', '973932166', '1992-08-19', NULL, NULL, 'PASO POR EL LUGAR', 1, '2020-08-31 18:10:05', '2020-08-31 18:10:05'),
(366, 'SEBASTIAN', 'ACOSTA', '73142475', 'DNI', '948872819', '2006-07-01', NULL, NULL, 'PASO POR EL LUGAR', 1, '2020-08-31 18:19:33', '2020-08-31 18:19:33'),
(367, 'DIEGO', 'VELA', '72755185', 'DNI', '920772665', '2005-02-25', NULL, NULL, 'PASO POR EL LUGAR', 1, '2020-08-31 18:41:42', '2020-11-16 16:36:05'),
(368, 'BRAYAN', 'MERA', '46727598', 'DNI', '965977916', '1990-10-12', NULL, NULL, 'PASO POR EL LUGAR', 1, '2020-08-31 18:44:41', '2020-08-31 18:44:41'),
(369, 'JACK', 'CALAMPA', '46252236', 'DNI', '935756050', '1989-08-09', NULL, NULL, 'PASO POR EL LUGAR', 1, '2020-09-01 11:24:18', '2020-09-01 11:24:18'),
(370, 'GABRIEL', 'GRANDES', '73021011', 'DNI', '98215933', '1997-07-11', NULL, NULL, 'PASO POR EL LUGAR', 1, '2020-09-01 15:08:33', '2020-09-01 15:08:33'),
(371, 'JOSHUA', 'VAZQUEZ', '46112718', 'DNI', '996200274', '2011-01-02', NULL, NULL, 'PASO POR EL LUGAR', 1, '2020-09-01 15:16:58', '2020-09-01 15:16:58'),
(372, 'FRANCO', 'RIOS SOTO', '76610826', 'DNI', '985726639', '2005-02-15', NULL, NULL, 'PASO POR EL LUGAR', 1, '2020-09-01 15:41:05', '2020-09-01 15:41:05'),
(373, 'ALEJANDRO', 'TREJO', '70641314', 'DNI', '72929361194', '2007-04-03', NULL, NULL, 'PASO POR EL LUGAR', 1, '2020-09-01 16:09:36', '2020-09-01 16:09:36'),
(374, 'MAYER', 'YUMBO', '61412518', 'DNI', '925271722', '2000-07-23', NULL, NULL, 'PASO POR EL LUGAR', 1, '2020-09-01 16:22:51', '2020-09-01 16:22:51'),
(375, 'JACKSON', 'VALVERDE', '42043723', 'DNI', '980596514', '1983-06-02', NULL, NULL, 'PASO POR EL LUGAR', 1, '2020-09-01 16:57:57', '2020-09-01 16:57:57'),
(376, 'BRAYAN', 'VELAZQUEZ', '00000000', 'DNI', '978267143', '2003-03-11', NULL, NULL, 'PASO POR EL LUGAR', 1, '2020-09-01 17:21:25', '2020-09-01 17:21:25'),
(378, 'ALONSO', 'NOVOA SOTO', '71274113', 'DNI', '994610853', '2020-09-02', NULL, 'aisaacnsoto@gmail.com', 'RECOMENDACION DE TERCEROS', 1, '2020-09-02 11:29:50', '2020-09-18 11:33:55'),
(379, 'ERNESTO', 'BELLO VEGA', '04413', 'CE', '934242517', '1991-09-05', NULL, NULL, 'PASABA POR AQUI', 1, '2020-09-02 15:23:24', '2020-09-02 15:28:07'),
(380, 'FABIO', 'CERRON', '742778956', 'DNI', '951411703', '2003-02-15', NULL, NULL, 'PASO POR EL LUGAR', 1, '2020-09-02 15:23:34', '2020-09-02 15:23:34'),
(381, 'ALI', 'VERGARA', '70525739', 'DNI', '931714244', '1992-05-18', NULL, NULL, 'PASO POR EL LUGAR', 1, '2020-09-02 16:26:17', '2020-09-02 16:26:17'),
(382, 'ALEXANDER', 'VEGA', '70116938', 'DNI', '935893130', '1991-12-29', NULL, NULL, 'PASO POR EL LUGAR', 1, '2020-09-02 16:40:21', '2020-09-02 16:40:21'),
(383, 'JOE', 'MONTALVAN', '46547388', 'DNI', '949245106', '1990-09-11', NULL, NULL, 'PASO POR EL LUGAR', 1, '2020-09-02 17:00:16', '2020-09-02 17:00:16'),
(384, 'ANTONIO', 'MORA PEREZ', '05226329', 'DNI', '949562749', '1951-06-07', NULL, NULL, 'PASO POR EL LUGAR', 1, '2020-09-02 17:28:50', '2020-09-02 17:28:50'),
(385, 'RAFAEL', 'RUIZ', '72097781', 'DNI', '942801550', '2001-12-31', NULL, NULL, 'PASO POR EL LUGAR', 1, '2020-09-02 18:55:56', '2020-09-02 18:55:56'),
(386, 'AARON', 'VASQUEZ', '71232686', 'DNI', '939859567', '2000-07-20', NULL, NULL, 'PASO POR EL LUGAR', 1, '2020-09-02 19:29:40', '2020-09-02 19:29:40'),
(387, 'JORDAN', 'LOPEZ', '70493779', 'DNI', '959070879', '2004-04-11', NULL, NULL, 'PASO POR EL LUGAR', 1, '2020-09-02 19:37:08', '2020-09-02 19:37:08'),
(388, 'JORGE', 'GARCIA', '07713776', 'DNI', '930685840', '1961-02-14', NULL, NULL, 'PASO POR EL LUGAR', 1, '2020-09-03 10:49:21', '2020-09-03 10:49:21'),
(389, 'JHON', 'POLL', '77299315', 'DNI', '964934153', '2006-09-04', NULL, NULL, 'PASO POR EL LUGAR', 1, '2020-09-03 11:31:38', '2020-09-03 16:04:10'),
(390, 'DANIEL', 'MATTOS', '46089932', 'DNI', '974125200', '1989-10-08', NULL, NULL, 'PASO POR EL LUGAR', 1, '2020-09-03 11:52:05', '2020-09-03 11:52:05'),
(391, 'LLEISON', 'PINEDO', '44333465', 'DNI', '944452597', '1981-12-05', NULL, NULL, 'PASO POR EL LUGAR', 1, '2020-09-03 12:35:35', '2020-09-03 12:35:35'),
(392, 'AISSON', 'GUZMAN', '77447088', 'DNI', '965965737', '2011-08-19', NULL, NULL, 'RECOMENDACION DE TERCEROS', 1, '2020-09-03 12:39:41', '2020-09-03 12:39:41'),
(393, 'MICHAEL', 'URBINA', '43765368', 'DNI', '945257957', '1986-10-04', NULL, NULL, 'PASO POR EL LUGAR', 1, '2020-09-03 16:23:50', '2020-09-03 16:23:50'),
(394, 'PIEROL', 'NAVARRO', '00000000', 'DNI', '942407314', '2019-05-08', NULL, NULL, 'PASO POR EL LUGAR', 1, '2020-09-03 18:39:42', '2020-09-03 18:39:42'),
(395, 'PERSI', 'PAREDES', '43989541', 'DNI', '910894338', '1986-12-25', NULL, NULL, 'PASO POR EL LUGAR', 1, '2020-09-04 12:04:44', '2020-09-04 12:04:44'),
(396, 'ROBERTEL', 'ANGULO', '41821724', 'DNI', '985114596', '1982-08-05', NULL, NULL, 'PASO POR EL LUGAR', 1, '2020-09-04 12:11:56', '2020-09-04 12:11:56'),
(397, 'LUIS', 'ARGOMEDO', '44657264', 'DNI', '959706478', '1986-04-11', NULL, NULL, 'PASO POR EL LUGAR', 1, '2020-09-04 12:13:51', '2020-09-04 12:13:51'),
(398, 'DIEGO', 'NAVARRO', '75627430', 'DNI', '981610240', '2000-05-17', NULL, NULL, 'PASO POR EL LUGAR', 1, '2020-09-05 11:25:18', '2020-09-05 11:25:18'),
(399, 'JOSE', 'SALCEDO', '15949934', 'DNI', '990085101', '1983-01-07', NULL, NULL, 'PASO POR EL LUGAR', 1, '2020-09-05 11:40:06', '2020-09-05 11:40:06'),
(400, 'MATHEUS', 'HORNA', '44996606', 'DNI', '976058616', '2017-12-15', NULL, NULL, 'PASO POR EL LUGAR', 1, '2020-09-05 12:07:20', '2020-09-05 12:07:20'),
(401, 'JOSEPH', 'CARDOZO LONG', '72370608', 'DNI', '956357283', '2006-04-01', NULL, NULL, 'RECOMENDACION DE TERCEROS', 1, '2020-09-05 15:08:30', '2020-09-05 15:08:30'),
(402, 'CHRISTIAN', 'REATEGUI', '70763573', 'DNI', '942686111', '1998-01-12', NULL, NULL, 'PASO POR EL LUGAR', 1, '2020-09-05 17:00:46', '2020-09-05 17:00:46'),
(403, 'FERNANDO', 'ALVARADO', '42161733', 'DNI', '965834205', '1983-10-30', NULL, NULL, 'PASO POR EL LUGAR', 1, '2020-09-05 17:16:44', '2020-09-05 17:16:44'),
(404, 'ADRIANO', 'FLORES', '00000000', 'DNI', '952010681', '2008-12-19', NULL, NULL, 'RECOMENDACION DE TERCEROS', 1, '2020-09-07 11:17:14', '2020-09-07 11:17:14'),
(405, 'ANDREE', 'FLORES', '00000000', 'DNI', '952010681', '2012-07-23', NULL, NULL, 'RECOMENDACION DE TERCEROS', 1, '2020-09-07 11:18:20', '2020-09-07 11:18:20'),
(406, 'MARCOS', 'MOZOMBITE', '76582555', 'DNI', '00000000', '1997-08-26', NULL, NULL, 'RECOMENDACION DE TERCEROS', 1, '2020-09-07 12:19:06', '2020-09-07 12:19:06'),
(407, 'AIDAN', 'MURAYARY', '00000000', 'DNI', '916785447', '2017-05-24', NULL, NULL, 'PASO POR EL LUGAR', 1, '2020-09-07 12:25:57', '2020-09-07 12:25:57'),
(408, 'ALFONSO', 'NORIEGA', '40382387', 'DNI', '944891274', '1979-12-24', NULL, NULL, 'PASO POR EL LUGAR', 1, '2020-09-07 12:53:41', '2020-09-07 12:53:41'),
(409, 'OSCAR', 'JARAMA', '43356445', 'DNI', '957988974', '1986-01-05', NULL, NULL, 'PASO POR EL LUGAR', 1, '2020-09-07 15:06:26', '2020-09-07 15:06:26'),
(410, 'JOSE', 'SOAREZ', '43600437', 'DNI', '964348453', '1986-04-11', NULL, NULL, 'ANUNCIO EN REDES U OTROS MEDIOS', 1, '2020-09-07 17:12:01', '2020-09-07 17:12:01'),
(411, 'YAN CARLOS', 'ROKES', '46559773', 'DNI', '995363291', '1990-10-09', NULL, NULL, 'PASO POR EL LUGAR', 1, '2020-09-07 18:17:20', '2020-09-07 18:17:20'),
(412, 'ROMER', 'VASQUEZ ALFARO', '46935528', 'DNI', '00000000', '1991-04-15', NULL, NULL, 'PASO POR EL LUGAR', 1, '2020-09-07 18:53:51', '2020-09-07 18:53:51'),
(413, 'CARLOS', 'YSHIDA', '70436824', 'DNI', '975177751', '1991-03-14', NULL, NULL, 'PASO POR EL LUGAR', 1, '2020-09-08 12:50:54', '2020-09-08 12:50:54'),
(414, 'ANTHONY', 'RIVAS', '73025127', 'DNI', '945402558', '1995-01-31', NULL, NULL, 'PASO POR EL LUGAR', 1, '2020-09-08 17:56:19', '2020-09-08 17:56:19'),
(415, 'ANDERSON', 'PACHECO SORINO', '42630406', 'DNI', '937523427', '1982-03-25', NULL, NULL, 'RECOMENDACION DE TERCEROS', 1, '2020-09-08 18:05:03', '2020-09-08 18:05:03'),
(416, 'JUAN JOSE', 'SHIBUYA', '05372542', 'DNI', '965610492', '1954-06-03', NULL, NULL, 'PASO POR EL LUGAR', 1, '2020-09-08 18:39:55', '2020-09-08 18:39:55'),
(417, 'RODRIGO', 'PARANO', '70759478', 'DNI', '918474176', '1993-10-26', NULL, NULL, 'PASO POR EL LUGAR', 1, '2020-09-09 11:13:15', '2020-09-09 11:13:15'),
(418, 'MANUEL', 'PANTOJA', '42780438', 'DNI', '965893528', '1984-12-25', NULL, NULL, 'PASO POR EL LUGAR', 1, '2020-09-09 11:29:39', '2020-09-09 11:29:39'),
(419, 'TRENT', 'VANHOOSE', '49195513', 'CE', '920641436', '1991-06-14', NULL, NULL, 'PASO POR EL LUGAR', 1, '2020-09-09 11:48:43', '2020-09-09 11:48:43'),
(420, 'ISRRAEL', 'LOZANO', '42742732', 'DNI', '922975296', '1984-12-02', NULL, NULL, 'PASO}', 1, '2020-09-09 18:16:52', '2020-09-09 18:16:52'),
(421, 'SANTINO', 'CARDENAS', '00000000', 'DNI', '947013362', '2016-11-24', NULL, NULL, 'RECOMENDACION DE TERCEROS', 1, '2020-09-09 18:33:11', '2020-09-09 18:33:11'),
(422, 'DIEGO', 'INCIO GARCIA', '70695835', 'DNI', '987479822', '2007-04-24', NULL, NULL, 'PASO POR EL LUGAR', 1, '2020-09-09 18:41:54', '2020-09-09 19:29:08'),
(423, 'MANUEL EDUARDO', 'INCIO GARCIA', '73955445', 'DNI', '987479822', '2005-04-15', NULL, NULL, 'PASO POR EL LUGAR', 1, '2020-09-09 18:43:12', '2020-09-09 19:23:29'),
(424, 'CESAR ALEXANDER', 'VASQUEZ', '00000000', 'DNI', '918376250', '2010-04-20', NULL, NULL, 'PASO POR EL LUGAR', 1, '2020-09-09 19:51:31', '2020-09-09 19:51:31'),
(425, 'EDSON PATRICIO', 'VASQUEZ FLORES', '60963306', 'DNI', '918376250', '2006-11-09', NULL, NULL, 'PASO POR EL LUGAR', 1, '2020-09-09 19:54:20', '2020-09-09 19:54:20'),
(426, 'ASENCION', 'RIOS', '40475086', 'DNI', '917507951', '1977-09-04', NULL, NULL, 'PASO POR EL LUGAR', 1, '2020-09-10 11:09:15', '2020-09-10 11:09:15'),
(427, 'HASNES', 'LOZANO', '41236360', 'DNI', '916164593', '2020-01-01', NULL, NULL, 'CLIENTE ANTIGUO', 1, '2020-09-10 11:23:51', '2020-09-10 11:24:46'),
(428, 'CARLOS', 'CISNEROS', '44374634', 'DNI', '917002948', '1987-07-06', NULL, NULL, 'CLIEN}', 1, '2020-09-10 12:17:56', '2020-09-10 12:17:56'),
(429, 'GINO', 'RIVAS', '72737393', 'DNI', '962914239', '2005-01-31', NULL, NULL, 'PASO POR EL LUGAR', 1, '2020-09-10 15:27:23', '2020-09-10 15:27:23'),
(430, 'JOEL', 'TORRES', '73130114', 'DNI', '998991496', '2004-07-13', NULL, NULL, 'PASO POR EL LUGAR', 1, '2020-09-10 16:27:06', '2020-09-10 16:27:06'),
(431, 'PIERO', 'ALBA', '72752273', 'DNI', '984024265', '2004-08-05', NULL, NULL, 'PASO POR EL LUGAR', 1, '2020-09-10 17:39:26', '2020-09-10 17:39:26'),
(432, 'MARIO', 'ROJAS', '00000000', 'DNI', '935835989', '2004-08-15', NULL, NULL, 'PASO POR EL LUGAR', 1, '2020-09-10 18:15:30', '2020-09-10 18:15:30'),
(433, 'JOSE', 'GONZALEZ', '70929988', 'DNI', '951464157', '1995-02-10', NULL, NULL, 'PASO POR EL LUGAR', 1, '2020-09-10 18:44:10', '2020-09-10 18:44:10'),
(434, 'BENJAMIN', 'SALDAÑA', '00000000', 'DNI', '984701407', '2016-03-11', NULL, NULL, 'PASO POR EL LUGAR', 1, '2020-09-10 19:16:06', '2020-10-10 16:14:02'),
(435, 'ARISTIDES', 'GONCALVEZ COLLANTES', '71286938', 'DNI', '928734153', '1997-10-08', NULL, NULL, 'PASO POR EL LUGAR', 1, '2020-09-10 19:42:16', '2020-09-10 19:42:16'),
(436, 'STEVE', 'ALVA', '43839212', 'DNI', '951501569', '1986-10-22', NULL, NULL, 'CLIENTE ANTIGUO', 1, '2020-09-11 12:37:47', '2020-09-11 12:37:47'),
(437, 'DIEGO', 'PAUCAR', '71612960', 'DNI', '957285056', '1992-08-27', NULL, NULL, 'CLIENTE ANTIGUO', 1, '2020-09-11 17:02:15', '2020-09-11 17:02:15'),
(438, 'JORDANNO', 'LEON', '00000000', 'DNI', '945344624', '2004-03-01', NULL, NULL, 'PASO POR EL LUGAR', 1, '2020-09-11 17:40:46', '2020-09-11 17:40:46'),
(439, 'JHON', 'RIOS', '00000000', 'DNI', '988020076', '2000-03-17', NULL, NULL, 'CLIENTE ANTIGUO', 1, '2020-09-11 18:47:06', '2020-09-11 18:47:06'),
(440, 'BRYAN', 'ARRIAGA MENDOZA', '75274605', 'DNI', '954900001', '1994-04-03', NULL, NULL, 'PASO POR EL LUGAR', 1, '2020-09-11 19:28:46', '2020-09-11 19:42:57'),
(441, 'JAVIER', 'PERALES', '48009022', 'DNI', '993452363', '1993-10-15', NULL, NULL, 'PASO POR EL LUGAR', 1, '2020-09-11 19:34:38', '2020-09-11 19:34:38'),
(442, 'GAEL JAVIER', 'PERALES CHAVEZ', '00000000', 'DNI', '993452363', '0000-00-00', NULL, NULL, 'PASO POR EL LUGAR', 1, '2020-09-11 19:35:44', '2020-09-11 19:35:44'),
(443, 'RANSES', 'REATEGUI', '70948503', 'DNI', '982030318', '1995-06-14', NULL, NULL, 'PASO POR EL LUGAR', 1, '2020-09-11 19:58:02', '2020-09-11 19:58:02'),
(444, 'JUNIOR ROLDAN', 'LOPEZ HIDALGO', '48317079', 'DNI', '945606583', '1994-07-18', NULL, NULL, 'CLIENTE ANTIGUO', 1, '2020-09-11 20:40:20', '2020-09-11 20:40:20'),
(445, 'MANUEL', 'GUERRERO', '45725993', 'DNI', '962253945', '1989-05-03', NULL, NULL, 'PASO POR EL LUGAR', 1, '2020-09-12 10:59:57', '2020-09-12 10:59:57'),
(446, 'REYSER', 'ROJAS', '72676300', 'DNI', '919033103', '2002-11-23', NULL, NULL, 'PASO POR EL LUGAR', 1, '2020-09-12 11:30:42', '2020-09-12 11:30:42'),
(447, 'CARLOS', 'URQUIZO', '70078194', 'DNI', '976206057', '1991-02-13', NULL, NULL, 'PASO POR EL LUGAR', 1, '2020-09-12 11:36:59', '2020-09-12 11:36:59'),
(448, 'JAM PIER', 'MORI', '76479982', 'DNI', '929976300', '1999-09-10', NULL, NULL, 'PASO POR EL LUGAR', 1, '2020-09-12 12:14:10', '2020-09-12 12:14:10'),
(449, 'ALVARO', 'BARDALES', '71590581', 'DNI', '966619843', '1997-06-01', NULL, NULL, 'PASO POR EL LUGAR', 1, '2020-09-12 12:18:08', '2020-09-12 12:18:08'),
(450, 'WILLIAM', 'CALLE HIDALGO', '62373689', 'DNI', '966883355', '2009-12-19', NULL, NULL, 'RECOMENDACION DE TERCEROS', 1, '2020-09-12 12:24:31', '2020-09-12 12:24:31'),
(451, 'ERICK', 'TORIBIO', '72770855', 'DNI', '927359662', '1997-01-01', NULL, NULL, 'PASO POR EL LUGAR', 1, '2020-09-12 16:03:00', '2020-09-12 16:03:00'),
(452, 'VICENTE', 'VICENTE', '70653142', 'DNI', '949987176', '1991-04-12', NULL, NULL, 'CLIENTE ANTIGUO', 1, '2020-09-12 16:28:21', '2020-09-12 16:28:21'),
(453, 'LARRY', 'MIRANDA FLORES', '71100252', 'DNI', '00000000', '1996-09-07', NULL, NULL, 'CLIENTE ANTIGUO', 1, '2020-09-12 16:59:07', '2020-09-12 16:59:07'),
(454, 'MICHAEL', 'RUIZ POULLOSA', '00000000', 'DNI', '927382496', '2010-07-16', NULL, NULL, 'RECOMENDACION DE TERCEROS', 1, '2020-09-12 17:05:46', '2020-09-12 17:05:46'),
(455, 'GUILLERMO ALBERTO', 'RUIZ POULLOSA', '00000000', 'DNI', '927382496', '2005-11-30', NULL, NULL, 'RECOMENDACION DE TERCEROS', 1, '2020-09-12 17:08:28', '2020-09-12 17:08:28'),
(456, 'EICK', 'CACHIQUE LOPEZ', '05263343', 'DNI', '965944872', '1963-03-20', NULL, NULL, 'CLIENTE ANTIGUO', 1, '2020-09-12 19:22:04', '2020-09-12 19:22:52'),
(457, 'GABRIEL', 'NAVARRO', '76566298', 'DNI', '976316413', '1996-04-28', NULL, NULL, 'CLIENTE ANTIGUO', 1, '2020-09-14 11:55:11', '2020-09-14 11:55:11'),
(458, 'EDUARDO', 'TORRES TRIGOSO', '72753371', 'DNI', '965657072', '2002-12-13', NULL, NULL, 'CLIENTE ANTIGUO', 1, '2020-09-14 18:44:05', '2020-09-14 18:44:05'),
(459, 'PEDRO', 'MORI', '40664919', 'DNI', '922019609', '1980-10-04', NULL, NULL, 'CLIENTE ANTIGUO', 1, '2020-09-14 20:06:15', '2020-09-14 20:06:15'),
(460, 'VICTOR', 'MACEDO', '45443429', 'DNI', '927360689', '2009-07-03', NULL, NULL, 'CLIENTE ANTIGUO', 1, '2020-09-14 20:09:44', '2020-09-14 20:09:44'),
(461, 'JHORDANO', 'REATEGUI', '48302624', 'DNI', '916281347', '2011-10-08', NULL, NULL, 'CLIENTE ANTIGUO', 1, '2020-09-14 20:22:01', '2020-09-14 20:22:01'),
(462, 'LIAN', 'ALDEAGA', '05207501', 'DNI', '966203366', '2015-08-09', NULL, NULL, 'CLIENTE ANTIGUO', 1, '2020-09-15 16:54:21', '2020-09-15 16:54:21'),
(463, 'PATRICIO', 'LANDRY', '72634260', 'DNI', '00000000', '2018-03-22', NULL, NULL, 'PASO POR EL LUGAR', 1, '2020-09-15 18:01:53', '2020-09-15 18:01:53'),
(464, 'YAMIL', 'TUESTA', '46569231', 'DNI', '970525396', '1990-08-27', NULL, NULL, 'CLIENTE ANTIGUO', 1, '2020-09-15 18:51:05', '2020-09-15 18:51:05'),
(465, 'ROGER', 'MEREL', '42553219', 'DNI', '956609339', '1984-07-18', NULL, NULL, 'CLIENTE ANTIGUO', 1, '2020-09-15 19:56:44', '2020-09-15 19:56:44'),
(466, 'JUAN', 'BENDEZU', '23708334', 'DNI', '960141483', '1970-12-03', NULL, NULL, 'CLIENTE ANTIGUO', 1, '2020-09-15 20:31:31', '2020-09-15 20:31:31'),
(467, 'IKER SEBASTIAN', 'RAMIREZ RODRIGUEZ', '00000000', 'DNI', '943979900', '2015-05-08', NULL, NULL, 'RECOMENDACION DE TERCEROS', 1, '2020-09-16 12:17:18', '2020-09-16 12:17:18'),
(468, 'MIGUEL ANGEL', 'RAMIREZ PANDURO', '43589929', 'DNI', '943979900', '1986-05-18', NULL, NULL, 'RECOMENDACION DE TERCEROS', 1, '2020-09-16 12:18:21', '2020-09-16 12:18:21'),
(469, 'FREIBY', 'MORA', '002665372', 'DNI', '969987005', '1995-09-10', NULL, NULL, 'PASO POR EL LUGAR', 1, '2020-09-16 12:25:54', '2020-09-16 12:25:54'),
(470, 'ROBER', 'GARCIA', '74863126', 'DNI', '996980816', '1997-03-12', NULL, NULL, 'CLIENTE ANTIGUO', 1, '2020-09-16 16:42:01', '2020-09-16 16:42:01'),
(471, 'JEMISSON', 'DELGADO POMA', '00000000', 'DNI', '948919936', '2016-10-30', NULL, NULL, 'CLIENTE ANTIGUO', 1, '2020-09-16 17:12:36', '2020-09-16 17:12:36'),
(472, 'MARTIN', 'PADILLA', '05380228', 'DNI', '943184670', '1975-05-28', NULL, NULL, 'PASO POR EL LUGAR', 1, '2020-09-16 17:14:02', '2020-09-16 17:14:02'),
(473, 'PAULO', 'RIVERA', '75949349', 'DNI', '979940908', '1996-10-17', NULL, NULL, 'CLIENTE ANTIGUO', 1, '2020-09-16 18:06:59', '2020-09-16 18:06:59'),
(474, 'EMILIANO', 'PINEDO', '00000000', 'DNI', '955589897', '2009-10-25', NULL, NULL, 'CLIENTE ANTIGUO', 1, '2020-09-16 19:57:57', '2020-09-16 19:57:57'),
(475, 'ALEXIS', 'JESUS SANCHEZ', '72124053', 'DNI', '985372528', '1997-09-19', NULL, NULL, 'RECOMENDACION DE TERCEROS', 1, '2020-09-17 11:55:01', '2020-09-17 11:55:01'),
(476, 'ANDRAI', 'RAMIREZ', '00000000', 'DNI', '939047442', '2012-09-18', NULL, NULL, 'CLIENTE ANTIGUO', 1, '2020-09-17 12:52:18', '2020-11-16 18:02:52'),
(477, 'JOSE CARLO', 'CORIAT NOLBERTO', '77081689', 'DNI', '995412942', '2014-02-04', NULL, NULL, 'PASO POR EL LUGAR', 1, '2020-09-17 18:14:37', '2020-09-17 18:14:37'),
(478, 'LUIS', 'FLORES', '00000000', 'DNI', '962158464', '2004-10-14', NULL, NULL, 'PASO POR EL LUGAR', 1, '2020-09-17 19:13:20', '2020-09-17 19:13:20'),
(479, 'ENZO', 'GALLARDO', '71897046', 'DNI', '942763995', '1998-10-27', NULL, NULL, 'CLIENTE ANTIGUO', 1, '2020-09-17 19:21:56', '2020-09-17 19:21:56'),
(480, 'JHONY', 'TORRES', '00000000', 'DNI', '00000000', '0001-01-01', NULL, NULL, 'ACTUALIZAR DATOS', 1, '2020-09-18 11:15:13', '2020-09-18 11:15:13'),
(481, 'JULIO', 'FREITAS', '40202930', 'DNI', '919010368', '1979-05-29', NULL, NULL, 'CLIENTE ANTIGUO', 1, '2020-09-18 11:59:12', '2020-09-18 11:59:12'),
(482, 'GERSON', 'MIRANDA CRUZ', '76382705', 'DNI', '940475240', '2000-10-01', NULL, NULL, 'CLIENTE ANTIGUO', 1, '2020-09-18 12:36:14', '2020-09-18 12:36:14'),
(483, 'JORGE ANTONIO', 'MARQUEZ', '00000000', 'DNI', '998476875', '2007-09-19', NULL, NULL, 'RECOMENDACION DE TERCEROS', 1, '2020-09-18 17:01:29', '2020-09-18 17:01:29'),
(484, 'PEPE', 'GONZALEZ', '71926328', 'DNI', '945135244', '2003-07-18', NULL, NULL, 'PASO POR EL LUGAR', 1, '2020-09-18 19:02:39', '2020-09-18 19:02:39'),
(485, 'FABRICIO', 'CERRUTI', '75525944', 'DNI', '065234047', '2005-11-19', NULL, NULL, 'PASO POR EL LUGAR', 1, '2020-09-18 19:22:01', '2020-09-18 19:22:01'),
(486, 'CARLOS', 'PACHAS', '71214453', 'DNI', '936225531', '1992-06-15', NULL, NULL, 'CLIENTE ANTIGUO', 1, '2020-09-18 19:58:52', '2020-09-18 19:58:52'),
(487, 'KEVIN', 'REINA', '00000000', 'DNI', '00000000', '2020-01-19', NULL, NULL, 'ACTUALIZAR DATOS', 1, '2020-09-19 11:29:08', '2020-09-19 11:29:29'),
(488, 'FRANK', 'PEÑA', '48339157', 'DNI', '99442883', '1989-09-30', NULL, NULL, 'PASO POR EL LUGAR', 1, '2020-09-19 11:52:23', '2020-09-19 11:52:23'),
(489, 'ASDRUBAL', 'ARIAS', '00000000', 'DNI', '972083817', '2013-12-23', NULL, NULL, 'RECOMENDACION DE TERCEROS', 1, '2020-09-19 12:14:50', '2020-09-19 12:18:23'),
(490, 'GAEL ANDRE', 'ARTICA FLORES', '00000000', 'DNI', '950926074', '2015-05-18', NULL, NULL, 'CLIENTE ANTIGUO', 1, '2020-09-19 12:46:25', '2020-09-19 12:46:25'),
(491, 'JOSE', 'NAKAYA', '70251061', 'DNI', '994422048', '1992-01-25', NULL, NULL, 'PASO POR EL LUGAR', 1, '2020-09-19 15:35:45', '2020-09-19 15:35:45'),
(492, 'AYRTON', 'CHAVEZ', '73665246', 'DNI', '995559507', '1993-06-08', NULL, NULL, 'PASO POR EL LUGAR', 1, '2020-09-19 16:06:37', '2020-09-19 16:06:37'),
(493, 'ISRRAEL', 'RUIZ', '00000000', 'DNI', '945121770', '2004-04-18', NULL, NULL, 'PASO POR EL LUGAR', 1, '2020-09-19 16:08:14', '2020-09-19 16:08:14'),
(494, 'KEVIN', 'RUIZ', '76909294', 'DNI', '920652155', '1997-06-02', NULL, NULL, 'PASO POR EL LUGAR', 1, '2020-09-19 16:33:59', '2020-09-19 16:33:59'),
(495, 'MANUEL', 'GRANDEZ', '00000000', 'DNI', '981450786', '2004-12-10', NULL, NULL, 'PASO POR EL LUGAR', 1, '2020-09-19 18:07:18', '2020-09-19 18:07:18'),
(496, 'SEBASTIAN', 'CAVEDO', '00000000', 'DNI', '914059930', '2000-08-19', NULL, NULL, 'RECOMENDACION DE TERCEROS', 1, '2020-09-19 18:41:42', '2020-09-19 19:22:41'),
(497, 'EROS', 'GOMEZ', '00000000', 'DNI', '929625869', '2015-07-15', NULL, NULL, 'RECOMENDACION DE TERCEROS', 1, '2020-09-19 18:46:51', '2020-09-19 18:46:51'),
(498, 'DAVID', 'PINEDO', '00000000', 'DNI', '00000000', '2005-01-13', NULL, NULL, 'PASO POR EL LUGAR', 1, '2020-09-19 19:33:39', '2020-09-19 19:33:39'),
(499, 'LIU YAN', 'MELENDEZ', '61453819', 'DNI', '913232361', '2005-11-02', NULL, NULL, 'RECOMENDACION DE TERCEROS', 1, '2020-09-21 10:19:45', '2020-09-21 10:19:45'),
(500, 'YARED', 'MELENDEZ', '78311413', 'DNI', '913232361', '2013-10-30', NULL, NULL, 'RECOMENDACION DE TERCEROS', 1, '2020-09-21 10:21:36', '2020-09-21 10:21:36'),
(501, 'SAID', 'MOSSAD', '70405337', 'DNI', '969399479', '2004-08-25', NULL, NULL, 'CLIENTE ANTIGUO', 1, '2020-09-21 12:14:17', '2020-09-21 12:14:17'),
(502, 'JAIR', 'MEJIAS', '05367777', 'DNI', '936010000', '1976-12-15', NULL, NULL, 'CLIENTE ANTIGUO', 1, '2020-09-21 20:01:45', '2020-09-21 20:01:45'),
(503, 'SMITH', 'AGUILA', '732193846', 'DNI', '933691925', '1992-12-30', NULL, NULL, 'CLIENTE ANTIGUO', 1, '2020-09-22 16:15:01', '2020-09-22 16:15:01'),
(504, 'FABRICIO', 'MURRIETA', '71013887', 'DNI', '939569149', '2004-05-31', NULL, NULL, 'CLIENTE ANTIGUO', 1, '2020-09-22 16:32:10', '2020-09-22 16:32:10'),
(505, 'JHONATAN', 'BENDEZU', '47697527', 'DNI', '969909970', '1992-12-23', NULL, NULL, 'PASO POR EL LUGAR', 1, '2020-09-22 16:57:42', '2020-09-22 16:57:42'),
(506, 'JORGE', 'LANDA', '42206725', 'DNI', '930977723', '1984-01-31', NULL, NULL, 'CLIENTE ANTIGUO', 1, '2020-09-22 18:07:31', '2020-09-22 18:07:31'),
(507, 'KEVIN', 'PUSCAN', '47604229', 'DNI', '965049284', '1991-12-25', NULL, NULL, 'PASO POR EL LUGAR', 1, '2020-09-22 18:30:13', '2020-09-22 18:30:13'),
(508, 'DANIEL', 'GUERRA', '00000000', 'DNI', '942282585', '2004-02-27', NULL, NULL, 'CLIENTE ANTIGUO', 1, '2020-09-22 18:35:29', '2020-09-22 18:35:29'),
(509, 'TITO', 'ACOSTA', '05342636', 'DNI', '965024800', '1971-06-21', NULL, NULL, 'CLIENTE ANTIGUO', 1, '2020-09-22 19:35:45', '2020-09-22 19:35:45'),
(510, 'LUCAS', 'LONG', '71137097', 'DNI', '949460130', '2002-03-12', NULL, NULL, 'CLIENTE ANTIGUO', 1, '2020-09-22 19:38:22', '2020-09-22 19:38:22'),
(511, 'WILSON', 'RIVERA', '00000000', 'DNI', '979940908', '2010-08-09', NULL, NULL, 'RECOMENDACION DE TERCEROS', 1, '2020-09-23 12:42:09', '2020-09-23 12:42:09'),
(512, 'ENMANUEL', 'CARBAJAL', '71464623', 'DNI', '969987333', '2000-09-24', NULL, NULL, 'CLIENTE ANTIGUO', 1, '2020-09-23 16:05:18', '2020-09-23 16:05:18'),
(513, 'CERAPIO', 'GARCIA', '73585170', 'DNI', '942497978', '2000-06-23', NULL, NULL, 'PASO POR EL LUGAR', 1, '2020-09-23 16:40:16', '2020-09-23 16:40:16'),
(514, 'MATTEO', 'LOAIZA', '00000000', 'DNI', '961095695', '2020-09-26', NULL, NULL, 'PASO POR EL LUGAR', 1, '2020-09-23 16:43:01', '2020-09-23 16:43:01'),
(515, 'ROLANDO JAVIER', 'TORRES CAHUANI', '78634380', 'DNI', '929823433', '1999-04-12', NULL, NULL, 'PASO POR EL LUGAR', 1, '2020-09-23 17:55:07', '2020-09-23 17:55:07'),
(516, 'JUNIOR', 'PEREIRA', '73086804', 'DNI', '957687067', '1993-05-05', NULL, NULL, 'CLIENTE ANTIGUO', 1, '2020-09-23 19:04:57', '2020-09-23 19:04:57'),
(517, 'TAKASHI', 'MATSUFUJI', '74450126', 'DNI', '982639937', '2002-05-29', NULL, NULL, 'PASO POR EL LUGAR', 1, '2020-09-23 19:44:57', '2020-09-23 19:44:57'),
(518, 'MARCOS', 'CASANI', '74174293', 'DNI', '998273475', '1993-07-10', NULL, NULL, 'CLIENTE ANTIGUO', 1, '2020-09-23 19:47:01', '2020-09-23 19:47:01'),
(519, 'GIOVANNY', 'CASTRO', '74249557', 'DNI', '959862713', '1997-06-02', NULL, NULL, 'CLIENTE ANTIGUO', 1, '2020-09-23 19:50:00', '2020-09-23 19:50:00'),
(520, 'JIMMI', 'IHUARAQUI', '00000000', 'DNI', '910598420', '2003-08-30', NULL, NULL, 'PASO POR EL LUGAR', 1, '2020-09-24 12:56:17', '2020-09-24 12:56:17'),
(521, 'JOINER', 'YEICATE', '73001643', 'DNI', '900499360', '2002-11-21', NULL, NULL, 'PASO POR EL LUGAR', 1, '2020-09-24 17:07:37', '2020-09-24 17:07:37'),
(522, 'GABRIEL', 'MELENDEZ', '40014781', 'DNI', '936232361', '1978-12-13', NULL, NULL, 'RECOMENDACION DE TERCEROS', 1, '2020-09-24 17:09:25', '2020-09-24 17:09:25'),
(523, 'CARLOS', 'VILLANUEVA', '46819467', 'DNI', '957299383', '1991-11-20', NULL, NULL, 'CLIENTE ANTIGUO', 1, '2020-09-24 19:36:53', '2020-09-24 19:36:53'),
(524, 'ADRIANO  LEANDRO', 'ZERRAGA YCAHUATE', '74849648', 'DNI', '910780508', '2004-09-25', NULL, NULL, 'CLIENTE ANTIGUO', 1, '2020-09-25 10:34:24', '2020-09-25 10:34:24'),
(525, 'JORGE LUIS', 'JANEIRO MACEDO', '43473864', 'DNI', '978365642', '1984-06-07', NULL, NULL, 'CLIENTE ANTIGUO', 1, '2020-09-25 11:40:27', '2020-09-25 11:40:27'),
(526, 'FRANCISCO', 'DE VASCONCELOS', '42650635', 'DNI', '935102672', '1984-07-31', NULL, NULL, 'CLIENTE ANTIGUO', 1, '2020-09-25 16:44:16', '2020-09-25 16:44:16'),
(527, 'KYLIAN', 'ESPINOZA', '00000000', 'DNI', '988408128', '2019-10-01', NULL, NULL, 'RECOMENDACION DE TERCEROS', 1, '2020-09-25 16:50:47', '2020-09-25 16:50:47'),
(528, 'RICARDO', 'RIOS BARDALES', '00000000', 'DNI', '00000000', '2003-09-24', NULL, NULL, 'CLIENTE ANTIGUO', 1, '2020-09-25 17:52:21', '2020-09-25 17:52:21'),
(529, 'OMAR', 'VAZQUEZ', '44971758', 'DNI', '944899300', '1988-03-28', NULL, NULL, 'RECOMENDACION DE TERCEROS', 1, '2020-09-25 18:35:46', '2020-09-25 18:35:46'),
(530, 'VICTOR', 'GONZALEZ', '74829893', 'DNI', '953620048', '1997-04-18', NULL, NULL, 'CLIENTE ANTIGUO', 1, '2020-09-26 11:31:22', '2020-09-26 11:31:22'),
(531, 'JOSE ALBERTO', 'SIRLOPU LUNA', '72708504', 'DNI', '959592925', '1991-01-26', NULL, NULL, 'CLIENTE ANTIGUO', 1, '2020-09-26 11:50:14', '2020-09-26 11:50:14'),
(532, 'YUL', 'PLASENCIA', '7316574', 'DNI', '950513230', '2002-03-21', NULL, NULL, 'CLIENTE ANTIGUO', 1, '2020-09-26 17:23:39', '2020-09-26 17:23:39'),
(533, 'FAVIO', 'REATEGUI', '00000000', 'DNI', '00000000', '2020-10-26', NULL, NULL, 'ACTUALIZAR DATOS', 1, '2020-09-26 20:21:24', '2020-09-26 20:21:24'),
(534, 'BETO', 'CUMANDA', '71724289', 'DNI', '941621599', '1994-07-16', NULL, NULL, 'CLIENTE ANTIGUO', 1, '2020-09-26 20:49:23', '2020-09-26 20:49:23'),
(535, 'LUIS', 'ASCENCIO', '60737771', 'DNI', '900881591', '2005-06-19', NULL, NULL, 'RECOMENDACION DE TERCEROS', 1, '2020-09-26 21:15:46', '2020-09-26 21:15:46'),
(536, 'BEQUER', 'SANCHEZ', '75576555', 'DNI', '957971535', '1998-08-03', NULL, NULL, 'CLIENTE ANTIGUO', 1, '2020-09-28 11:28:32', '2020-09-28 11:28:32'),
(537, 'LUCAS', 'LOPEZ PEZO', '00000000', 'DNI', '971720119', '2019-01-24', NULL, NULL, 'PASO POR EL LUGAR', 1, '2020-09-28 11:50:33', '2020-09-28 11:50:33'),
(538, 'LIAN', 'LOPEZ PEZO', '00000000', 'DNI', '971720119', '2016-04-08', NULL, NULL, 'PASO POR EL LUGAR', 1, '2020-09-28 11:52:17', '2020-09-28 11:52:17'),
(539, 'PHAIS', 'JARAMA', '61014798', 'DNI', '940193653', '2007-03-24', NULL, NULL, 'CLIENTE ANTIGUO', 1, '2020-09-28 18:43:14', '2020-09-28 18:43:14'),
(540, 'THIAGO', 'TORRES', '00000000', 'DNI', '942999429', '2014-11-19', NULL, NULL, 'CLIENTE ANTIGUO', 1, '2020-09-28 19:14:51', '2020-09-28 19:14:51'),
(541, 'JAIRO', 'GARNICA', '000471430', 'DNI', '930539186', '1980-12-13', NULL, NULL, 'PASO POR EL LUGAR', 1, '2020-09-29 12:27:14', '2020-09-29 12:27:14'),
(542, 'JEAN PIER', 'MARILL', '74414100', 'DNI', '918848226', '1997-05-02', NULL, NULL, 'CLIENTE ANTIGUO', 1, '2020-09-29 18:18:02', '2020-09-29 18:18:02'),
(543, 'PERSI', 'EGOAVIL', '70666768', 'DNI', '932132355', '2002-10-01', NULL, NULL, 'PASO POR EL LUGAR', 1, '2020-09-30 11:30:03', '2020-09-30 11:30:03'),
(544, 'ARMANDO', 'DACOSTA', '40832265', 'DNI', '949461429', '1980-03-17', NULL, NULL, 'PASO POR EL LUGAR', 1, '2020-09-30 11:39:00', '2020-09-30 11:39:00'),
(545, 'JOAQUIN', 'CARRION', '00000000', 'DNI', '922019609', '2009-06-05', NULL, NULL, 'RECOMENDACION DE TERCEROS', 1, '2020-09-30 12:55:21', '2020-09-30 12:55:21'),
(546, 'RYAN', 'HABERLY', '001653212', 'DNI', '00000000', '1985-02-02', NULL, NULL, 'PASO POR EL LUGAR', 1, '2020-09-30 16:34:52', '2020-09-30 16:34:52'),
(547, 'NICOLAS', 'ALVARADO', '77850801', 'DNI', '965834205', '2012-09-20', NULL, NULL, 'PA', 1, '2020-09-30 17:39:47', '2020-09-30 17:39:47'),
(548, 'CHRISTIAN', 'RIVERA', '41343967', 'DNI', '942022292', '1982-03-04', NULL, NULL, 'CLIENTE ANTIGUO', 1, '2020-09-30 18:05:43', '2020-09-30 18:05:43'),
(549, 'OSWALDO', 'MONTES', '00000000', 'DNI', '946186452', '2020-09-30', NULL, NULL, 'RECOMENDACION DE TERCEROS', 1, '2020-09-30 19:54:05', '2020-09-30 19:54:05'),
(550, 'VICTOR', 'ACHING', '08273301', 'DNI', '969838283', '1967-03-03', NULL, NULL, 'PERSONAL EL CONDE', 1, '2020-10-01 11:00:29', '2020-10-01 11:07:40'),
(551, 'ALBARO', 'DIAZ', '73193344', 'DNI', '956140747', '1998-07-11', NULL, NULL, 'CLIENTE ANTIGUO', 1, '2020-10-01 12:42:48', '2020-10-01 12:42:48'),
(552, 'SAMIR', 'ORTIZ', '00000000', 'DNI', '928358842', '2009-02-04', NULL, NULL, 'RECOMENDACION DE TERCEROS', 1, '2020-10-01 17:18:57', '2020-10-01 17:18:57'),
(553, 'HENRY', 'PANCAURA', '00000000', 'DNI', '947730398', '2020-01-31', NULL, NULL, 'CLIENTE ANTIGUO', 1, '2020-10-01 18:38:07', '2020-10-01 18:38:07'),
(554, 'MANUEL', 'RUIZ', '75839252', 'DNI', '917701241', '2020-01-01', NULL, NULL, 'PASO POR EL LUGAR', 1, '2020-10-01 18:57:49', '2020-10-01 18:57:49'),
(555, 'CARLOS', 'CONTRERAS', '71479984', 'DNI', '977932856', '1994-06-21', NULL, NULL, 'PASO POR EL LUGAR', 1, '2020-10-01 19:36:12', '2020-10-01 19:36:12'),
(556, 'EDWIN', 'PUERTAS', '33405999', 'DNI', '998673954', '1965-11-29', NULL, NULL, 'CLIENTE ANTIGUO', 1, '2020-10-02 10:58:11', '2020-10-02 10:58:11'),
(557, 'RENSO', 'TRIGOSO', '741672313', 'DNI', '917571218', '2002-02-11', NULL, NULL, 'CLIENTE ANTIGUO', 1, '2020-10-02 11:54:02', '2020-10-02 11:54:02'),
(558, 'OMAR', 'GARCIA TAMANI', '45007441', 'DNI', '920439188', '1988-04-07', NULL, NULL, 'PERSONAL IZIPAY', 1, '2020-10-02 12:54:57', '2020-10-02 12:54:57'),
(559, 'WILIAM', 'CRUZ', '70691736', 'DNI', '921112695', '1991-02-16', NULL, NULL, 'CLIENTE ANTIGUO', 1, '2020-10-02 15:34:59', '2020-10-02 15:34:59'),
(560, 'CHRISTOPHER', 'NOGUEIRA', '05409945', 'DNI', '941911802', '1978-10-18', NULL, NULL, 'CLIENTE ANTIGUO', 1, '2020-10-02 16:35:23', '2020-10-02 16:35:23'),
(561, 'DIEGO', 'BARATA', '71105302', 'DNI', '993853680', '2003-11-23', NULL, NULL, 'CLIENTE ANTIGUO', 1, '2020-10-02 17:36:51', '2020-10-02 17:36:51'),
(562, 'JOSE', 'PINEDA', '60808311', 'DNI', '950689594', '2006-07-14', NULL, NULL, 'CLIENTE ANTIGUO', 1, '2020-10-02 18:04:49', '2020-10-02 18:04:49'),
(563, 'STEPHANO', 'MORI', '00000000', 'DNI', '910374215', '2007-01-03', NULL, NULL, 'RECOMENDACION DE TERCEROS', 1, '2020-10-03 11:40:48', '2020-10-03 11:40:48'),
(564, 'NICOLAS', 'MORI', '00000000', 'DNI', '910355958', '2009-09-03', NULL, NULL, 'RECOMENDACION DE TERCEROS', 1, '2020-10-03 11:42:20', '2020-10-03 11:42:20'),
(565, 'ERIK', 'TUESTA GRANDES', '45038731', 'DNI', '941369323', '1988-03-10', NULL, NULL, 'CLIENTE ANTIGUO', 1, '2020-10-03 16:39:30', '2020-10-03 16:39:30'),
(566, 'JOSE LUIS', 'BRENIS', '75143829', 'DNI', '917576155', '2000-08-16', NULL, NULL, 'PASO POR EL LUGAR', 1, '2020-10-03 18:58:13', '2020-10-03 18:58:13'),
(567, 'ALEJANDRO', 'PEÑA', '74167502', 'DNI', '976118788', '1999-03-19', NULL, NULL, 'PASO POR EL LUGAR', 1, '2020-10-03 19:56:07', '2020-10-03 19:56:07'),
(568, 'ENZO', 'FREITAS', '00000000', 'DNI', '916139671', '2010-10-10', NULL, NULL, 'PASO POR EL LUGAR', 1, '2020-10-05 11:26:08', '2020-10-05 11:26:08'),
(569, 'SALVADOR', 'MOYA BANCES', '72464026', 'DNI', '932649209', '2002-12-19', NULL, NULL, 'PASO POR EL LUGAR', 1, '2020-10-05 17:58:49', '2020-10-05 17:58:49'),
(570, 'ALVIN', 'ALVAN', '00000000', 'DNI', '925665895', '2004-04-10', NULL, NULL, 'PASO POR EL LUGAR', 1, '2020-10-05 18:06:49', '2020-10-05 18:06:49'),
(571, 'AARON', 'CHAVEZ', '00000000', 'DNI', '960612039', '2016-09-25', NULL, NULL, 'PASO POR EL LUGAR', 1, '2020-10-05 18:41:27', '2020-10-05 18:41:27'),
(572, 'MATIAS', 'CHAVEZ', '78588950', 'DNI', '960612039', '2014-05-12', NULL, NULL, 'PASO POR EL LUGAR', 1, '2020-10-05 18:42:43', '2020-10-05 18:42:43'),
(573, 'JHON LENNER', 'PANDURO GARCIA', '71317492', 'DNI', '944168301', '1992-09-04', 'Av. Mariscal Cáceres #820', 'jhonlener@gmail.com', 'RECOMENDACION DE TERCEROS', 1, '2020-10-06 09:41:22', '2020-10-06 09:41:22'),
(574, 'JERRY', 'ESCOBAR', '73137614', 'DNI', '935131596', '1997-06-02', NULL, NULL, 'PASO POR EL LUGAR', 1, '2020-10-06 11:42:03', '2020-10-06 11:42:03'),
(575, 'AARON', 'ZUBIATE', '78808881', 'DNI', '965661133', '2013-10-20', NULL, NULL, 'PASO POR EL LUGAR', 1, '2020-10-06 15:38:24', '2020-10-06 15:38:24'),
(576, 'CRISTIAN', 'ARMAS', '70248223', 'DNI', '978146368', '1997-02-12', NULL, NULL, 'CLIENTE ANTIGUO', 1, '2020-10-06 18:35:16', '2020-10-06 18:35:16'),
(577, 'ALFONSO', 'TORIBIO RIOS', '09786372', 'DNI', '996353832', '1971-04-28', NULL, NULL, 'CLIENTE ANTIGUO', 1, '2020-10-06 19:46:36', '2020-10-06 19:46:36'),
(578, 'SEBASTIAN', 'SHAPIAN', '73194386', 'DNI', '930290050', '1993-09-28', NULL, NULL, 'CLIENTE ANTIGUO', 1, '2020-10-07 11:54:50', '2020-10-07 11:54:50'),
(579, 'REINALDO', 'ARESTEGUI', '10788746', 'DNI', '945763022', '1977-04-22', NULL, NULL, 'CLIENTE ANTIGUO', 1, '2020-10-07 12:46:36', '2020-10-07 12:46:36'),
(580, 'ANDRE', 'LOPEZ DIAZ', '00000000', 'DNI', '917565427', '2004-12-30', NULL, NULL, 'RECOMENDACION DE TERCEROS', 1, '2020-10-07 16:15:12', '2020-10-07 16:15:12'),
(581, 'RAFAEL', 'CARTAJENA', '48897684', 'DNI', '941007887', '1998-06-22', NULL, NULL, 'CLIENTE ANTIGUO', 1, '2020-10-07 17:13:05', '2020-10-07 17:13:05'),
(582, 'BENJAMIN', 'BARRERA', '40391169', 'DNI', '952549054', '1979-12-20', NULL, NULL, 'CLIENTE ANTIGUO', 1, '2020-10-07 19:13:04', '2020-10-07 19:13:04'),
(583, 'WILLIAN', 'CALLES', '00000000', 'DNI', '966883355', '2010-12-19', NULL, NULL, 'CLIENTE ANTIGUO', 1, '2020-10-08 12:29:41', '2020-10-08 12:29:41'),
(584, 'VIJAY', 'MACEDO', '77300469', 'DNI', '9232240830', '2000-08-16', NULL, NULL, 'PASO POR EL LUGAR', 1, '2020-10-08 12:56:48', '2020-10-08 12:56:48'),
(585, 'JOSE', 'MACEDO', '00000000', 'DNI', '917069357', '2006-11-08', NULL, NULL, 'PASO POR EL LUGAR', 1, '2020-10-08 12:57:49', '2020-10-08 12:57:49'),
(586, 'EDUARDO', 'CAMUS', '46285444', 'DNI', '999660007', '1990-04-29', NULL, NULL, 'PASO POR EL LUGAR', 1, '2020-10-09 15:54:27', '2020-10-09 15:54:27'),
(587, 'EDUARDO', 'ALVARES', '41647390', 'DNI', '977657990', '1983-01-04', NULL, NULL, 'CLIENTE ANTIGUO', 1, '2020-10-09 16:50:40', '2020-10-09 16:50:40'),
(588, 'ALEX', 'BENNER', '70023288', 'DNI', '949430801', '1994-12-08', NULL, NULL, 'PASO POR EL LUGAR', 1, '2020-10-09 17:55:50', '2020-10-09 17:55:50'),
(589, 'RENZO', 'PEREZ', '00000000', 'DNI', '926157033', '2000-10-09', NULL, NULL, 'PASO POR EL LUGAR', 1, '2020-10-09 18:16:24', '2020-10-09 18:16:24'),
(590, 'JHON', 'CAPPA', '46559718', 'DNI', '924643162', '1990-07-18', NULL, NULL, 'CLIENTE ANTIGUO', 1, '2020-10-09 19:09:12', '2020-10-09 19:09:12'),
(591, 'DIEGO', 'SANABRIA', '73460209', 'DNI', '996861531', '1997-01-18', NULL, NULL, 'CLIENTE ANTIGUO', 1, '2020-10-09 19:14:09', '2020-10-09 19:14:09'),
(592, 'JAIR', 'FABABA', '48259582', 'DNI', '940418281', '1993-11-06', NULL, NULL, 'PASO POR EL LUGAR', 1, '2020-10-09 20:18:51', '2020-10-09 20:18:51'),
(593, 'RICARDO', 'ALVARO', '70616583', 'DNI', '958423231', '2006-03-30', NULL, NULL, 'CLIENTE ANTIGUO', 1, '2020-10-10 11:34:52', '2020-10-10 11:34:52'),
(594, 'LUCIO', 'VALER', '71277550', 'DNI', '931966447', '2007-11-01', NULL, NULL, 'CLIENTE ANTIGUO', 1, '2020-10-10 16:48:01', '2020-10-10 16:48:01'),
(595, 'FABIANO', 'RIOS', '00000000', 'DNI', '936315172', '2004-09-29', NULL, NULL, 'RECOMENDACION DE TERCEROS', 1, '2020-10-12 11:47:08', '2020-10-12 11:47:08'),
(596, 'DIEGO', 'HERNANDEZ', '001561992', 'CE', '917357448', '1991-03-13', NULL, NULL, 'CLIENTE ANTIGUO', 1, '2020-10-12 12:30:25', '2020-10-12 12:30:25'),
(597, 'ROGER', 'ARMAS', '40031965', 'DNI', '957839346', '1978-12-17', NULL, NULL, 'PASO POR EL LUGAR', 1, '2020-10-12 15:12:04', '2020-10-12 15:12:04'),
(598, 'ALEXANDER', 'CHIQUISITO', '60673548', 'DNI', '00000000', '2004-02-24', NULL, NULL, 'PASO POR EL LUGAR', 1, '2020-10-12 15:29:56', '2020-10-12 15:29:56'),
(599, 'NAHUM', 'RENGIFO CONTRERAS', '70429826', 'DNI', '923140658', '1998-02-15', NULL, NULL, 'CLIENTE ANTIGUO', 1, '2020-10-12 19:17:09', '2020-10-12 19:17:09'),
(600, 'FABRICIO', 'MEJHIAS', '61120835', 'DNI', '945802570', '2007-09-14', NULL, NULL, 'CLIENTE ANTIGUO', 1, '2020-10-13 16:26:51', '2020-10-13 16:26:51'),
(601, 'ANGEL', 'VASQUEZ', '70449730', 'DNI', '991708788', '1987-09-14', NULL, NULL, 'PENDIENTE', 1, '2020-10-13 17:18:00', '2020-10-13 17:18:00'),
(602, 'MARCEL', 'LUJAN', '45802097', 'DNI', '986786433', '1989-05-24', NULL, NULL, 'PASO POR EL LUGAR', 1, '2020-10-13 17:19:56', '2020-10-13 17:19:56'),
(603, 'GIORDHY', 'ACUÑA', '00000000', 'DNI', '943481694', '2005-06-21', NULL, NULL, 'CLIENTE ANTIGUO', 1, '2020-10-13 17:54:59', '2020-10-13 17:54:59'),
(604, 'PATRI', 'GUEVARA', '00000000', 'DNI', '992454619', '2008-04-30', NULL, NULL, 'PASO POR EL LUGAR', 1, '2020-10-14 16:17:15', '2020-10-14 16:17:15'),
(605, 'GUSTAVO', 'CACHIQUE', '71741820', 'DNI', '9310954061', '1993-09-02', NULL, NULL, 'RECOMENDACION DE TERCEROS', 1, '2020-10-15 15:49:50', '2020-10-15 15:49:50'),
(606, 'BEIMAR', 'GALEAN', '001859176', 'CE', '921939829', '1974-03-23', NULL, NULL, 'CLIENTE ANTIGUO', 1, '2020-10-15 16:56:47', '2020-10-15 16:56:47'),
(607, 'FER', 'PIÑA', '71042707', 'DNI', '920793548', '2002-05-16', NULL, NULL, 'RECOMENDACION DE TERCEROS', 1, '2020-10-16 10:43:57', '2020-10-16 10:43:57'),
(608, 'VENICIO', 'RUIZ PEREZ', '61986074', 'DNI', '943484049', '2009-04-06', NULL, NULL, 'PASO POR EL LUGAR', 1, '2020-10-16 11:43:11', '2020-10-16 11:43:11'),
(609, 'HECTOR', 'RUIZ PEREZ', '71174486', 'DNI', '943484049', '2008-02-09', NULL, NULL, 'PASO POR EL LUGAR', 1, '2020-10-16 11:45:14', '2020-10-16 11:45:14'),
(610, 'JOSE', 'QUIROZ', '00000000', 'DNI', '971791882', '2004-06-20', NULL, NULL, 'PASO POR EL LUGAR', 1, '2020-10-16 15:50:40', '2020-10-16 15:50:40'),
(611, 'EVANS', 'CORDOVA', '00000000', 'DNI', '943647485', '2004-06-16', NULL, NULL, 'PASO POR EL LUGAR', 1, '2020-10-16 15:52:09', '2020-10-16 15:52:09'),
(612, 'DIEGO', 'LOPEZ', '40648549', 'DNI', '910933031', '2008-10-16', NULL, NULL, 'PASO POR EL LUGAR', 1, '2020-10-16 17:51:52', '2020-10-16 17:51:52'),
(613, 'JOSUA MANUEL', 'VIDAURRE', '00000000', 'DNI', '965991755', '2007-02-09', NULL, NULL, 'PASO POR EL LUGAR', 1, '2020-10-16 18:41:39', '2020-10-16 18:41:39'),
(614, 'JOSEIN', 'CHAVEZ', '72631629', 'DNI', '954386654', '1994-10-07', NULL, NULL, 'PASO POR EL LUGAR', 1, '2020-10-17 11:19:41', '2020-10-17 11:19:41'),
(615, 'ANDRES', 'MATTOS', '00000000', 'DNI', '974125200', '2013-11-18', NULL, NULL, 'RECOMENDACION DE TERCEROS', 1, '2020-10-19 15:15:14', '2020-10-19 15:15:14'),
(616, 'AXEL', 'GADEA', '76079705', 'DNI', '968680992', '2003-09-07', NULL, NULL, 'RECOMENDACION DE TERCEROS', 1, '2020-10-19 15:53:18', '2020-10-19 15:53:18'),
(617, 'PEDRO', 'IBAÑEZ', '45727623', 'DNI', '922986884', '1989-04-17', NULL, NULL, 'PASO POR EL LUGAR', 1, '2020-10-19 16:51:33', '2020-10-19 16:51:33'),
(618, 'ANGELO', 'CHACON', '00000000', 'DNI', '929841650', '2004-12-23', NULL, NULL, 'PASO POR EL LUGAR', 1, '2020-10-19 18:01:47', '2020-10-19 18:01:47'),
(619, 'ERICK HIJO', 'TUANAMA', '00000000', 'DNI', '00000000', '0001-01-01', NULL, NULL, 'RECOMENDACION DE TERCEROS', 1, '2020-10-20 12:34:20', '2020-10-20 12:34:20'),
(620, 'STEFHANO', 'BERNAOLA', '5619804', 'DNI', '968590492', '2010-06-28', NULL, NULL, 'PASO POR EL LUGAR', 1, '2020-10-20 15:27:46', '2020-10-20 15:27:46'),
(621, 'VICTOR', 'BERNAOLA', '09885415', 'DNI', '981900564', '1972-11-25', NULL, NULL, 'PASO POR EL LUGAR', 1, '2020-10-20 15:28:51', '2020-10-20 15:28:51'),
(622, 'JAVIER', 'REATEGUI', '47697955', 'DNI', '938843561', '1993-01-06', NULL, NULL, 'RECOMENDACION DE TERCEROS', 1, '2020-10-20 16:34:46', '2020-10-20 16:34:46'),
(623, 'AXEL', 'TELLO', '00000000', 'DNI', '921993576', '2004-01-31', NULL, NULL, 'CLIENTE ANTIGUO', 1, '2020-10-20 18:18:14', '2020-10-20 18:18:14'),
(624, 'CESAR FABRIZZIO', 'PANDURO REINA', '73126583', 'DNI', '950417201', '2002-11-12', NULL, NULL, 'CLIENTE ANTIGUO', 1, '2020-10-20 18:47:31', '2020-10-20 18:47:31'),
(625, 'RENZO', 'RODRIGUEZ LEON', '45868449', 'DNI', '935456728', '1989-08-14', NULL, NULL, 'PASO POR EL LUGAR', 1, '2020-10-21 18:25:46', '2020-10-21 18:25:46'),
(626, 'AARON', 'MEZA', '72513333', 'DNI', '930973162', '2002-05-23', NULL, NULL, 'PASO POR EL LUGAR', 1, '2020-10-21 18:33:49', '2020-10-21 18:33:49'),
(627, 'ALEX', 'DAVILA', '78199118', 'DNI', '929200566', '1997-01-06', NULL, NULL, 'RECOMENDACION DE TERCEROS', 1, '2020-10-21 19:12:20', '2020-10-21 19:12:20'),
(628, 'SALVADOR NEYMAR', 'PEÑA CALDERON', '77962611', 'DNI', '976958027', '2013-01-11', NULL, NULL, 'PASO POR EL LUGAR', 1, '2020-10-22 12:03:55', '2020-10-22 12:03:55'),
(629, 'GARY', 'DAVILA', '61015265', 'DNI', '915908094', '2007-01-30', NULL, NULL, 'RECOMENDACION DE TERCEROS', 1, '2020-10-22 12:20:51', '2020-10-22 12:20:51'),
(630, 'GONZALO', 'SANCHEZ', '76779484', 'DNI', '00000000', '2000-08-30', NULL, NULL, 'RECOMENDACION DE TERCEROS', 1, '2020-10-22 17:21:40', '2020-10-22 17:21:40'),
(631, 'FRANK WILER', 'DAVILA MARICHI', '73539316', 'DNI', '935297725', '1994-06-11', NULL, NULL, 'PASO POR EL LUGAR', 1, '2020-10-23 11:54:34', '2020-10-23 11:54:34'),
(632, 'OSTIN', 'DAVILA', '90221747', 'DNI', '935297725', '2017-10-05', NULL, NULL, 'PASO POR EL LUGAR', 1, '2020-10-23 11:55:55', '2020-10-23 11:55:55'),
(633, 'LIAN', 'ALIAGA', '00000000', 'DNI', '966203366', '2015-08-09', NULL, NULL, 'PASO POR EL LUGAR', 1, '2020-10-23 15:27:42', '2020-10-23 15:27:42'),
(634, 'ABEL', 'MEZA', '43219109', 'DNI', '943506684', '1985-10-10', NULL, NULL, 'PASO POR EL LUGAR', 1, '2020-10-23 15:57:26', '2020-10-23 15:57:26'),
(635, 'ELVIS', 'NORONHA', '73304047', 'DNI', '957570498', '1992-09-25', NULL, NULL, 'PASO POR EL LUGAR', 1, '2020-10-23 18:59:23', '2020-10-23 18:59:23'),
(636, 'JUAN DIEGO', 'ESCOBAR MATOS', '00000000', 'DNI', '974125200', '2010-04-20', NULL, NULL, 'RECOMENDACION DE TERCEROS', 1, '2020-10-23 19:35:41', '2020-10-23 19:35:41'),
(637, 'LEONARDO', 'PACORA', '00000000', 'DNI', '955316671', '2020-10-24', NULL, NULL, 'PASO POR EL LUGAR', 1, '2020-10-24 12:27:32', '2020-10-24 12:27:32'),
(638, 'ARI', 'GOMEZ', '62038980', 'DNI', '996382970', '2000-06-16', NULL, NULL, 'PASO POR EL LUGAR', 1, '2020-10-24 16:55:31', '2020-10-24 16:55:31'),
(639, 'ANDRES', 'CORDOBA', '46665286', 'DNI', '948997075', '1990-12-14', NULL, NULL, 'CLIENTE ANTIGUO', 1, '2020-10-24 17:50:33', '2020-10-24 17:50:33'),
(640, 'WILLY', 'LEON', '41672620', 'DNI', '947450981', '1982-12-17', NULL, NULL, 'PASO POR EL LUGAR', 1, '2020-10-24 19:48:42', '2020-10-24 19:48:42'),
(641, 'ADRIANO', 'VASQUEZ', '00000000', 'DNI', '927261582', '2016-06-26', NULL, NULL, 'CLIENTE ANTIGUO', 1, '2020-10-26 18:06:56', '2020-10-26 18:06:56'),
(642, 'JULES', 'VASQUEZ', '00000000', 'DNI', '927261582', '2001-01-01', NULL, NULL, 'RECOMENDACION DE TERCEROS', 1, '2020-10-26 18:09:22', '2020-10-26 18:09:22'),
(643, 'MARTIN', 'VASQUEZ', '40225268', 'DNI', '927261582', '1977-04-30', NULL, NULL, 'RECOMENDACION DE TERCEROS', 1, '2020-10-26 19:37:15', '2020-10-26 19:37:15'),
(644, 'WERNER', 'ZEGARRA SAAVEDRA', '40595236', 'DNI', '965999471', '1980-09-12', NULL, NULL, 'CLIENTE ANTIGUO', 1, '2020-10-26 20:05:46', '2020-10-26 20:05:46'),
(645, 'GONZALO', 'DA SILVA', '76019377', 'DNI', '947416660', '2000-09-03', NULL, NULL, 'RECOMENDACION DE TERCEROS', 1, '2020-10-27 16:31:12', '2020-10-27 16:31:12'),
(646, 'VICTOR', 'ARRARTE', '70373002', 'DNI', '953143979', '2001-01-31', NULL, NULL, 'PASO POR EL LUGAR', 1, '2020-10-27 16:39:31', '2020-10-27 16:39:31'),
(647, 'VICTOR', 'MERINO', '00000000', 'DNI', '913483920', '2004-08-01', NULL, NULL, 'PASO POR EL LUGAR', 1, '2020-10-27 19:43:24', '2020-10-27 19:43:24'),
(648, 'THIAGO', 'REYNA DA CRUZ', '00000000', 'DNI', '921875388', '2012-09-14', NULL, NULL, 'RECOMENDACION DE TERCEROS', 1, '2020-10-28 12:33:13', '2020-10-28 12:33:13'),
(649, 'REY', 'FLORES', '72139233', 'DNI', '988314727', '1996-10-11', NULL, NULL, 'PASO POR EL LUGAR', 1, '2020-10-28 15:30:53', '2020-10-28 15:30:53'),
(650, 'WILLIANS', 'GUERRA', '71886558', 'DNI', '995805435', '2001-03-30', NULL, NULL, 'PASO POR EL LUGAR', 1, '2020-10-28 18:23:16', '2020-10-28 18:23:16'),
(651, 'ALEJANDRO', 'VALLES', '00000000', 'DNI', 'NO TIENE', '2001-03-20', NULL, NULL, 'PASO POR EL LUGAR', 1, '2020-10-28 19:16:02', '2020-10-28 19:16:02');
INSERT INTO `clientes` (`id`, `nombres`, `apellidos`, `num_doc`, `tipo_doc`, `telefono`, `fecha_nac`, `direccion`, `correo`, `descripcion`, `activo`, `created_at`, `updated_at`) VALUES
(652, 'NESTOR', 'PIÑA ZUMBA', '42355839', 'DNI', '967702580', '1984-04-05', NULL, NULL, 'RECOMENDACION DE TERCEROS', 1, '2020-10-28 19:40:52', '2020-10-28 19:40:52'),
(653, 'OCTAVIO', 'IRIGUREN', '73814976', 'DNI', '929334996', '2002-12-22', NULL, NULL, 'PASO POR EL LUGAR', 1, '2020-10-28 20:07:08', '2020-10-28 20:07:08'),
(654, 'SANTIAGO', 'ARANGURU', '05387878', 'DNI', '00000000', '1974-12-08', NULL, NULL, 'PASO POR EL LUGAR', 1, '2020-10-29 11:16:53', '2020-10-29 11:16:53'),
(655, 'JAIR', 'NEYRA', '72623051', 'DNI', '940788115', '1992-09-16', NULL, NULL, 'PASO POR EL LUGAR', 1, '2020-10-29 11:18:25', '2020-10-29 11:18:25'),
(656, 'MATIAS', 'PIÑA ROMERO', '77892066', 'DNI', '967702580', '2012-11-08', NULL, NULL, 'RECOMENDACION DE TERCEROS', 1, '2020-10-29 12:03:31', '2020-10-29 12:03:31'),
(657, 'NICOLAS', 'DIAZ', '00000000', 'DNI', '965737882', '2010-05-07', NULL, NULL, 'CLIENTE ANTIGUO', 1, '2020-10-29 17:21:08', '2020-10-29 17:21:08'),
(658, 'JEMEL JORDAN', 'GONZALES LOPEZ', '00000000', 'DNI', '921875388', '1980-10-13', NULL, NULL, 'RECOMENDACION DE TERCEROS', 1, '2020-10-29 17:47:08', '2020-10-29 17:47:08'),
(659, 'KEVIN', 'RAMIREZ', '70934708', 'DNI', '932179139', '1999-07-02', NULL, NULL, 'PASO POR EL LUGAR', 1, '2020-10-29 19:59:27', '2020-10-29 19:59:27'),
(660, 'JONNY', 'FLORES', '00000000', 'DNI', 'NO TIENE', '2012-05-20', NULL, NULL, 'CLIENTE ANTIGUO', 1, '2020-10-30 10:47:24', '2020-10-30 10:47:24'),
(661, 'JONNY PADRE', 'FLORES', '71452458', 'DNI', '9794582111', '1977-08-08', NULL, NULL, 'RECOMENDACION DE TERCEROS', 1, '2020-10-30 10:55:42', '2020-10-30 10:55:42'),
(662, 'DANIEL', 'MALPARTIDA', '41292319', 'DNI', '976675683', '1982-05-14', NULL, NULL, 'RECOMENDACION DE TERCEROS', 1, '2020-10-30 11:13:37', '2020-10-30 11:13:37'),
(663, 'HAROLD', 'DEL AGUILA', '00000000', 'DNI', '982844973', '2007-10-31', NULL, NULL, 'PASO POR EL LUGAR', 1, '2020-10-30 18:41:18', '2020-10-30 18:41:18'),
(664, 'CESAR', 'TERRONES', '41127545', 'DNI', '965830264', '1981-01-07', NULL, NULL, 'PASO POR EL LUGAR', 1, '2020-10-31 11:38:56', '2020-10-31 11:38:56'),
(665, 'DIEGO', 'CHUQUIPIONDO', '70299238', 'DNI', '992968377', '1996-11-20', NULL, NULL, 'ANUNCIO EN REDES U OTROS MEDIOS', 1, '2020-10-31 12:24:41', '2020-10-31 12:24:41'),
(666, 'LUIS', 'GIMARAES', '1071910', 'DNI', '965670832', '1959-01-13', NULL, NULL, 'CLIENTE ANTIGUO', 1, '2020-10-31 16:20:01', '2020-10-31 16:20:01'),
(667, 'JORGE', 'MURRIETA', '42742779', 'DNI', '953227098', '1983-10-28', NULL, NULL, 'ANUNCIO EN REDES U OTROS MEDIOS', 1, '2020-10-31 16:23:33', '2020-10-31 16:23:33'),
(668, 'IKER', 'MURRIETA', '00000000', 'DNI', '953227092', '2013-11-19', NULL, NULL, 'ANUNCIO EN REDES U OTROS MEDIOS', 1, '2020-10-31 16:24:41', '2020-10-31 16:24:41'),
(669, 'CRISTIAN', 'AGUSTIN', '76752959', 'DNI', '997196862', '1995-04-24', NULL, NULL, 'PASO POR EL LUGAR', 1, '2020-10-31 16:55:08', '2020-10-31 16:55:08'),
(670, 'DENIS', 'LOPEZ', '71702011', 'DNI', '956721318', '1994-06-20', NULL, NULL, 'CLIENTE ANTIGUO', 1, '2020-10-31 18:54:48', '2020-10-31 18:54:48'),
(671, 'ADRIAN', 'LOPEZ', '4436943', 'DNI', '989299288', '1987-07-06', NULL, NULL, 'CLIENTE ANTIGUO', 1, '2020-10-31 19:24:28', '2020-10-31 19:24:28'),
(672, 'FRANCO', 'ACUÑA', '75166924', 'DNI', '00000000', '1996-12-03', NULL, NULL, 'CLIENTE ANTIGUO', 1, '2020-11-02 12:23:33', '2020-11-02 12:23:33'),
(673, 'CRISTIAN ALEJANDRO', 'GARCIA HARO', '00000000', 'DNI', '965926394', '2006-02-27', NULL, NULL, 'PASO POR EL LUGAR', 1, '2020-11-02 16:10:09', '2020-11-02 16:10:09'),
(674, 'SALVADOR', 'GARCIA HARO', '00000000', 'DNI', '965926394', '2011-09-28', NULL, NULL, 'RECOMENDACION DE TERCEROS', 1, '2020-11-02 16:11:28', '2020-11-02 16:11:28'),
(675, 'CRISTIAN', 'GARCIA FLORES', '05410090', 'DNI', '965926394', '1977-03-03', NULL, NULL, 'RECOMENDACION DE TERCEROS', 1, '2020-11-02 16:12:37', '2020-11-02 16:12:37'),
(676, 'MATIAS', 'VILLAFUERTE', '00000000', 'DNI', '929266978', '2006-01-28', NULL, NULL, 'CLIENTE ANTIGUO', 1, '2020-11-02 16:29:14', '2020-11-02 16:29:14'),
(677, 'JOSIAS', 'SOLIGNAC', '00000000', 'DNI', '925393580', '2005-02-21', NULL, NULL, 'CLIENTE ANTIGUO', 1, '2020-11-02 17:09:40', '2020-11-02 17:09:40'),
(678, 'ROGER', 'LOZADA', '73445454', 'DNI', '996980857', '2001-09-23', NULL, NULL, 'PASO POR EL LUGAR', 1, '2020-11-02 17:39:19', '2020-11-02 17:39:19'),
(679, 'ANGEL', 'AUSEJO', '75411606', 'DNI', '971655211', '2001-10-20', NULL, NULL, 'CLIENTE ANTIGUO', 1, '2020-11-02 18:19:55', '2020-11-02 18:19:55'),
(680, 'STEVE', 'MIRANDA', '00000000', 'DNI', '942431686', '2002-01-07', NULL, NULL, 'CLIENTE ANTIGUO', 1, '2020-11-02 18:51:22', '2020-11-02 18:51:22'),
(681, 'JEAN PIERRI', 'DEL AGUILA', '71084103', 'DNI', '934164779', '1991-04-26', NULL, NULL, 'CLIENTE ANTIGUO', 1, '2020-11-02 19:30:01', '2020-11-02 19:30:01'),
(682, 'HAROLDO', 'GALO', '43523905', 'DNI', '942923032', '1986-03-27', NULL, NULL, 'CLIENTE ANTIGUO', 1, '2020-11-02 19:34:36', '2020-11-02 19:34:36'),
(683, 'ANTONY', 'CACERES', '47289016', 'DNI', '981901788', '1991-05-21', NULL, NULL, 'PASO POR EL LUGAR', 1, '2020-11-03 19:25:14', '2020-12-04 19:33:49'),
(684, 'RODRIGO', 'BORBOR AGUILAR', '00000000', 'DNI', '965621035', '2009-06-20', NULL, NULL, 'CLIENTE ANTIGUO', 1, '2020-11-04 11:55:29', '2020-11-04 11:55:29'),
(685, 'FLAVIO', 'PAREDES', '72530801', 'DNI', '942838167', '2001-10-25', NULL, NULL, 'ANUNCIO EN REDES U OTROS MEDIOS', 1, '2020-11-04 15:08:00', '2020-11-04 15:08:00'),
(686, 'MOISES', 'ZEGARRA', '00000000', 'DNI', '965999471', '2006-03-21', NULL, NULL, 'RECOMENDACION DE TERCEROS', 1, '2020-11-04 15:55:56', '2020-11-04 15:55:56'),
(687, 'ALVARO NICOLAS', 'ZEGARRA', '00000000', 'DNI', '965999471', '2011-05-06', NULL, NULL, 'RECOMENDACION DE TERCEROS', 1, '2020-11-04 15:56:53', '2020-11-04 15:56:53'),
(688, 'JHON', 'VALERA', '61508559', 'DNI', '929891041', '1998-07-11', NULL, NULL, 'PASO POR EL LUGAR', 1, '2020-11-04 16:34:40', '2020-11-04 16:34:40'),
(689, 'BILLY', 'SAAVEDRA', '72686461', 'DNI', '910548286', '1997-11-07', NULL, NULL, 'CLIENTE ANTIGUO', 1, '2020-11-04 18:48:55', '2020-11-04 18:48:55'),
(690, 'MARCOS', 'ESPINOZA', '42791463', 'DNI', '988565506', '1985-01-18', NULL, NULL, 'PASO POR EL LUGAR', 1, '2020-11-05 15:21:04', '2020-11-05 15:21:04'),
(691, 'THIAGO', 'CABUDIVA', '00000000', 'DNI', '957685149', '2017-02-14', NULL, NULL, 'CLIENTE ANTIGUO', 1, '2020-11-05 16:58:51', '2020-11-05 16:58:51'),
(692, 'OSCAR', 'VALLES', '00000000', 'DNI', '00000000', '2008-09-04', NULL, NULL, 'ANUNCIO EN REDES U OTROS MEDIOS', 1, '2020-11-06 12:24:20', '2020-11-06 12:24:20'),
(693, 'CRISTIAN', 'GUARIN', '002205028', 'CE', '928587233', '1999-11-06', NULL, NULL, 'PASO POR EL LUGAR', 1, '2020-11-06 12:30:37', '2020-11-06 12:30:37'),
(694, 'EDVIN', 'PISCO', '46752941', 'DNI', '940196371', '1991-05-12', NULL, NULL, 'PASO POR EL LUGAR', 1, '2020-11-06 15:18:38', '2020-11-06 15:18:38'),
(695, 'OSCAR FABIANO', 'ISUIZA ALMORA', '00000000', 'DNI', '916152317', '2018-02-17', NULL, NULL, 'CLIENTE ANTIGUO', 1, '2020-11-06 17:10:02', '2020-12-23 19:16:56'),
(696, 'ALEXIS', 'SAAVEDRA', '74853687', 'DNI', '958045032', '2004-07-22', NULL, NULL, 'ANUNCIO EN REDES U OTROS MEDIOS', 1, '2020-11-06 18:21:44', '2020-11-06 18:21:44'),
(697, 'OMER', 'ALVARADO', '00000000', 'DNI', '965895291', '2013-09-10', NULL, NULL, 'CLIENTE ANTIGUO', 1, '2020-11-07 15:39:16', '2020-11-07 15:39:16'),
(698, 'ISAAC', 'CHUQUINAHUA', '61227902', 'DNI', '978901059', '2009-11-08', NULL, NULL, 'PASO POR EL LUGAR', 1, '2020-11-07 16:44:07', '2020-11-07 16:44:07'),
(699, 'MOISES', 'ROLIN', '00000000', 'DNI', '925527147', '2003-05-07', NULL, NULL, 'CLIENTE ANTIGUO', 1, '2020-11-07 17:04:49', '2020-11-07 17:04:49'),
(700, 'EURISTIDES', 'AGUILAR', '41339079', 'DNI', '9616775461', '1982-02-13', NULL, NULL, 'PASO POR EL LUGAR', 1, '2020-11-07 19:24:58', '2020-11-07 19:24:58'),
(701, 'MARCO', 'PAREDES', '75975407', 'DNI', '975341936', '2000-06-02', NULL, NULL, 'CLIENTE ANTIGUO', 1, '2020-11-07 19:30:18', '2020-11-07 19:30:18'),
(702, 'CRISTIAN', 'MARIN', '73200694', 'DNI', '992753892', '1994-10-21', NULL, NULL, 'PASO POR EL LUGAR', 1, '2020-11-09 15:23:40', '2020-11-09 15:23:40'),
(703, 'RINO', 'PIÑA', '43065890', 'DNI', '917419769', '1985-06-04', NULL, NULL, 'CLIENTE ANTIGUO', 1, '2020-11-09 16:43:28', '2020-11-09 16:43:28'),
(704, 'DANISBEL', 'HERNANDEZ GARCIA', '001970296', 'CE', '920749613', '1985-11-13', NULL, NULL, 'RECOMENDACION DE TERCEROS', 1, '2020-11-09 17:13:49', '2020-11-09 17:13:49'),
(705, 'GAEL', 'NARVAEZ', '00000000', 'DNI', '917398864', '2017-04-20', NULL, NULL, 'PASO POR EL LUGAR', 1, '2020-11-10 12:18:58', '2020-11-10 12:18:58'),
(706, 'CARLOS', 'REINA', '46323688', 'DNI', '995036086', '1990-01-10', NULL, NULL, 'RECOMENDACION DE TERCEROS', 1, '2020-11-10 16:21:13', '2020-11-10 16:21:13'),
(707, 'MAX', 'SUELPERES', '71530313', 'DNI', '962796160', '2003-12-19', NULL, NULL, 'CLIENTE ANTIGUO', 1, '2020-11-10 17:33:25', '2020-11-10 17:33:25'),
(708, 'PEDRO', 'SORIA', '00000000', 'DNI', '917631411', '2012-12-31', NULL, NULL, 'PASO POR EL LUGAR', 1, '2020-11-10 20:12:41', '2020-11-10 20:12:41'),
(709, 'EDUARDO', 'CARRASCO', '41095675', 'DNI', '916477132', '1981-11-06', NULL, NULL, 'ANUNCIO EN REDES U OTROS MEDIOS', 1, '2020-11-10 20:26:21', '2020-11-10 20:26:21'),
(710, 'DIEGO', 'REUCH', '72957200', 'DNI', '910962786', '2001-09-15', NULL, NULL, 'CLIENTE ANTIGUO', 1, '2020-11-11 12:34:49', '2020-11-11 12:34:49'),
(711, 'RAFAEL', 'IBERICO', '73695001', 'DNI', '921893937', '2002-09-04', NULL, NULL, 'CLIENTE ANTIGUO', 1, '2020-11-11 18:52:33', '2020-11-11 18:52:33'),
(712, 'ELVIS', 'ESPÍNOZA', '45985306', 'DNI', '910841646', '1989-10-06', NULL, NULL, 'PASO POR EL LUGAR', 1, '2020-11-11 19:45:21', '2020-11-11 19:45:21'),
(713, 'BERTRAN', 'AGUAZA', '76559683', 'DNI', '921828467', '1995-01-04', NULL, NULL, 'CLIENTE ANTIGUO', 1, '2020-11-11 20:12:57', '2020-11-11 20:12:57'),
(714, 'GABRIEL', 'ZEÑA', '16704942', 'DNI', '986649014', '1972-08-11', NULL, NULL, 'RECOMENDACION DE TERCEROS', 1, '2020-11-12 15:49:18', '2020-11-12 15:49:18'),
(715, 'ALEX', 'MARTINEZ', 'AT389599', 'CE', '950820218', '1990-07-21', NULL, NULL, 'PASO POR EL LUGAR', 1, '2020-11-12 16:45:48', '2020-11-12 16:45:48'),
(716, 'MARCELO', 'PINEDO', '72641745', 'DNI', '941208394', '1996-08-27', NULL, NULL, 'CLIENTE ANTIGUO', 1, '2020-11-12 19:17:02', '2020-11-12 19:17:02'),
(717, 'LIAN', 'PINEDO', '79290458', 'DNI', '941208394', '2015-08-27', NULL, NULL, 'RECOMENDACION DE TERCEROS', 1, '2020-11-12 19:19:36', '2020-11-12 19:19:36'),
(718, 'ANGEL DAVID', 'GUARIN', '00000000', 'DNI', '928587233', '2017-09-24', NULL, NULL, 'CLIENTE ANTIGUO', 1, '2020-11-13 15:11:06', '2020-11-13 15:11:06'),
(719, 'CARLOS', 'TUESTA', '72975098', 'DNI', '961172627', '1997-09-17', NULL, NULL, 'PASO POR EL LUGAR', 1, '2020-11-13 18:39:46', '2020-11-13 18:39:46'),
(720, 'OMEISTER', 'RIOS', '48753724', 'DNI', '984195066', '1995-10-25', NULL, NULL, 'PASO POR EL LUGAR', 1, '2020-11-14 14:56:38', '2020-11-14 14:56:38'),
(721, 'ANDRES', 'GARCIA', '47038702', 'DNI', '978129522', '1990-05-29', NULL, NULL, 'PASO POR EL LUGAR', 1, '2020-11-14 17:26:43', '2020-11-14 17:26:43'),
(722, 'DENIS', 'PARDES', '45065896', 'DNI', '992759109', '1988-04-05', NULL, NULL, 'CLIENTE ANTIGUO', 1, '2020-11-14 17:30:11', '2020-11-14 17:30:11'),
(723, 'ANTHONY', 'VALVERDE', '74397754', 'DNI', '955424750', '1996-02-06', NULL, NULL, 'CLIENTE ANTIGUO', 1, '2020-11-14 18:06:27', '2020-11-14 18:06:27'),
(724, 'ELI', 'QUEZADA', '46298501', 'DNI', '947610704', '1990-04-29', NULL, NULL, 'CLIENTE ANTIGUO', 1, '2020-11-14 18:44:06', '2020-11-14 18:44:06'),
(725, 'JENNER', 'CHAVARRIA', '43420271', 'DNI', '974182979', '1985-06-01', NULL, NULL, 'CLIENTE ANTIGUO', 1, '2020-11-14 18:46:37', '2020-11-14 18:46:37'),
(726, 'DANIEL', 'CAMPOS', '75487545', 'DNI', 'NO TIENE', '1980-01-14', NULL, NULL, 'CLIENTE ANTIGUO', 1, '2020-11-14 18:49:55', '2020-11-14 18:49:55'),
(727, 'PABLO', 'RIOS', '00000000', 'DNI', '921527606', '1985-11-23', NULL, NULL, 'CLIENTE ANTIGUO', 1, '2020-11-16 18:18:37', '2020-11-16 18:18:37'),
(728, 'CARLOS', 'MATOS', '29721712', 'DNI', '965888945', '1978-01-31', NULL, NULL, 'PASO POR EL LUGAR', 1, '2020-11-16 19:39:05', '2020-11-16 19:39:05'),
(729, 'HECTOR', 'GUTIERREZ', '76317003', 'DNI', '981579282', '1995-06-03', NULL, NULL, 'PASO POR EL LUGAR', 1, '2020-11-16 19:53:26', '2020-11-16 19:53:26'),
(730, 'PABLO', 'FERREIRA', '74902988', 'DNI', '966908349', '1998-05-29', NULL, NULL, 'PASO POR EL LUGAR', 1, '2020-11-17 11:27:06', '2020-11-17 11:27:06'),
(731, 'MARTIN', 'MUÑOZ', '22088563', 'DNI', '965621508', '1964-12-20', NULL, NULL, 'CLIENTE ANTIGUO', 1, '2020-11-17 13:00:23', '2020-11-17 13:00:23'),
(732, 'ANGEL', 'MACEDO', '00000000', 'DNI', '963503075', '2007-05-26', NULL, NULL, 'CLIENTE ANTIGUO', 1, '2020-11-17 15:33:11', '2020-11-17 15:33:11'),
(733, 'OWEN', 'MACEDO', '00000000', 'DNI', '963503075', '2012-02-15', NULL, NULL, 'CLIENTE ANTIGUO', 1, '2020-11-17 15:34:04', '2020-11-17 15:34:04'),
(734, 'ALEJANDRO', 'RIVERA', '00000000', 'DNI', '978360610', '2012-08-09', NULL, NULL, 'RECOMENDACION DE TERCEROS', 1, '2020-11-18 11:51:13', '2020-11-18 12:49:11'),
(735, 'JAESON', 'AGUAYO', '43531499', 'DNI', '950120776', '1985-08-11', NULL, NULL, 'PASO POR EL LUGAR', 1, '2020-11-18 12:21:42', '2020-11-18 12:21:42'),
(736, 'JUAN', 'ZAPATA', '00000000', 'DNI', '925607680', '2004-11-17', NULL, NULL, 'PASO POR EL LUGAR', 1, '2020-11-18 16:45:21', '2020-12-21 16:57:38'),
(737, 'FERNANDO', 'BURGA', '05351479', 'DNI', '920795980', '1970-01-02', NULL, NULL, 'PASO POR EL LUGAR', 1, '2020-11-19 12:40:28', '2020-11-19 12:40:28'),
(738, 'DANILO', 'RIOS', '00000000', 'DNI', '965898889', '1986-05-19', NULL, NULL, 'CLIENTE ANTIGUO', 1, '2020-11-19 12:59:02', '2020-11-19 12:59:02'),
(739, 'BRIAN', 'STANFORD', '00000000', 'DNI', '+16176508223', '2020-01-01', NULL, NULL, 'PASO POR EL LUGAR', 1, '2020-11-19 16:09:59', '2020-11-19 16:09:59'),
(740, 'JEISON', 'GALEANO', '00000000', 'CE', '921939829', '2020-11-19', NULL, NULL, 'RECOMENDACION DE TERCEROS', 1, '2020-11-19 16:13:03', '2020-11-19 16:13:03'),
(741, 'AUGUSTO', 'GUEVARA', '05412942', 'DNI', '965821363', '1977-12-06', NULL, NULL, 'PASO POR EL LUGAR', 1, '2020-11-19 18:48:56', '2020-11-19 18:48:56'),
(742, 'ALFARO', 'MENDOZA', '73486892', 'DNI', '910932919', '2001-01-16', NULL, NULL, 'ANUNCIO EN REDES U OTROS MEDIOS', 1, '2020-11-19 19:23:01', '2020-11-19 19:23:01'),
(743, 'EDISON', 'BUENO', '43841903', 'DNI', '940745514', '1984-10-03', NULL, NULL, 'PASO POR EL LUGAR', 1, '2020-11-20 11:16:55', '2020-11-20 11:16:55'),
(744, 'MATTHEW', 'SANTA CRUZ', '00000000', 'DNI', '928112976', '2009-10-20', NULL, NULL, 'PASO POR EL LUGAR', 1, '2020-11-20 12:43:17', '2020-11-20 12:43:17'),
(745, 'JORGE', 'CORAL', '75995194', 'DNI', '980182172', '2000-07-15', NULL, NULL, 'CLIENTE ANTIGUO', 1, '2020-11-20 15:32:26', '2020-11-20 15:32:26'),
(746, 'SANTIAGO', 'VARGAS', '00000000', 'DNI', '949996236', '2010-02-03', NULL, NULL, 'CLIENTE ANTIGUO', 1, '2020-11-20 16:58:52', '2020-11-20 16:58:52'),
(747, 'MAXIMILIANO', 'TAFUL', '00000000', 'DNI', '962683258', '2015-08-24', NULL, NULL, 'RECOMENDACION DE TERCEROS', 1, '2020-11-21 12:23:00', '2020-11-21 12:23:00'),
(748, 'DANIEL', 'ROMERO', '76206684', 'DNI', '932587914', '1993-03-25', NULL, NULL, 'PASO POR EL LUGAR', 1, '2020-11-21 15:31:11', '2020-11-21 15:31:11'),
(749, 'JORDI', 'OSORIO', '48244334', 'DNI', '927226342', '1994-09-08', NULL, NULL, 'RECOMENDACION DE TERCEROS', 1, '2020-11-21 15:33:49', '2020-11-21 15:33:49'),
(750, 'ERICK', 'VELEZ', '47498051', 'DNI', '965748506', '1991-07-27', NULL, NULL, 'ANUNCIO EN REDES U OTROS MEDIOS', 1, '2020-11-21 16:35:20', '2020-11-21 16:35:20'),
(751, 'HEVY', 'SORIA', '72701639', 'DNI', '929970198', '2002-03-22', NULL, NULL, 'ANUNCIO EN REDES U OTROS MEDIOS', 1, '2020-11-21 19:18:47', '2020-11-21 19:18:47'),
(752, 'JUNIIOR', 'PAREDES', '40633949', 'DNI', '910504432', '1977-04-01', NULL, NULL, 'PASO POR EL LUGAR', 1, '2020-11-21 20:09:47', '2020-11-21 20:09:47'),
(753, 'ALFREDO', 'CHOQUEHUAM', '42646992', 'DNI', '986867209', '1984-10-04', NULL, NULL, 'PASO POR EL LUGAR', 1, '2020-11-21 20:11:34', '2020-11-21 20:11:34'),
(754, 'ELOY', 'RUIZ', '75111443', 'DNI', '968560036', '2004-05-24', NULL, NULL, 'PASO POR EL LUGAR', 1, '2020-11-24 12:55:12', '2020-11-24 12:55:12'),
(755, 'CRISTOPFER', 'ORTIZ', '00000000', 'DNI', '929582439', '2017-09-16', NULL, NULL, 'CLIENTE ANTIGUO', 1, '2020-11-24 17:18:34', '2020-11-24 17:18:34'),
(756, 'JEAN PIERRE', 'CARUZO', '44544202', 'DNI', '955802259', '1987-05-07', NULL, NULL, 'CLIENTE ANTIGUO', 1, '2020-11-24 18:24:23', '2020-11-24 18:24:23'),
(757, 'CHRYSTIAN', 'SUARES', '74924902', 'DNI', '959636303', '2002-11-21', NULL, NULL, 'CLIENTE ANTIGUO', 1, '2020-11-24 18:40:34', '2020-11-24 18:40:34'),
(758, 'RUBEN', 'AREVALO', '80304318', 'DNI', '939053688', '1978-06-17', NULL, NULL, 'CLIENTE ANTIGUO', 1, '2020-11-24 18:57:22', '2020-11-24 18:57:22'),
(759, 'ALONSO', 'PEREZ', '62554590', 'DNI', '965934915', '2010-02-02', NULL, NULL, 'CLIENTE ANTIGUO', 1, '2020-11-24 19:34:52', '2020-11-24 19:34:52'),
(760, 'NINO', 'RUIZ', '47695963', 'DNI', '926155009', '1993-04-03', NULL, NULL, 'PASO POR EL LUGAR', 1, '2020-11-24 19:55:36', '2020-11-24 19:55:36'),
(761, 'JEYSON', 'AHUANARY', '75622476', 'DNI', '00000000', '2012-12-02', NULL, NULL, 'PASO POR EL LUGAR', 1, '2020-11-25 11:18:00', '2020-11-25 11:18:00'),
(762, 'JACKSON', 'BALSECA', '62265678', 'DNI', '00000000', '2001-10-11', NULL, NULL, 'PASO POR EL LUGAR', 1, '2020-11-25 11:57:57', '2020-11-25 11:57:57'),
(763, 'RODRIGO', 'BALSECA', '62265677', 'DNI', '968975961', '2003-12-15', NULL, NULL, 'PASO POR EL LUGAR', 1, '2020-11-25 12:28:30', '2020-11-25 12:28:30'),
(764, 'NICOLAS', 'CUNZA', '00000000', 'DNI', '935812463', '2004-01-27', NULL, NULL, 'CLIENTE ANTIGUO', 1, '2020-11-25 17:09:47', '2020-11-25 17:09:47'),
(765, 'NAKEL', 'CHANGA', '00000000', 'DNI', '921343214', '2013-02-28', NULL, NULL, 'CLIENTE ANTIGUO', 1, '2020-11-25 18:51:20', '2020-11-25 18:51:20'),
(766, 'MAIKOL', 'ACUÑA', '00000000', 'DNI', '00000000', '2003-01-06', NULL, NULL, 'PASO POR EL LUGAR', 1, '2020-11-26 11:38:55', '2020-11-26 11:38:55'),
(767, 'JOSE', 'ARBILDO', '70303858', 'DNI', '984528299', '1992-12-04', NULL, NULL, 'PASO POR EL LUGAR', 1, '2020-11-26 15:49:33', '2020-11-26 15:49:33'),
(768, 'ARTURO', 'DEL AGUILA', '61338683', 'DNI', '946963188', '2007-12-08', NULL, NULL, 'PASO POR EL LUGAR', 1, '2020-11-26 15:51:53', '2020-11-26 15:51:53'),
(769, 'RENZO', 'MIRANDA', '72786613', 'DNI', '992076227', '1999-08-31', NULL, NULL, 'PASO POR EL LUGAR', 1, '2020-11-26 16:56:51', '2020-11-26 16:56:51'),
(770, 'RENATO', 'ARRIETA', '00000000', 'DNI', '979601679', '2010-11-27', NULL, NULL, 'CLIENTE ANTIGUO', 1, '2020-11-26 17:00:01', '2020-11-26 17:00:01'),
(771, 'EDER', 'BERTONY', '00000000', 'DNI', '920664454', '1986-05-27', NULL, NULL, 'CLIENTE ANTIGUO', 1, '2020-11-26 17:05:17', '2020-11-26 17:05:17'),
(772, 'JUSTIN XAVIER', 'ROJAS', '00000000', 'DNI', '965993874', '2010-11-01', NULL, NULL, 'CLIENTE ANTIGUO', 1, '2020-11-26 17:24:29', '2020-11-26 17:24:29'),
(773, 'JOSUE', 'FLORES', '00000000', 'DNI', '927166500', '2020-11-12', NULL, NULL, 'PASO POR EL LUGAR', 1, '2020-11-26 18:59:20', '2020-11-26 18:59:20'),
(774, 'JUAN', 'MORAN', '48206856', 'DNI', '988151238', '1990-07-26', NULL, NULL, 'CLIENTE ANTIGUO', 1, '2020-11-27 15:44:10', '2020-11-27 15:44:10'),
(775, 'JUWERT', 'GARCIA', '002324597', 'CE', '981695488', '1976-01-01', NULL, NULL, 'PASO POR EL LUGAR', 1, '2020-11-28 11:33:00', '2020-11-28 11:33:00'),
(776, 'JUAN', 'DIAZ', '054000081', 'DNI', '965619404', '1975-11-16', NULL, NULL, 'PASO POR EL LUGAR', 1, '2020-11-28 11:48:08', '2020-11-28 11:48:08'),
(777, 'CARLOS MARTIN', 'RIOS GARCIA', '41908765', 'DNI', '992774138', '1983-07-15', NULL, NULL, 'PASO POR EL LUGAR', 1, '2020-11-28 17:15:52', '2020-11-28 17:15:52'),
(778, 'DANILO', 'VERA', '09456990', 'DNI', '949356497', '1966-06-04', NULL, NULL, 'PASO POR EL LUGAR', 1, '2020-11-28 18:10:57', '2020-11-28 18:10:57'),
(779, 'ALVINO', 'ROCA', '41542275', 'DNI', '966217310', '1980-10-09', NULL, NULL, 'PASO POR EL LUGAR', 1, '2020-11-28 18:13:56', '2020-11-28 18:13:56'),
(780, 'MILAN', 'PAUCAR', '00000000', 'DNI', '957285056', '2019-05-17', NULL, NULL, 'RECOMENDACION DE TERCEROS', 1, '2020-11-30 16:50:40', '2020-11-30 16:50:40'),
(781, 'JIM', 'DIAZ', '75213034', 'DNI', '900452632', '2001-11-27', NULL, NULL, 'PASO POR EL LUGAR', 1, '2020-12-01 15:38:10', '2020-12-01 15:38:10'),
(782, 'JULIO', 'PORTOCARRERO', '76985965', 'DNI', '997940108', '1996-04-19', NULL, NULL, 'RECOMENDADO', 1, '2020-12-02 20:22:51', '2020-12-02 20:22:51'),
(783, 'JOSE ANTONIO', 'GALAN BOSCAÑO', '71998160', 'DNI', '932348086', '1999-09-01', NULL, NULL, 'PASO POR EL LUGAR', 1, '2020-12-03 12:32:45', '2020-12-03 12:32:45'),
(784, 'FRANCISCO', 'KOO COLLAZOS', '18180910', 'DNI', '94629200', '1976-10-19', NULL, NULL, 'PASO POR EL LUGAR', 1, '2020-12-03 17:59:30', '2020-12-03 17:59:30'),
(785, 'MATEO', 'CORTEGANA', '75579582', 'DNI', '951112836', '1998-07-21', NULL, NULL, 'PASO POR EL LUGAR', 1, '2020-12-03 19:30:51', '2020-12-03 19:30:51'),
(786, 'ANTHONY', 'ESQUEN', '70048376', 'DNI', '927432199', '1994-01-02', NULL, NULL, 'PASO POR EL LUGAR', 1, '2020-12-04 12:17:22', '2020-12-04 12:17:22'),
(787, 'WILLY', 'ANGULO WELL', '00000000', 'DNI', '00000000', '1975-10-17', NULL, NULL, 'RECOMENDACION DE TERCEROS', 1, '2020-12-04 12:46:11', '2020-12-04 12:46:11'),
(788, 'EDSON', 'DUQUE', '76549331', 'DNI', '979107154', '2000-05-21', NULL, NULL, 'PASO POR EL LUGAR', 1, '2020-12-04 17:40:28', '2020-12-04 17:40:28'),
(789, 'FIDEL', 'PINEDO', '80616862', 'DNI', '955589897', '1980-09-26', NULL, NULL, 'PASO POR EL LUGAR', 1, '2020-12-04 19:43:41', '2020-12-04 19:43:41'),
(790, 'ITALO', 'MONTOYA REATEGUI', '45884201', 'DNI', '964261608', '1989-08-18', NULL, NULL, 'PASO POR EL LUGAR', 1, '2020-12-05 11:49:13', '2020-12-05 11:49:13'),
(791, 'JOSE', 'FLORES', '41574685', 'DNI', '996152960', '1981-12-25', NULL, NULL, 'PASO POR EL LUGAR', 1, '2020-12-05 15:51:44', '2020-12-05 15:51:44'),
(792, 'JOSE MANUEL', 'FLORES MACEDO', '60883603', 'DNI', '996152960', '2006-11-08', NULL, NULL, 'RECOMENDACION DE TERCEROS', 1, '2020-12-05 15:54:17', '2020-12-05 15:54:17'),
(793, 'THIAGO PATRICIO', 'GUTIERREZ', '00000000', 'DNI', '955788146', '2017-08-21', NULL, NULL, 'PASO POR EL LUGAR', 1, '2020-12-05 15:58:13', '2020-12-05 15:58:13'),
(794, 'AUGUSTO', 'CHAVEZ', '73190073', 'DNI', '932556490', '1999-05-07', NULL, NULL, 'CLIENTE ANTIGUO', 1, '2020-12-05 17:26:19', '2020-12-05 17:26:19'),
(795, 'SILVIO', 'ASPAJO', '45859031', 'DNI', '979091019', '1988-08-28', NULL, NULL, 'PASO POR EL LUGAR', 1, '2020-12-05 18:31:32', '2020-12-05 18:31:32'),
(796, 'PERSI', 'GONZALEZ', '42274949', 'DNI', '997134418', '1984-03-21', NULL, NULL, 'PASO POR EL LUGAR', 1, '2020-12-05 19:05:51', '2020-12-05 19:05:51'),
(797, 'DIEGO', 'DIAZ', '71032233', 'DNI', '997123952', '2002-01-03', NULL, NULL, 'PASO POR EL LUGAR', 1, '2020-12-05 19:15:35', '2020-12-05 19:15:35'),
(798, 'PEDRO', 'NARVAES', '71036352', 'DNI', '980984677', '1993-02-05', NULL, NULL, 'CLIENTE ANTIGUO', 1, '2020-12-07 11:25:51', '2020-12-07 11:25:51'),
(799, 'RAUL', 'PELAEZ', '42035232', 'DNI', '929232945', '2005-08-08', NULL, NULL, 'PASO POR EL LUGAR', 1, '2020-12-07 12:49:02', '2020-12-07 12:49:02'),
(800, 'ANGEL', 'PELAEZ', '42035232', 'DNI', '929232945', '2007-02-13', NULL, NULL, 'RECOMENDACION DE TERCEROS', 1, '2020-12-07 12:52:45', '2020-12-07 12:52:45'),
(801, 'DIEGO', 'FLORES', '43317084', 'DNI', '934819997', '1986-01-05', NULL, NULL, 'PASO POR EL LUGAR', 1, '2020-12-07 15:36:36', '2020-12-07 15:36:36'),
(802, 'JUAN MANUEL', 'PINEDO', '00000000', 'DNI', '958553341', '2010-08-18', NULL, NULL, 'CLIENTE ANTIGUO', 1, '2020-12-07 18:50:43', '2020-12-07 18:50:43'),
(803, 'DAVID', 'PINEDO', '11111111', 'DNI', '958553341', '2006-07-14', NULL, NULL, 'RECOMENDACION DE TERCEROS', 1, '2020-12-07 18:52:46', '2020-12-07 18:52:46'),
(804, 'DIEGO', 'TERRONES SILVA', '00000000', 'DNI', '984351155', '2006-09-24', NULL, NULL, 'CLIENTE ANTIGUO', 1, '2020-12-07 19:30:55', '2020-12-07 19:30:55'),
(805, 'GIAN', 'URCIA', '45994945', 'DNI', '949404782', '1989-09-10', NULL, NULL, 'PASO POR EL LUGAR', 1, '2020-12-07 20:24:05', '2020-12-07 20:24:05'),
(806, 'ROLIN', 'MARGARIÑO', '07739989', 'DNI', '942425680', '1963-02-27', NULL, NULL, 'CLIENTE ANTIGUO', 1, '2020-12-09 16:02:23', '2020-12-09 16:02:23'),
(807, 'PIERI', 'RAIGADA', '00000000', 'DNI', '982827780', '2006-09-16', NULL, NULL, 'RECOMENDACION DE TERCEROS', 1, '2020-12-09 20:01:17', '2020-12-09 20:01:17'),
(808, 'YOANDI', 'MORALES PADILLA', '00000000', 'DNI', '919038299', '0001-01-01', NULL, NULL, 'PASO POR EL LUGAR', 1, '2020-12-10 16:27:47', '2020-12-10 16:27:47'),
(809, 'ANDERSON', 'CONTRERAS', '26982236', 'DNI', '950156968', '2000-02-22', NULL, NULL, 'PASO POR EL LUGAR', 1, '2020-12-10 16:51:50', '2020-12-10 16:51:50'),
(810, 'JUAN JOSE', 'ARMAS', '45206872', 'DNI', '978425632', '1988-03-29', NULL, NULL, 'CLIENTE ANTIGUO', 1, '2020-12-10 18:44:48', '2020-12-10 18:44:48'),
(811, 'WILDER', 'PANDURO', '71233760', 'DNI', '901652017', '1991-01-16', NULL, NULL, 'PASO POR EL LUGAR', 1, '2020-12-10 19:38:46', '2020-12-10 19:38:46'),
(812, 'GIANPIERO STEFANO', 'DIAZ CHAVEZ', '71314457', 'DNI', '065791022', '2001-11-08', NULL, NULL, 'PASO POR EL LUGAR', 1, '2020-12-10 20:10:16', '2020-12-10 20:10:16'),
(813, 'MICHAEL', 'GANOZA', '72741004', 'DNI', '928191060', '2001-11-06', NULL, NULL, 'CLIENTE ANTIGUO', 1, '2020-12-11 14:22:01', '2020-12-11 14:22:01'),
(814, 'ROBERTO', 'RUIZ', '72479640', 'DNI', '921771283', '2000-05-12', NULL, NULL, 'CLIENTE ANTIGUO', 1, '2020-12-11 16:59:05', '2020-12-11 16:59:05'),
(815, 'RENZO', 'LANDA', '00000000', 'DNI', '982783250', '2007-04-24', NULL, NULL, 'PASO POR EL LUGAR', 1, '2020-12-11 18:03:12', '2020-12-11 18:03:12'),
(816, 'ANDERSON', 'PAÑECO', '00000000', 'DNI', '925645264', '2008-07-31', NULL, NULL, 'CLIENTE ANTIGUO', 1, '2020-12-11 19:21:50', '2020-12-11 19:21:50'),
(817, 'JANDER', 'TAPULLIMA', '42426670', 'DNI', '965314678', '1984-06-18', NULL, NULL, 'PASO POR EL LUGAR', 1, '2020-12-12 11:51:10', '2020-12-12 11:51:10'),
(818, 'GIORDANO', 'PASQUEL', '00000000', 'DNI', '961083188', '2016-06-11', NULL, NULL, 'RECOMENDACION DE TERCEROS', 1, '2020-12-12 12:05:16', '2020-12-12 12:05:16'),
(819, 'JEISSON', 'LLANO', '11111111', 'CE', '00000000', '1993-10-14', NULL, NULL, 'RECOMENDACION DE TERCEROS', 1, '2020-12-12 17:55:27', '2020-12-12 17:55:27'),
(820, 'ROLDAN', 'PINEDO', '70101273', 'DNI', '935185860', '1990-05-16', NULL, NULL, 'PASO POR EL LUGAR', 1, '2020-12-14 11:56:34', '2020-12-14 11:56:34'),
(821, 'ADDHEMAR', 'REATEGUI', '72248468', 'DNI', '963959841', '2004-03-17', NULL, NULL, 'PASO POR EL LUGAR', 1, '2020-12-14 15:14:06', '2020-12-14 15:14:06'),
(822, 'CARLOS', 'URRIECI', '05371760', 'DNI', '921648312', '1961-01-31', NULL, NULL, 'CLIENTE ANTIGUO', 1, '2020-12-14 16:20:19', '2020-12-14 16:20:19'),
(823, 'ARTURO', 'LAURI', '00000000', 'DNI', '00000000', '0012-01-12', NULL, NULL, 'PASO POR EL LUGAR', 1, '2020-12-15 16:04:25', '2020-12-15 16:04:25'),
(824, 'LUIS', 'DEL AGUILA', '76930821', 'DNI', '916744139', '1994-08-10', NULL, NULL, 'PASO POR EL LUGAR', 1, '2020-12-15 19:22:34', '2020-12-15 19:22:34'),
(825, 'EDUAR', 'SABOLLA', '41632715', 'DNI', '969264227', '1983-01-25', NULL, NULL, 'PASO POR EL LUGAR', 1, '2020-12-16 18:40:58', '2020-12-16 18:40:58'),
(826, 'THIAGO', 'ARMAS', '00000000', 'DNI', '984399888', '2011-08-23', NULL, NULL, 'RECOMENDACION DE TERCEROS', 1, '2020-12-16 18:58:53', '2020-12-16 18:58:53'),
(827, 'EDUARDO', 'JANEIRO', '70256456', 'DNI', '994350630', '1994-12-17', NULL, NULL, 'PAO', 1, '2020-12-17 12:45:52', '2020-12-17 12:45:52'),
(828, 'ROBERTO', 'SAAVEDRA AREVALO', '75816260', 'DNI', '945763591', '2003-10-13', NULL, NULL, 'CLIENTE ANTIGUO', 1, '2020-12-17 19:52:36', '2020-12-17 19:52:36'),
(829, 'REINALDO', 'RUFINO', '08684476', 'DNI', '958674747', '1968-12-29', NULL, NULL, 'CLIENTE ANTIGUO', 1, '2020-12-18 11:44:35', '2020-12-18 11:44:35'),
(830, 'MATHIAS', 'PINEDO', '00000000', 'DNI', '947059794', '2012-09-17', NULL, NULL, 'PASO POR EL LUGAR', 1, '2020-12-18 12:29:56', '2020-12-18 12:29:56'),
(831, 'CESAR', 'FAVIANO', '00000000', 'DNI', '950579599', '2011-09-27', NULL, NULL, 'PASO POR EL LUGAR', 1, '2020-12-18 16:53:50', '2020-12-18 16:53:50'),
(832, 'JUAN', 'GUERRERO GARRIDO', '05241129', 'DNI', '945854780', '1956-08-28', NULL, NULL, 'PASO POR EL LUGAR', 1, '2020-12-18 18:55:32', '2020-12-18 18:55:32'),
(833, 'FERNANDO', 'NAVARRO', '00000000', 'DNI', '00000000', '2004-02-04', NULL, NULL, 'PASO POR EL LUGAR', 1, '2020-12-19 14:50:39', '2020-12-19 14:50:39'),
(834, 'VALENTIN', 'MORI', '73885111', 'DNI', '986106853', '1995-03-24', NULL, NULL, 'PASO POR EL LUGAR', 1, '2020-12-19 18:09:21', '2020-12-19 18:09:21'),
(835, 'WALTER', 'YESQUEN', '42643667', 'DNI', '948156874', '1980-12-19', NULL, NULL, 'PASO POR EL LUGAR', 1, '2020-12-19 20:01:11', '2020-12-19 20:01:11'),
(836, 'ALESSANDRO', 'DE LA CRUZ', '00000000', 'DNI', '977552005', '2015-10-23', NULL, NULL, 'CLIENTE ANTIGUO', 1, '2020-12-21 19:24:13', '2020-12-21 19:24:13'),
(837, 'JAVIER', 'PIÑA', '72470200', 'DNI', '931331413', '1998-07-14', NULL, NULL, 'PASO POR EL LUGAR', 1, '2020-12-21 19:34:22', '2020-12-21 19:34:22'),
(838, 'IKER', 'DEL AGUILA', '00000000', 'DNI', '00000000', '0001-01-01', NULL, NULL, 'PASO POR EL LUGAR', 1, '2020-12-22 10:57:23', '2020-12-22 10:57:23'),
(839, 'ALFREDO', 'VIGIL', '41927450', 'DNI', '959145967', '1983-06-16', NULL, NULL, 'PASO POR EL LUGAR', 1, '2020-12-22 12:11:31', '2020-12-22 12:11:31'),
(840, 'FABRIZIO', 'VIGIL', '00000000', 'DNI', '959145967', '2014-05-18', NULL, NULL, 'RECOMENDACION DE TERCEROS', 1, '2020-12-22 12:12:36', '2020-12-22 12:12:36'),
(841, 'SEGUNDO', 'TUESTA', '77474966', 'DNI', '910207694', '2002-09-24', NULL, NULL, 'PASO POR EL LUGAR', 1, '2020-12-22 12:44:32', '2020-12-22 12:44:32'),
(842, 'GABRIEL ALONSO', 'PAREDES RUIZ', '00000000', 'DNI', '930334581', '2010-02-18', NULL, NULL, 'PASO POR EL LUGAR', 1, '2020-12-22 12:46:52', '2020-12-22 12:46:52'),
(843, 'ELVIS', 'VASQUEZ', '70256944', 'DNI', '923004588', '1996-05-01', NULL, NULL, 'RECOMENDACION DE TERCEROS', 1, '2020-12-22 16:17:58', '2020-12-22 16:17:58'),
(844, 'DIEGO', 'CHAVEZ', '70053106', 'DNI', '972085656', '1993-01-08', NULL, NULL, 'PÁSO', 1, '2020-12-22 16:27:16', '2020-12-22 16:27:16'),
(845, 'ANGELO', 'GUZMAN', '00000000', 'DNI', '927578682', '2005-02-11', NULL, NULL, 'PASO POR EL LUGAR', 1, '2020-12-22 17:16:40', '2020-12-22 17:16:40'),
(846, 'PAUL', 'CARDENAS', '47995055', 'DNI', '995961594', '1993-02-05', NULL, NULL, 'PASO POR EL LUGAR', 1, '2020-12-22 19:03:09', '2020-12-22 19:03:09'),
(847, 'THOMAS', 'CARRILLO', '76956655', 'DNI', '980403399', '1996-06-13', NULL, NULL, 'PASO POR EL LUGAR', 1, '2020-12-22 19:30:54', '2020-12-22 19:30:54'),
(848, 'MATIAS', 'AREVALO MECCA', '00000000', 'DNI', '965619460', '2010-10-01', NULL, NULL, 'PASO POR EL LUGAR', 1, '2020-12-23 14:24:49', '2020-12-23 14:24:49'),
(849, 'IKER', 'NAVAS', '00000000', 'DNI', '00000000', '2010-07-02', NULL, NULL, 'RECOMENDACION DE TERCEROS', 1, '2020-12-23 14:26:51', '2020-12-23 14:26:51'),
(850, 'DIEGO', 'LOPEZ', '72319127', 'DNI', '986489388', '2003-09-01', NULL, NULL, 'PASO POR EL LUGAR', 1, '2020-12-23 16:52:30', '2020-12-23 16:52:30'),
(851, 'RODRIGO', 'VASQUEZ', '7243759', 'DNI', '986489388', '2006-11-07', NULL, NULL, 'PASO POR EL LUGAR', 1, '2020-12-23 16:53:56', '2020-12-23 16:53:56'),
(852, 'ANDERSON', 'GADEA', '00000000', 'DNI', '938662845', '2002-12-27', NULL, NULL, 'PASO POR EL LUGAR', 1, '2020-12-23 17:10:25', '2020-12-23 17:10:25'),
(853, 'CRISTHIAN', 'TELLO', '74773255', 'DNI', '969070977', '2002-11-20', NULL, NULL, 'PASO POR EL LUGAR', 1, '2020-12-23 17:12:00', '2020-12-23 17:12:00'),
(854, 'DUILIO', 'BUSTAMANTE', '00000000', 'DNI', '952272812', '2006-12-15', NULL, NULL, 'PASO POR EL LUGAR', 1, '2020-12-23 17:34:38', '2020-12-23 17:34:38'),
(855, 'MOISES AARON', 'ANGULO', '00000000', 'DNI', '00000000', '2010-12-23', NULL, NULL, 'RECOMENDACION DE TERCEROS', 1, '2020-12-23 17:45:41', '2020-12-23 17:45:41'),
(856, 'HERNAN', 'CAHUAZA', '00000000', 'DNI', '00000000', '2004-06-21', NULL, NULL, 'PASO POR EL LUGAR', 1, '2020-12-23 18:01:44', '2020-12-23 18:01:44'),
(857, 'VALENTIN', 'NECOCHEA', '00000000', 'DNI', '983102611', '2007-10-12', NULL, NULL, 'PASO POR EL LUGAR', 1, '2020-12-23 18:48:09', '2020-12-23 18:48:09'),
(858, 'BENJAMIN', 'SABOYA', '00000000', 'DNI', '969264227', '2011-12-08', NULL, NULL, 'PASO POR EL LUGAR', 1, '2020-12-24 11:43:45', '2020-12-24 11:43:45'),
(859, 'JONNY', 'BARATA', '05403375', 'DNI', '965898092', '1977-03-05', NULL, NULL, 'AMIGO DE JEMM', 1, '2020-12-24 12:11:39', '2020-12-24 12:11:39'),
(860, 'RULLER', 'MELENDEZ', '458635598', 'DNI', '942191754', '1988-11-30', NULL, NULL, 'PASO POR EL LUGAR', 1, '2020-12-24 13:04:57', '2020-12-24 13:04:57'),
(861, 'LIAN', 'CORIAT RAMIREZ', '00000000', 'DNI', '941890549', '2019-08-31', NULL, NULL, 'CLIENTES DE JEMMM', 1, '2020-12-24 13:16:50', '2020-12-24 13:16:50'),
(862, 'MARCELO', 'GUERRERO', '00000000', 'DNI', '996177748', '2004-12-19', NULL, NULL, 'PASO POR EL LUGAR', 1, '2020-12-24 13:28:34', '2020-12-24 13:28:34'),
(863, 'BRAYAN', 'PINEDO', '74614175', 'DNI', '00000000', '2004-01-28', NULL, NULL, 'PASO POR EL LUGAR', 1, '2020-12-24 16:51:34', '2020-12-24 16:51:34'),
(864, 'TOMAS', 'ORTIZ', '62345335', 'DNI', '901637877', '2004-03-10', NULL, NULL, 'PASO POR EL LUGAR', 1, '2020-12-24 17:31:07', '2020-12-24 17:31:07'),
(865, 'PIERRE', 'RENGIFO RIVA', '43702727', 'DNI', '942622306', '1986-04-21', NULL, NULL, 'PASO POR EL LUGAR', 1, '2020-12-26 12:09:06', '2020-12-26 12:09:06'),
(866, 'CARLOS', 'AREVALO', '41499245', 'DNI', '930187569', '1984-09-08', NULL, NULL, 'PASO POR EL LUGAR', 1, '2020-12-26 17:38:57', '2020-12-26 17:38:57'),
(867, 'HERRY', 'MOLINA', '23020809', 'DNI', '964248799', '1987-10-09', NULL, NULL, 'PASO POR EL LUGAR', 1, '2020-12-26 19:00:15', '2020-12-26 19:00:15'),
(868, 'CESAR', 'BALLEJO', '43453190', 'DNI', '976134071', '1986-02-14', NULL, NULL, 'CLIENTE JEMM', 1, '2020-12-26 19:59:21', '2020-12-26 19:59:21'),
(869, 'EXON', 'CHUQUISUTA', '74406323', 'DNI', '92815318774', '2002-06-25', NULL, NULL, 'PASO POR EL LUGAR', 1, '2020-12-28 12:49:28', '2020-12-28 12:49:28'),
(870, 'FRANK', 'RAMOS', '60558426', 'DNI', '967574811', '1994-02-28', NULL, NULL, 'PASO POR EL LUGAR', 1, '2020-12-28 16:25:52', '2020-12-28 16:25:52'),
(871, 'GIANNI', 'RIVERA', '72676215', 'DNI', '933732863', '1994-12-10', NULL, NULL, 'PASO POR EL LUGAR', 1, '2020-12-28 17:46:24', '2020-12-28 17:46:24'),
(872, 'PIERO', 'VASQUEZ', '71140330', 'DNI', '993347043', '1992-08-10', NULL, NULL, 'PASO POR EL LUGAR', 1, '2020-12-28 18:38:02', '2020-12-28 18:38:02'),
(873, 'JORGE', 'MELENDEZ', '47468457', 'DNI', '961018633', '1992-04-06', NULL, NULL, 'CLIENTE ANTIGUO', 1, '2020-12-28 20:08:22', '2020-12-28 20:08:22'),
(874, 'IAN', 'ARMAS', '00000000', 'DNI', '935240373', '2014-11-10', NULL, NULL, 'PASO POR EL LUGAR', 1, '2020-12-29 17:30:51', '2020-12-29 17:30:51'),
(875, 'BRYAN', 'BAZALAR', '60440128', 'DNI', '928718281', '2004-02-23', NULL, NULL, 'PASO POR EL LUGAR', 1, '2020-12-29 18:27:51', '2020-12-29 18:27:51'),
(876, 'KAMIL', 'GOMEZ', '00000000', 'DNI', '976859003', '2010-02-25', NULL, NULL, 'RECOMENDACION DE TERCEROS', 1, '2020-12-29 19:14:29', '2020-12-29 19:14:29'),
(877, 'OMAR', 'FERREIRA', '72215797', 'DNI', '965826668', '2001-09-28', NULL, NULL, 'PASO POR EL LUGAR', 1, '2020-12-29 19:35:48', '2020-12-29 19:35:48'),
(878, 'SERGIO FABIANO', 'DAVILA', '00000000', 'DNI', '926151179', '2010-11-10', NULL, NULL, 'PASO POR EL LUGAR', 1, '2020-12-30 12:45:40', '2020-12-30 12:45:40'),
(879, 'HERLICH', 'ALTAMIRANO', '41759652', 'DNI', '942817876', '1983-05-21', NULL, NULL, 'PASO POR EL LUGAR', 1, '2020-12-30 13:02:11', '2020-12-30 13:02:11'),
(880, 'DAVID', 'ESTRELLA', '75367017', 'DNI', '928003813', '2005-01-02', NULL, NULL, 'PASO POR EL LUGAR', 1, '2020-12-30 17:07:35', '2020-12-30 17:07:35'),
(881, 'JEREMY', 'CRISOSTOMO', '72961762', 'DNI', '923827526', '2002-11-15', NULL, NULL, 'PASO POR EL LUGAR', 1, '2020-12-30 19:40:16', '2020-12-30 19:40:16'),
(882, 'CESAREO', 'TELLO', '46689059', 'DNI', '965824138', '1990-08-31', NULL, NULL, 'PASO POR EL LUGAR', 1, '2020-12-31 11:50:10', '2020-12-31 11:50:10'),
(883, 'JOSE', 'CORONADO', '45312958', 'DNI', '920559881', '1988-10-07', NULL, NULL, 'PASO POR EL LUGAR', 1, '2020-12-31 12:30:34', '2020-12-31 12:30:34'),
(884, 'FABIO', 'CORONADO', '00000000', 'DNI', '00000000', '0001-01-01', NULL, NULL, 'PASO POR EL LUGAR', 1, '2020-12-31 12:31:57', '2020-12-31 12:31:57'),
(885, 'KOJHI ANDREW', 'ALARCON PINEDO', '00000000', 'DNI', '943567201', '2003-04-08', NULL, NULL, 'PASO POR EL LUGAR', 1, '2020-12-31 17:09:34', '2020-12-31 17:09:34'),
(886, 'HARRY', 'GUIDOTTI', '47430750', 'DNI', '959226364', '1991-10-23', NULL, NULL, 'PASO POR EL LUGAR', 1, '2020-12-31 19:44:16', '2020-12-31 19:44:16'),
(887, 'Lucas', 'Montoya', '47599379', 'DNI', '965982425', '2021-06-01', 'Av. Mariscal Cáceres 820', 'ingamilcar@gmail.com', 'ANUNCIO EN REDES U OTROS MEDIOS', 1, '2021-01-02 11:30:45', '2021-01-02 11:30:45'),
(888, 'JOSE', 'MORALES', '47414422', 'DNI', '940241540', '1995-03-27', NULL, NULL, 'PASO POR EL LUGAR', 1, '2021-01-02 12:27:11', '2021-01-02 12:27:11');

-- --------------------------------------------------------

--
-- Estructura de tabla para la tabla `clientes_recomendados`
--

DROP TABLE IF EXISTS `clientes_recomendados`;
CREATE TABLE IF NOT EXISTS `clientes_recomendados` (
  `id` int(11) NOT NULL AUTO_INCREMENT,
  `recomendado` int(11) DEFAULT NULL,
  `recomendador` int(11) DEFAULT NULL,
  `estado` varchar(10) DEFAULT 'VIGENTE',
  `created_at` datetime DEFAULT NULL,
  `updated_at` datetime DEFAULT NULL,
  PRIMARY KEY (`id`),
  KEY `fk_cr_recomendado` (`recomendado`),
  KEY `fk_cr_recomendador` (`recomendador`)
) ENGINE=InnoDB AUTO_INCREMENT=97 DEFAULT CHARSET=utf8;

--
-- Volcado de datos para la tabla `clientes_recomendados`
--

INSERT INTO `clientes_recomendados` (`id`, `recomendado`, `recomendador`, `estado`, `created_at`, `updated_at`) VALUES
(1, 324, 6, 'VIGENTE', '2020-08-27 16:15:34', '2020-08-27 16:15:34'),
(4, 328, 6, 'VIGENTE', '2020-08-27 18:49:13', '2020-08-27 18:49:13'),
(7, 332, 4, 'VIGENTE', '2020-08-28 11:13:34', '2020-08-28 11:13:34'),
(18, 349, 92, 'VIGENTE', '2020-08-29 12:31:01', '2020-08-29 12:31:01'),
(22, 378, 4, 'VIGENTE', '2020-09-02 11:29:50', '2020-09-02 11:29:50'),
(23, 392, 128, 'VIGENTE', '2020-09-03 12:39:41', '2020-09-03 12:39:41'),
(24, 401, 300, 'VIGENTE', '2020-09-05 15:08:30', '2020-09-05 15:08:30'),
(25, 404, 257, 'VIGENTE', '2020-09-07 11:17:14', '2020-09-07 11:17:14'),
(26, 405, 257, 'VIGENTE', '2020-09-07 11:18:20', '2020-09-07 11:18:20'),
(27, 406, 48, 'VIGENTE', '2020-09-07 12:19:06', '2020-09-07 12:19:06'),
(28, 410, 4, 'VIGENTE', '2020-09-07 17:12:01', '2020-09-07 17:12:01'),
(29, 421, 48, 'VIGENTE', '2020-09-09 18:33:11', '2020-09-09 18:33:11'),
(30, 450, 27, 'VIGENTE', '2020-09-12 12:24:31', '2020-09-12 12:24:31'),
(31, 454, 347, 'VIGENTE', '2020-09-12 17:05:46', '2020-09-12 17:05:46'),
(32, 455, 347, 'VIGENTE', '2020-09-12 17:08:28', '2020-09-12 17:08:28'),
(33, 467, 4, 'VIGENTE', '2020-09-16 12:17:18', '2020-09-16 12:17:18'),
(34, 468, 4, 'VIGENTE', '2020-09-16 12:18:21', '2020-09-16 12:18:21'),
(35, 475, 285, 'VIGENTE', '2020-09-17 11:55:01', '2020-09-17 11:55:01'),
(36, 483, 195, 'VIGENTE', '2020-09-18 17:01:29', '2020-09-18 17:01:29'),
(37, 496, 312, 'VIGENTE', '2020-09-19 18:41:42', '2020-09-19 18:41:42'),
(38, 497, 74, 'VIGENTE', '2020-09-19 18:46:51', '2020-09-19 18:46:51'),
(39, 499, 363, 'VENCIDO', '2020-09-21 10:19:45', '2020-09-21 10:19:45'),
(40, 500, 363, 'VENCIDO', '2020-09-21 10:21:36', '2020-09-21 10:21:36'),
(41, 511, 205, 'VIGENTE', '2020-09-23 12:42:09', '2020-09-23 12:42:09'),
(42, 522, 363, 'VENCIDO', '2020-09-24 17:09:25', '2020-09-24 17:09:25'),
(43, 527, 289, 'VIGENTE', '2020-09-25 16:50:47', '2020-09-25 16:50:47'),
(44, 529, 111, 'VIGENTE', '2020-09-25 18:35:46', '2020-09-25 18:35:46'),
(45, 535, 255, 'VIGENTE', '2020-09-26 21:15:46', '2020-09-26 21:15:46'),
(46, 545, 459, 'VIGENTE', '2020-09-30 12:55:21', '2020-09-30 12:55:21'),
(47, 549, 63, 'VIGENTE', '2020-09-30 19:54:05', '2020-09-30 19:54:05'),
(48, 552, 199, 'VIGENTE', '2020-10-01 17:18:57', '2020-10-01 17:18:57'),
(49, 563, 459, 'VIGENTE', '2020-10-03 11:40:48', '2020-10-03 11:40:48'),
(50, 564, 459, 'VIGENTE', '2020-10-03 11:42:20', '2020-10-03 11:42:20'),
(51, 573, 6, 'VIGENTE', '2020-10-06 09:41:22', '2020-10-06 09:41:22'),
(52, 580, 25, 'VIGENTE', '2020-10-07 16:15:12', '2020-10-07 16:15:12'),
(53, 595, 188, 'VIGENTE', '2020-10-12 11:47:08', '2020-10-12 11:47:08'),
(54, 605, 456, 'VIGENTE', '2020-10-15 15:49:50', '2020-10-15 15:49:50'),
(55, 615, 390, 'VIGENTE', '2020-10-19 15:15:14', '2020-10-19 15:15:14'),
(56, 619, 187, 'VIGENTE', '2020-10-20 12:34:20', '2020-10-20 12:34:20'),
(57, 622, 482, 'VIGENTE', '2020-10-20 16:34:46', '2020-10-20 16:34:46'),
(58, 627, 331, 'VIGENTE', '2020-10-21 19:12:20', '2020-10-21 19:12:20'),
(59, 629, 280, 'VIGENTE', '2020-10-22 12:20:51', '2020-10-22 12:20:51'),
(60, 630, 567, 'VIGENTE', '2020-10-22 17:21:40', '2020-10-22 17:21:40'),
(61, 636, 615, 'VIGENTE', '2020-10-23 19:35:41', '2020-10-23 19:35:41'),
(62, 642, 641, 'VIGENTE', '2020-10-26 18:09:22', '2020-10-26 18:09:22'),
(63, 643, 641, 'VIGENTE', '2020-10-26 19:37:15', '2020-10-26 19:37:15'),
(64, 645, 325, 'VIGENTE', '2020-10-27 16:31:12', '2020-10-27 16:31:12'),
(65, 648, 48, 'VIGENTE', '2020-10-28 12:33:13', '2020-10-28 12:33:13'),
(66, 652, 79, 'VIGENTE', '2020-10-28 19:40:52', '2020-10-28 19:40:52'),
(67, 656, 79, 'VIGENTE', '2020-10-29 12:03:31', '2020-10-29 12:03:31'),
(68, 658, 48, 'VIGENTE', '2020-10-29 17:47:08', '2020-10-29 17:47:08'),
(69, 661, 660, 'VIGENTE', '2020-10-30 10:55:42', '2020-10-30 10:55:42'),
(70, 662, 48, 'VIGENTE', '2020-10-30 11:13:37', '2020-10-30 11:13:37'),
(71, 674, 673, 'VIGENTE', '2020-11-02 16:11:28', '2020-11-02 16:11:28'),
(72, 675, 673, 'VIGENTE', '2020-11-02 16:12:37', '2020-11-02 16:12:37'),
(73, 686, 644, 'VIGENTE', '2020-11-04 15:55:56', '2020-11-04 15:55:56'),
(74, 687, 644, 'VIGENTE', '2020-11-04 15:56:53', '2020-11-04 15:56:53'),
(75, 704, 48, 'VIGENTE', '2020-11-09 17:13:49', '2020-11-09 17:13:49'),
(76, 706, 48, 'VIGENTE', '2020-11-10 16:21:13', '2020-11-10 16:21:13'),
(77, 714, 77, 'VIGENTE', '2020-11-12 15:49:18', '2020-11-12 15:49:18'),
(78, 717, 716, 'VIGENTE', '2020-11-12 19:19:36', '2020-11-12 19:19:36'),
(79, 734, 205, 'VIGENTE', '2020-11-18 11:51:13', '2020-11-18 11:51:13'),
(80, 740, 606, 'VIGENTE', '2020-11-19 16:13:03', '2020-11-19 16:13:03'),
(81, 747, 293, 'VIGENTE', '2020-11-21 12:23:00', '2020-11-21 12:23:00'),
(82, 749, 748, 'VIGENTE', '2020-11-21 15:33:49', '2020-11-21 15:33:49'),
(83, 780, 437, 'VIGENTE', '2020-11-30 16:50:40', '2020-11-30 16:50:40'),
(84, 787, 48, 'VIGENTE', '2020-12-04 12:46:11', '2020-12-04 12:46:11'),
(85, 792, 791, 'VIGENTE', '2020-12-05 15:54:17', '2020-12-05 15:54:17'),
(86, 800, 799, 'VIGENTE', '2020-12-07 12:52:45', '2020-12-07 12:52:45'),
(87, 803, 802, 'VIGENTE', '2020-12-07 18:52:46', '2020-12-07 18:52:46'),
(88, 807, 242, 'VIGENTE', '2020-12-09 20:01:17', '2020-12-09 20:01:17'),
(89, 818, 317, 'VIGENTE', '2020-12-12 12:05:16', '2020-12-12 12:05:16'),
(90, 819, 82, 'VIGENTE', '2020-12-12 17:55:27', '2020-12-12 17:55:27'),
(91, 826, 597, 'VIGENTE', '2020-12-16 18:58:53', '2020-12-16 18:58:53'),
(92, 840, 839, 'VIGENTE', '2020-12-22 12:12:36', '2020-12-22 12:12:36'),
(93, 843, 116, 'VIGENTE', '2020-12-22 16:17:58', '2020-12-22 16:17:58'),
(94, 849, 848, 'VIGENTE', '2020-12-23 14:26:51', '2020-12-23 14:26:51'),
(95, 855, 205, 'VIGENTE', '2020-12-23 17:45:41', '2020-12-23 17:45:41'),
(96, 876, 497, 'VIGENTE', '2020-12-29 19:14:29', '2020-12-29 19:14:29');

-- --------------------------------------------------------

--
-- Estructura de tabla para la tabla `clientes_vip`
--

DROP TABLE IF EXISTS `clientes_vip`;
CREATE TABLE IF NOT EXISTS `clientes_vip` (
  `id` int(11) NOT NULL AUTO_INCREMENT,
  `codigo` varchar(30) DEFAULT NULL,
  `cliente` int(11) DEFAULT NULL,
  `fecha_desde` date DEFAULT NULL,
  `fecha_hasta` date DEFAULT NULL,
  `activo` tinyint(1) DEFAULT NULL,
  `created_at` datetime DEFAULT NULL,
  `updated_at` datetime DEFAULT NULL,
  PRIMARY KEY (`id`),
  KEY `fk_cli_vip_cliente` (`cliente`)
) ENGINE=InnoDB DEFAULT CHARSET=utf8;

-- --------------------------------------------------------

--
-- Estructura de tabla para la tabla `compras`
--

DROP TABLE IF EXISTS `compras`;
CREATE TABLE IF NOT EXISTS `compras` (
  `id` int(11) NOT NULL AUTO_INCREMENT,
  `fecha_emi` date DEFAULT NULL,
  `fecha_inter` date DEFAULT NULL,
  `hora_inter` time DEFAULT NULL,
  `proveedor` int(11) DEFAULT NULL,
  `tipo_doc` varchar(30) DEFAULT NULL,
  `nro_doc_pref` varchar(10) DEFAULT NULL,
  `nro_doc_suf` varchar(20) DEFAULT NULL,
  `total` int(11) DEFAULT NULL,
  `created_at` datetime DEFAULT NULL,
  `updated_at` datetime DEFAULT NULL,
  PRIMARY KEY (`id`),
  KEY `fk_compras_proveedor` (`proveedor`)
) ENGINE=InnoDB AUTO_INCREMENT=41 DEFAULT CHARSET=utf8;

--
-- Volcado de datos para la tabla `compras`
--

INSERT INTO `compras` (`id`, `fecha_emi`, `fecha_inter`, `hora_inter`, `proveedor`, `tipo_doc`, `nro_doc_pref`, `nro_doc_suf`, `total`, `created_at`, `updated_at`) VALUES
(1, '2020-08-06', '2020-08-06', '09:52:14', 2, 'FACTURA', '002', '469', 25, '2020-08-07 09:53:52', '2020-08-07 09:53:52'),
(2, '2020-08-06', '2020-08-06', '09:57:12', 2, 'FACTURA', '0002', '469', 70, '2020-08-07 09:59:25', '2020-08-07 09:59:25'),
(3, '2020-08-12', '2020-08-14', '18:03:30', 2, 'FACTURA', '002', '506', 380, '2020-08-14 18:11:26', '2020-08-14 18:11:26'),
(4, '2020-08-24', '2020-08-24', '16:50:29', 2, 'FACTURA', '002', '582', 35, '2020-08-24 16:52:47', '2020-08-24 16:52:47'),
(5, '2020-08-24', '2020-08-24', '16:52:48', 2, 'FACTURA', '0002', '583', 25, '2020-08-24 16:54:01', '2020-08-24 16:54:01'),
(6, '2020-08-29', '2020-08-29', '15:25:35', 2, 'FACTURA', '002', '633', 24, '2020-08-29 15:27:05', '2020-08-29 15:27:05'),
(7, '2020-09-05', '2020-09-05', '09:49:30', 2, 'FACTURA', 'F002', '673', 50, '2020-09-07 09:50:46', '2020-09-07 09:52:03'),
(8, '2020-09-05', '2020-09-07', '09:53:40', 2, 'FACTURA', 'F002', '674', 740, '2020-09-07 10:01:56', '2020-09-07 10:01:56'),
(11, '2020-09-17', '2020-09-17', '11:16:40', 2, 'FACTURA', 'F001', '4272', 265, '2020-09-17 11:19:01', '2020-09-17 11:19:01'),
(12, '2020-09-17', '2020-09-17', '16:28:41', 2, 'FACTURA', 'F002', '721', 260, '2020-09-17 16:30:22', '2020-09-17 16:30:22'),
(13, '2020-09-18', '2020-09-18', '11:42:45', 2, 'FACTURA', 'F001', '4280', 330, '2020-09-18 11:44:45', '2020-09-18 11:44:45'),
(14, '2020-09-19', '2020-09-19', '11:56:52', 2, 'FACTURA', 'F001', '4288', 165, '2020-09-19 12:23:02', '2020-09-19 12:23:02'),
(15, '2020-09-21', '2020-09-21', '16:17:57', 2, 'FACTURA', 'F001', '4297', 60, '2020-09-21 16:22:51', '2020-09-21 16:22:51'),
(16, '2020-09-26', '2020-09-26', '12:03:46', 2, 'FACTURA', 'F001', '4333', 514, '2020-09-26 12:07:43', '2020-09-26 12:07:43'),
(17, '2020-09-30', '2020-09-30', '17:46:05', 2, 'FACTURA', 'F001', '4356', 25, '2020-09-30 17:47:00', '2020-09-30 17:47:00'),
(18, '2020-10-09', '2020-10-09', '19:12:37', 2, 'FACTURA', 'F001', '4411', 138, '2020-10-09 19:14:29', '2020-10-09 19:14:29'),
(19, '2020-10-12', '2020-10-12', '14:48:58', 2, 'FACTURA', 'F001', '4421', 720, '2020-10-12 14:58:51', '2020-10-12 15:07:45'),
(20, '2020-10-16', '2020-10-16', '10:48:46', 2, 'GUIA DE REMISION', '002', '234', 190, '2020-10-16 12:11:17', '2020-10-16 12:11:17'),
(21, '2020-10-16', '2020-10-16', '12:11:18', 2, 'FACTURA', 'F001', '4437', 30, '2020-10-16 12:12:26', '2020-10-16 12:12:26'),
(22, '2020-10-27', '2020-10-27', '09:19:20', 2, 'FACTURA', 'F001', '4507', 125, '2020-10-29 09:27:05', '2020-10-29 09:29:32'),
(23, '2020-10-27', '2020-10-27', '09:29:41', 2, 'FACTURA', 'F001', '4510', 620, '2020-10-29 09:32:35', '2020-10-29 09:32:35'),
(24, '2020-11-03', '2020-11-03', '15:39:03', 2, 'FACTURA', 'F001', '4555', 214, '2020-11-03 15:41:40', '2020-11-03 15:41:40'),
(25, '2020-11-03', '2020-11-03', '15:41:40', 2, 'FACTURA', 'F001', '4556', 25, '2020-11-03 15:42:49', '2020-11-03 15:42:49'),
(26, '2020-11-09', '2020-11-09', '17:52:52', 2, 'FACTURA', 'F001', '4601', 204, '2020-11-09 17:55:13', '2020-11-09 17:55:13'),
(27, '2020-11-10', '2020-11-10', '07:24:28', 2, 'GUIA DE REMISION', '0001', '10112020', 5235, '2020-11-10 07:37:08', '2020-11-10 07:37:08'),
(28, '2020-11-11', '2020-11-11', '17:46:18', 2, 'FACTURA', 'F001', '4615', 24, '2020-11-11 17:49:06', '2020-11-11 17:49:06'),
(29, '2020-11-13', '2020-11-13', '15:38:34', 2, 'FACTURA', 'F001', '0004626', 395, '2020-11-13 15:41:57', '2020-11-13 15:41:57'),
(30, '2020-11-17', '2020-11-17', '18:14:03', 2, 'FACTURA', 'F001', '4649', 25, '2020-11-17 18:18:17', '2020-11-17 18:18:17'),
(31, '2020-12-04', '2020-12-04', '15:25:42', 2, 'FACTURA', 'F001', '4775', 530, '2020-12-04 15:58:40', '2020-12-04 15:58:40'),
(32, '2020-12-05', '2020-12-07', '12:40:54', 2, 'FACTURA', 'F001', '4790', 28, '2020-12-07 12:42:51', '2020-12-07 12:42:51'),
(33, '2020-12-11', '2020-12-11', '15:25:51', 2, 'GUIA DE REMISION', '002', '344', 9, '2020-12-11 15:31:52', '2020-12-11 15:31:52'),
(34, '2020-12-12', '2020-12-12', '12:44:13', 2, 'GUIA DE REMISION', '002', '347', 0, '2020-12-12 12:44:37', '2020-12-12 12:44:37'),
(35, '2020-12-14', '2020-12-14', '15:16:13', 2, 'GUIA DE REMISION', '002', '355', 9, '2020-12-14 15:18:05', '2020-12-18 11:45:24'),
(36, '2020-12-15', '2020-12-15', '17:10:23', 2, 'FACTURA', 'F001', '4848', 120, '2020-12-15 17:14:14', '2020-12-15 17:14:14'),
(37, '2020-12-18', '2020-12-18', '19:45:41', 2, 'GUIA DE REMISION', '001', '501', 3, '2020-12-18 19:46:49', '2020-12-18 19:46:49'),
(38, '2020-12-19', '2020-12-19', '13:41:11', 2, 'GUIA DE REMISION', '002', '358', 0, '2020-12-19 13:42:04', '2020-12-19 13:42:04'),
(39, '2020-12-21', '2020-12-21', '16:43:05', 2, 'FACTURA', 'F001', '4892', 135, '2020-12-21 16:44:16', '2020-12-21 16:44:16'),
(40, '2020-12-29', '2020-12-29', '19:06:02', 2, 'FACTURA', 'F001', '4934', 140, '2020-12-29 19:08:44', '2020-12-29 19:08:44');

-- --------------------------------------------------------

--
-- Estructura de tabla para la tabla `compras_detalles`
--

DROP TABLE IF EXISTS `compras_detalles`;
CREATE TABLE IF NOT EXISTS `compras_detalles` (
  `id` int(11) NOT NULL AUTO_INCREMENT,
  `compra` int(11) DEFAULT NULL,
  `producto` int(11) DEFAULT NULL,
  `cantidad` int(11) DEFAULT NULL,
  `precio` decimal(10,2) DEFAULT NULL,
  `importe` decimal(10,2) DEFAULT NULL,
  `created_at` datetime DEFAULT NULL,
  `updated_at` datetime DEFAULT NULL,
  PRIMARY KEY (`id`),
  KEY `fk_compras_detalles_venta` (`compra`),
  KEY `fk_compras_detalles_producto_pre` (`producto`)
) ENGINE=InnoDB AUTO_INCREMENT=115 DEFAULT CHARSET=utf8;

--
-- Volcado de datos para la tabla `compras_detalles`
--

INSERT INTO `compras_detalles` (`id`, `compra`, `producto`, `cantidad`, `precio`, `importe`, `created_at`, `updated_at`) VALUES
(1, 1, 37, 10, '2.50', '25.00', '2020-08-07 09:53:52', '2020-08-07 09:53:52'),
(2, 2, 52, 1, '35.00', '35.00', '2020-08-07 09:59:25', '2020-08-07 09:59:25'),
(3, 2, 51, 1, '35.00', '35.00', '2020-08-07 09:59:25', '2020-08-07 09:59:25'),
(4, 3, 4, 12, '20.00', '240.00', '2020-08-14 18:11:26', '2020-08-14 18:11:26'),
(5, 3, 56, 2, '70.00', '140.00', '2020-08-14 18:11:26', '2020-08-14 18:11:26'),
(6, 4, 12, 1, '35.00', '35.00', '2020-08-24 16:52:47', '2020-08-24 16:52:47'),
(7, 5, 37, 10, '2.50', '25.00', '2020-08-24 16:54:01', '2020-08-24 16:54:01'),
(8, 6, 12, 1, '24.00', '24.00', '2020-08-29 15:27:05', '2020-08-29 15:27:05'),
(11, 7, 59, 1, '25.00', '25.00', '2020-09-07 09:52:03', '2020-09-07 09:52:03'),
(12, 7, 60, 1, '25.00', '25.00', '2020-09-07 09:52:03', '2020-09-07 09:52:03'),
(13, 8, 46, 6, '15.00', '90.00', '2020-09-07 10:01:56', '2020-09-07 10:01:56'),
(14, 8, 61, 6, '35.00', '210.00', '2020-09-07 10:01:56', '2020-09-07 10:01:56'),
(15, 8, 60, 6, '20.00', '120.00', '2020-09-07 10:01:56', '2020-09-07 10:01:56'),
(16, 8, 59, 6, '20.00', '120.00', '2020-09-07 10:01:56', '2020-09-07 10:01:56'),
(17, 8, 54, 5, '20.00', '100.00', '2020-09-07 10:01:56', '2020-09-07 10:01:56'),
(18, 8, 55, 5, '20.00', '100.00', '2020-09-07 10:01:56', '2020-09-07 10:01:56'),
(25, 11, 15, 5, '25.00', '125.00', '2020-09-17 11:19:01', '2020-09-17 11:19:01'),
(26, 11, 67, 1, '140.00', '140.00', '2020-09-17 11:19:01', '2020-09-17 11:19:01'),
(27, 12, 37, 8, '2.50', '20.00', '2020-09-17 16:30:22', '2020-09-17 16:30:22'),
(28, 12, 63, 2, '25.00', '50.00', '2020-09-17 16:30:22', '2020-09-17 16:30:22'),
(29, 12, 64, 2, '25.00', '50.00', '2020-09-17 16:30:22', '2020-09-17 16:30:22'),
(30, 12, 65, 2, '25.00', '50.00', '2020-09-17 16:30:22', '2020-09-17 16:30:22'),
(31, 12, 62, 6, '15.00', '90.00', '2020-09-17 16:30:22', '2020-09-17 16:30:22'),
(32, 13, 27, 11, '15.00', '165.00', '2020-09-18 11:44:45', '2020-09-18 11:44:45'),
(33, 13, 62, 11, '15.00', '165.00', '2020-09-18 11:44:45', '2020-09-18 11:44:45'),
(34, 14, 68, 1, '55.00', '55.00', '2020-09-19 12:23:02', '2020-09-19 12:23:02'),
(35, 14, 13, 2, '55.00', '110.00', '2020-09-19 12:23:02', '2020-09-19 12:23:02'),
(36, 15, 40, 3, '20.00', '60.00', '2020-09-21 16:22:51', '2020-09-21 16:22:51'),
(37, 16, 54, 5, '25.00', '125.00', '2020-09-26 12:07:43', '2020-09-26 12:07:43'),
(38, 16, 55, 5, '25.00', '125.00', '2020-09-26 12:07:43', '2020-09-26 12:07:43'),
(39, 16, 62, 12, '14.50', '174.00', '2020-09-26 12:07:43', '2020-09-26 12:07:43'),
(40, 16, 69, 6, '15.00', '90.00', '2020-09-26 12:07:43', '2020-09-26 12:07:43'),
(41, 17, 37, 10, '2.50', '25.00', '2020-09-30 17:47:00', '2020-09-30 17:47:00'),
(42, 18, 4, 12, '11.50', '138.00', '2020-10-09 19:14:29', '2020-10-09 19:14:29'),
(46, 19, 70, 1, '590.00', '590.00', '2020-10-12 15:07:45', '2020-10-12 15:07:45'),
(47, 19, 12, 1, '25.00', '25.00', '2020-10-12 15:07:45', '2020-10-12 15:07:45'),
(48, 19, 56, 1, '80.00', '80.00', '2020-10-12 15:07:45', '2020-10-12 15:07:45'),
(49, 19, 37, 10, '2.50', '25.00', '2020-10-12 15:07:45', '2020-10-12 15:07:45'),
(50, 20, 72, 5, '38.00', '190.00', '2020-10-16 12:11:17', '2020-10-16 12:11:17'),
(51, 21, 71, 2, '15.00', '30.00', '2020-10-16 12:12:26', '2020-10-16 12:12:26'),
(52, 22, 75, 2, '5.00', '10.00', '2020-10-29 09:27:05', '2020-10-29 09:27:05'),
(53, 22, 74, 1, '85.00', '85.00', '2020-10-29 09:29:01', '2020-10-29 09:29:01'),
(54, 22, 73, 1, '30.00', '30.00', '2020-10-29 09:29:01', '2020-10-29 09:29:01'),
(55, 23, 70, 1, '620.00', '620.00', '2020-10-29 09:32:35', '2020-10-29 09:32:35'),
(56, 24, 40, 3, '18.00', '54.00', '2020-11-03 15:41:40', '2020-11-03 15:41:40'),
(57, 24, 6, 2, '15.00', '30.00', '2020-11-03 15:41:40', '2020-11-03 15:41:40'),
(58, 24, 67, 1, '130.00', '130.00', '2020-11-03 15:41:40', '2020-11-03 15:41:40'),
(59, 25, 37, 10, '2.50', '25.00', '2020-11-03 15:42:49', '2020-11-03 15:42:49'),
(60, 26, 15, 5, '25.00', '125.00', '2020-11-09 17:55:13', '2020-11-09 17:55:13'),
(61, 26, 12, 1, '24.00', '24.00', '2020-11-09 17:55:13', '2020-11-09 17:55:13'),
(62, 26, 13, 1, '55.00', '55.00', '2020-11-09 17:55:13', '2020-11-09 17:55:13'),
(63, 27, 70, 1, '620.00', '620.00', '2020-11-10 07:37:08', '2020-11-10 07:37:08'),
(64, 27, 84, 1, '450.00', '450.00', '2020-11-10 07:37:09', '2020-11-10 07:37:09'),
(65, 27, 85, 2, '450.00', '900.00', '2020-11-10 07:37:09', '2020-11-10 07:37:09'),
(66, 27, 79, 3, '295.00', '885.00', '2020-11-10 07:37:09', '2020-11-10 07:37:09'),
(67, 27, 80, 3, '100.00', '300.00', '2020-11-10 07:37:09', '2020-11-10 07:37:09'),
(68, 27, 82, 2, '250.00', '500.00', '2020-11-10 07:37:09', '2020-11-10 07:37:09'),
(69, 27, 66, 2, '285.00', '570.00', '2020-11-10 07:37:09', '2020-11-10 07:37:09'),
(70, 27, 86, 3, '40.00', '120.00', '2020-11-10 07:37:09', '2020-11-10 07:37:09'),
(71, 27, 26, 3, '50.00', '150.00', '2020-11-10 07:37:09', '2020-11-10 07:37:09'),
(72, 27, 78, 2, '60.00', '120.00', '2020-11-10 07:37:09', '2020-11-10 07:37:09'),
(73, 27, 81, 3, '85.00', '255.00', '2020-11-10 07:37:09', '2020-11-10 07:37:09'),
(74, 27, 83, 3, '40.00', '120.00', '2020-11-10 07:37:09', '2020-11-10 07:37:09'),
(75, 27, 73, 2, '30.00', '60.00', '2020-11-10 07:37:09', '2020-11-10 07:37:09'),
(76, 27, 6, 1, '15.00', '15.00', '2020-11-10 07:37:09', '2020-11-10 07:37:09'),
(77, 27, 7, 3, '10.00', '30.00', '2020-11-10 07:37:09', '2020-11-10 07:37:09'),
(78, 27, 5, 2, '20.00', '40.00', '2020-11-10 07:37:09', '2020-11-10 07:37:09'),
(79, 27, 77, 2, '50.00', '100.00', '2020-11-10 07:37:09', '2020-11-10 07:37:09'),
(80, 28, 12, 1, '24.00', '24.00', '2020-11-11 17:49:06', '2020-11-11 17:49:06'),
(81, 29, 4, 6, '15.00', '90.00', '2020-11-13 15:41:57', '2020-11-13 15:41:57'),
(82, 29, 63, 1, '25.00', '25.00', '2020-11-13 15:41:57', '2020-11-13 15:41:57'),
(83, 29, 64, 1, '25.00', '25.00', '2020-11-13 15:41:57', '2020-11-13 15:41:57'),
(84, 29, 65, 1, '25.00', '25.00', '2020-11-13 15:41:57', '2020-11-13 15:41:57'),
(85, 29, 60, 3, '20.00', '60.00', '2020-11-13 15:41:57', '2020-11-13 15:41:57'),
(86, 29, 59, 3, '20.00', '60.00', '2020-11-13 15:41:57', '2020-11-13 15:41:57'),
(87, 29, 13, 2, '55.00', '110.00', '2020-11-13 15:41:57', '2020-11-13 15:41:57'),
(88, 30, 37, 10, '2.50', '25.00', '2020-11-17 18:18:17', '2020-11-17 18:18:17'),
(89, 31, 4, 8, '15.00', '120.00', '2020-12-04 15:58:40', '2020-12-04 15:58:40'),
(90, 31, 15, 4, '25.00', '100.00', '2020-12-04 15:58:40', '2020-12-04 15:58:40'),
(91, 31, 91, 1, '50.00', '50.00', '2020-12-04 15:58:40', '2020-12-04 15:58:40'),
(92, 31, 89, 1, '40.00', '40.00', '2020-12-04 15:58:40', '2020-12-04 15:58:40'),
(93, 31, 88, 1, '40.00', '40.00', '2020-12-04 15:58:40', '2020-12-04 15:58:40'),
(94, 31, 92, 1, '40.00', '40.00', '2020-12-04 15:58:40', '2020-12-04 15:58:40'),
(95, 31, 87, 1, '40.00', '40.00', '2020-12-04 15:58:40', '2020-12-04 15:58:40'),
(96, 31, 90, 2, '50.00', '100.00', '2020-12-04 15:58:40', '2020-12-04 15:58:40'),
(97, 32, 37, 10, '2.80', '28.00', '2020-12-07 12:42:51', '2020-12-07 12:42:51'),
(98, 33, 94, 12, '0.00', '0.00', '2020-12-11 15:31:52', '2020-12-11 15:31:52'),
(99, 33, 93, 9, '1.00', '9.00', '2020-12-11 15:31:52', '2020-12-11 15:31:52'),
(100, 34, 94, 12, '0.00', '0.00', '2020-12-12 12:44:37', '2020-12-12 12:44:37'),
(102, 35, 95, 6, '1.00', '6.00', '2020-12-14 15:18:05', '2020-12-14 15:18:05'),
(103, 36, 96, 6, '20.00', '120.00', '2020-12-15 17:14:14', '2020-12-15 17:14:14'),
(105, 35, 93, 2, '1.50', '3.00', '2020-12-18 11:45:24', '2020-12-18 11:45:24'),
(107, 35, 94, 12, '0.00', '0.00', '2020-12-18 11:47:36', '2020-12-18 11:47:36'),
(108, 37, 94, 10, '0.00', '0.00', '2020-12-18 19:46:49', '2020-12-18 19:46:49'),
(109, 37, 93, 2, '1.50', '3.00', '2020-12-18 19:46:49', '2020-12-18 19:46:49'),
(110, 38, 94, 12, '0.00', '0.00', '2020-12-19 13:42:04', '2020-12-19 13:42:04'),
(111, 39, 37, 10, '2.50', '25.00', '2020-12-21 16:44:16', '2020-12-21 16:44:16'),
(112, 39, 13, 2, '55.00', '110.00', '2020-12-21 16:44:16', '2020-12-21 16:44:16'),
(113, 40, 4, 6, '15.00', '90.00', '2020-12-29 19:08:44', '2020-12-29 19:08:44'),
(114, 40, 12, 2, '25.00', '50.00', '2020-12-29 19:08:44', '2020-12-29 19:08:44');

-- --------------------------------------------------------

--
-- Estructura de tabla para la tabla `consumos_internos`
--

DROP TABLE IF EXISTS `consumos_internos`;
CREATE TABLE IF NOT EXISTS `consumos_internos` (
  `id` int(11) NOT NULL AUTO_INCREMENT,
  `empleado_id` int(11) DEFAULT NULL,
  `cantidad` int(11) DEFAULT 1,
  `producto_id` int(11) DEFAULT NULL,
  `fecha` date DEFAULT NULL,
  `created_at` datetime DEFAULT NULL,
  `updated_at` datetime DEFAULT NULL,
  PRIMARY KEY (`id`),
  KEY `fk_ci_empleados` (`empleado_id`),
  KEY `fk_ci_productos_pre` (`producto_id`)
) ENGINE=InnoDB AUTO_INCREMENT=178 DEFAULT CHARSET=utf8;

--
-- Volcado de datos para la tabla `consumos_internos`
--

INSERT INTO `consumos_internos` (`id`, `empleado_id`, `cantidad`, `producto_id`, `fecha`, `created_at`, `updated_at`) VALUES
(5, 1, 1, 22, '2020-08-04', '2020-08-04 15:42:27', '2020-08-04 15:42:27'),
(6, 2, 1, 39, '2020-08-04', '2020-08-04 15:43:20', '2020-08-04 15:43:20'),
(7, 1, 1, 37, '2020-08-05', '2020-08-05 12:28:59', '2020-08-05 12:28:59'),
(8, 2, 1, 37, '2020-08-06', '2020-08-06 18:12:48', '2020-08-06 18:12:48'),
(10, 1, 1, 37, '2020-08-08', '2020-08-08 16:23:30', '2020-08-08 16:23:30'),
(11, 3, 1, 2, '2020-08-08', '2020-08-08 16:23:52', '2020-08-08 16:23:52'),
(12, 2, 1, 37, '2020-08-10', '2020-08-10 12:36:46', '2020-08-10 12:36:46'),
(13, 2, 1, 15, '2020-08-10', '2020-08-10 16:39:32', '2020-08-10 16:39:32'),
(14, 2, 1, 13, '2020-08-11', '2020-08-11 12:41:52', '2020-08-11 12:41:52'),
(15, 1, 1, 37, '2020-08-12', '2020-08-12 17:36:14', '2020-08-12 17:36:14'),
(16, 2, 1, 37, '2020-08-14', '2020-08-14 15:51:57', '2020-08-14 15:51:57'),
(17, 1, 1, 37, '2020-08-17', '2020-08-17 10:59:07', '2020-08-17 10:59:07'),
(18, 2, 1, 37, '2020-08-19', '2020-08-19 11:01:28', '2020-08-19 11:01:28'),
(19, 2, 1, 52, '2020-08-19', '2020-08-19 11:05:23', '2020-08-19 11:05:23'),
(20, 1, 1, 51, '2020-08-19', '2020-08-19 11:05:34', '2020-08-19 11:05:34'),
(21, 2, 1, 56, '2020-08-19', '2020-08-19 11:06:06', '2020-08-19 11:06:06'),
(22, 1, 1, 37, '2020-08-20', '2020-08-20 15:35:05', '2020-08-20 15:35:05'),
(23, 1, 1, 14, '2020-08-20', '2020-08-20 18:46:12', '2020-08-20 18:46:12'),
(24, 2, 1, 37, '2020-08-22', '2020-08-22 11:59:09', '2020-08-22 11:59:09'),
(25, 1, 1, 12, '2020-08-24', '2020-08-29 10:16:58', '2020-08-29 10:16:58'),
(26, 2, 1, 37, '2020-08-26', '2020-08-29 10:19:04', '2020-08-29 10:19:04'),
(27, 1, 1, 37, '2020-08-24', '2020-08-29 10:19:39', '2020-08-29 10:36:07'),
(28, 1, 1, 37, '2020-08-27', '2020-08-29 10:37:00', '2020-08-29 10:37:00'),
(29, 1, 1, 58, '2020-08-29', '2020-08-29 15:16:37', '2020-08-29 15:16:37'),
(30, 2, 1, 12, '2020-08-29', '2020-08-29 15:33:55', '2020-08-29 15:33:55'),
(31, 1, 1, 37, '2020-08-31', '2020-08-31 12:01:28', '2020-08-31 12:01:28'),
(32, 2, 1, 37, '2020-08-31', '2020-08-31 18:32:47', '2020-08-31 18:32:47'),
(33, 2, 1, 58, '2020-09-01', '2020-09-01 17:15:55', '2020-09-01 17:15:55'),
(34, 2, 1, 37, '2020-09-02', '2020-09-02 20:01:13', '2020-09-02 20:01:13'),
(35, 1, 1, 37, '2020-09-04', '2020-09-04 12:16:29', '2020-09-04 12:16:29'),
(36, 1, 1, 58, '2020-09-05', '2020-09-05 16:58:12', '2020-09-05 16:58:12'),
(37, 3, 1, 60, '2020-09-05', '2020-09-08 10:50:28', '2020-09-08 10:50:28'),
(38, 1, 1, 37, '2020-09-08', '2020-09-08 16:53:25', '2020-09-08 16:53:25'),
(39, 2, 1, 37, '2020-09-09', '2020-09-09 12:45:52', '2020-09-09 12:45:52'),
(40, 2, 1, 37, '2020-09-11', '2020-09-11 18:04:55', '2020-09-11 18:04:55'),
(41, 1, 1, 37, '2020-09-11', '2020-09-11 18:18:21', '2020-09-11 18:18:21'),
(42, 2, 1, 37, '2020-09-15', '2020-09-15 15:08:53', '2020-09-15 15:08:53'),
(43, 1, 1, 37, '2020-09-15', '2020-09-15 15:09:07', '2020-09-15 15:09:07'),
(44, 1, 1, 15, '2020-09-16', '2020-09-16 10:33:02', '2020-09-16 10:33:02'),
(45, 1, 1, 56, '2020-09-16', '2020-09-16 10:33:20', '2020-09-16 10:33:20'),
(46, 1, 1, 39, '2020-09-16', '2020-09-16 10:33:40', '2020-09-16 10:33:40'),
(47, 2, 1, 55, '2020-09-09', '2020-09-16 16:26:52', '2020-09-16 16:26:52'),
(49, 1, 1, 37, '2020-09-18', '2020-09-18 15:53:55', '2020-09-18 15:53:55'),
(50, 2, 1, 58, '2020-09-18', '2020-09-18 15:54:55', '2020-09-18 15:54:55'),
(51, 2, 1, 13, '2020-09-19', '2020-09-19 12:30:57', '2020-09-19 12:30:57'),
(52, 2, 1, 37, '2020-09-19', '2020-09-19 12:34:31', '2020-09-19 12:34:31'),
(53, 1, 1, 58, '2020-09-21', '2020-09-21 12:34:31', '2020-09-21 12:34:31'),
(54, 1, 1, 37, '2020-09-22', '2020-09-22 12:57:57', '2020-09-22 12:57:57'),
(55, 2, 1, 37, '2020-09-23', '2020-09-23 12:31:53', '2020-09-23 12:31:53'),
(56, 2, 1, 37, '2020-09-26', '2020-09-26 11:37:38', '2020-09-26 11:37:38'),
(57, 2, 1, 15, '2020-09-28', '2020-09-28 16:16:24', '2020-09-28 16:16:24'),
(58, 1, 1, 37, '2020-09-28', '2020-09-28 17:27:44', '2020-09-28 17:27:44'),
(59, 2, 1, 37, '2020-09-30', '2020-09-30 19:11:45', '2020-09-30 19:11:45'),
(60, 1, 1, 37, '2020-10-01', '2020-10-01 18:05:51', '2020-10-01 18:05:51'),
(61, 2, 1, 37, '2020-09-09', '2020-10-01 18:53:11', '2020-10-03 11:30:28'),
(62, 2, 1, 37, '2020-10-03', '2020-10-03 11:28:20', '2020-10-03 11:28:20'),
(63, 1, 1, 37, '2020-10-05', '2020-10-05 11:23:33', '2020-10-05 11:23:33'),
(64, 2, 1, 58, '2020-10-05', '2020-10-05 12:16:52', '2020-10-05 12:16:52'),
(65, 1, 1, 58, '2020-10-05', '2020-10-05 19:26:45', '2020-10-05 19:26:45'),
(66, 2, 1, 37, '2020-10-07', '2020-10-07 16:39:19', '2020-10-07 16:39:19'),
(67, 1, 1, 37, '2020-10-08', '2020-10-08 12:03:41', '2020-10-08 12:03:41'),
(68, 2, 1, 37, '2020-10-10', '2020-10-10 16:23:51', '2020-10-10 16:23:51'),
(69, 1, 1, 37, '2020-10-10', '2020-10-10 18:57:29', '2020-10-10 18:57:29'),
(70, 4, 1, 37, '2020-10-12', '2020-10-12 11:55:31', '2020-10-12 11:55:31'),
(71, 4, 1, 58, '2020-10-12', '2020-10-12 12:15:39', '2020-10-12 12:15:39'),
(72, 4, 1, 17, '2020-10-12', '2020-10-12 12:16:06', '2020-10-12 12:16:06'),
(73, 4, 1, 22, '2020-10-12', '2020-10-12 12:16:21', '2020-10-12 12:16:21'),
(74, 4, 1, 39, '2020-10-12', '2020-10-12 12:17:57', '2020-10-12 12:17:57'),
(76, 4, 1, 69, '2020-10-12', '2020-10-12 12:24:33', '2020-10-12 12:24:33'),
(77, 2, 1, 69, '2020-09-26', '2020-10-12 12:26:13', '2020-10-12 12:26:13'),
(78, 1, 1, 69, '2020-09-26', '2020-10-12 12:27:17', '2020-10-12 12:27:17'),
(79, 4, 1, 10, '2020-10-12', '2020-10-12 15:26:06', '2020-10-12 15:26:06'),
(81, 2, 1, 12, '2020-11-02', '2020-10-12 15:47:54', '2020-11-02 17:15:42'),
(82, 4, 1, 56, '2020-10-12', '2020-10-12 15:48:16', '2020-10-12 15:48:16'),
(83, 3, 1, 62, '2020-10-12', '2020-10-12 16:03:22', '2020-10-12 16:03:22'),
(84, 2, 1, 37, '2020-10-13', '2020-10-13 17:12:05', '2020-10-13 17:12:05'),
(85, 3, 1, 72, '2020-10-15', '2020-10-16 19:45:48', '2020-10-16 19:45:48'),
(86, 2, 1, 13, '2020-10-17', '2020-10-17 12:27:36', '2020-10-17 12:27:36'),
(87, 2, 1, 37, '2020-10-17', '2020-10-17 13:00:52', '2020-10-17 13:00:52'),
(88, 1, 1, 37, '2020-10-19', '2020-10-19 16:35:33', '2020-10-19 16:35:33'),
(89, 1, 1, 39, '2020-05-08', '2020-10-19 17:26:25', '2020-10-19 17:26:25'),
(90, 1, 1, 22, '2020-10-21', '2020-10-21 10:50:39', '2020-10-21 10:50:39'),
(91, 2, 1, 37, '2020-10-21', '2020-10-21 16:51:30', '2020-10-21 16:51:30'),
(92, 2, 1, 58, '2020-10-21', '2020-10-21 17:51:57', '2020-10-21 17:51:57'),
(93, 1, 1, 17, '2020-10-22', '2020-10-22 18:08:34', '2020-10-22 18:08:34'),
(94, 1, 1, 37, '2020-10-23', '2020-10-23 12:18:54', '2020-10-23 12:18:54'),
(95, 1, 1, 37, '2020-10-26', '2020-10-27 15:12:01', '2020-10-27 15:12:01'),
(96, 2, 1, 37, '2020-10-27', '2020-10-27 16:43:40', '2020-10-27 16:43:40'),
(98, 2, 1, 74, '2020-10-29', '2020-10-29 17:28:45', '2020-10-29 17:28:45'),
(100, 2, 1, 75, '2020-10-28', '2020-10-29 17:33:07', '2020-10-29 17:33:07'),
(101, 1, 1, 75, '2020-10-28', '2020-10-29 17:33:23', '2020-10-29 17:33:23'),
(102, 2, 1, 37, '2020-10-29', '2020-10-29 18:08:46', '2020-10-29 18:08:46'),
(103, 1, 1, 37, '2020-10-29', '2020-10-29 18:09:09', '2020-10-29 18:09:09'),
(104, 2, 1, 37, '2020-11-02', '2020-11-02 16:57:15', '2020-11-02 16:57:15'),
(105, 1, 1, 37, '2020-11-02', '2020-11-02 16:57:27', '2020-11-02 16:57:27'),
(106, 2, 1, 37, '2020-11-04', '2020-11-04 13:04:42', '2020-11-04 13:04:42'),
(107, 1, 1, 15, '2020-11-04', '2020-11-04 13:05:16', '2020-11-04 13:05:16'),
(108, 1, 1, 37, '2020-11-05', '2020-11-05 10:54:14', '2020-11-05 10:54:14'),
(109, 2, 1, 58, '2020-11-06', '2020-11-06 15:35:29', '2020-11-06 15:35:29'),
(110, 1, 1, 58, '2020-11-06', '2020-11-06 15:41:49', '2020-11-06 15:41:49'),
(111, 1, 1, 58, '2020-10-21', '2020-11-06 15:44:55', '2020-11-06 15:44:55'),
(112, 2, 1, 37, '2020-11-07', '2020-11-07 12:55:09', '2020-11-07 12:55:09'),
(114, 4, 1, 15, '2020-11-09', '2020-11-09 17:44:06', '2020-11-09 17:44:06'),
(115, 4, 1, 37, '2020-11-09', '2020-11-09 17:45:07', '2020-11-09 17:45:07'),
(116, 1, 1, 37, '2020-11-09', '2020-11-09 17:45:27', '2020-11-09 17:45:27'),
(118, 4, 1, 12, '2020-11-09', '2020-11-09 18:00:57', '2020-11-09 18:00:57'),
(119, 4, 1, 13, '2020-11-09', '2020-11-09 18:02:07', '2020-11-09 18:02:07'),
(120, 1, 1, 68, '2020-11-09', '2020-11-09 18:02:30', '2020-11-09 18:02:30'),
(122, 2, 1, 37, '2020-11-11', '2020-11-11 16:33:43', '2020-11-11 16:33:43'),
(123, 1, 1, 12, '2020-11-11', '2020-11-11 18:40:04', '2020-11-11 18:40:04'),
(124, 1, 1, 22, '2020-11-12', '2020-11-12 18:29:33', '2020-11-12 18:29:33'),
(125, 2, 1, 13, '2020-11-13', '2020-11-13 16:10:07', '2020-11-13 16:10:07'),
(127, 2, 1, 37, '2020-11-14', '2020-11-14 16:46:04', '2020-11-14 16:46:04'),
(128, 4, 1, 37, '2020-11-13', '2020-11-14 16:46:28', '2020-11-14 16:46:28'),
(129, 1, 1, 37, '2020-11-11', '2020-11-14 16:50:18', '2020-11-14 16:50:18'),
(130, 1, 1, 37, '2020-11-14', '2020-11-18 15:25:07', '2020-11-18 15:25:07'),
(131, 2, 1, 22, '2020-11-19', '2020-11-19 12:13:04', '2020-11-19 12:13:04'),
(132, 2, 1, 37, '2020-11-19', '2020-11-19 18:28:01', '2020-11-19 18:28:01'),
(133, 1, 1, 37, '2020-11-21', '2020-11-21 16:48:37', '2020-11-21 16:48:37'),
(134, 4, 1, 37, '2020-11-23', '2020-11-23 19:50:20', '2020-11-23 19:50:20'),
(135, 2, 1, 37, '2020-11-24', '2020-11-24 13:10:12', '2020-11-24 13:10:12'),
(136, 1, 1, 58, '2020-11-24', '2020-11-24 13:10:37', '2020-11-24 13:10:37'),
(137, 1, 1, 55, '2020-11-25', '2020-11-25 11:53:53', '2020-11-25 11:53:53'),
(138, 1, 1, 37, '2020-11-25', '2020-11-25 17:33:12', '2020-11-25 17:33:12'),
(139, 4, 1, 37, '2020-11-26', '2020-11-26 18:46:11', '2020-11-26 18:46:11'),
(140, 2, 1, 58, '2020-11-26', '2020-11-26 18:47:09', '2020-11-26 18:47:09'),
(141, 1, 1, 37, '2020-11-28', '2020-11-28 17:06:42', '2020-11-28 17:06:42'),
(142, 2, 1, 37, '2020-11-27', '2020-11-28 17:07:01', '2020-11-28 17:07:01'),
(143, 4, 1, 37, '2020-12-01', '2020-12-01 17:45:25', '2020-12-01 17:45:25'),
(144, 1, 1, 37, '2020-12-03', '2020-12-03 16:29:33', '2020-12-03 16:29:33'),
(145, 4, 1, 37, '2020-12-05', '2020-12-05 11:36:12', '2020-12-05 11:36:12'),
(146, 4, 1, 58, '2020-12-07', '2020-12-07 12:07:45', '2020-12-07 12:07:45'),
(147, 4, 1, 13, '2020-12-07', '2020-12-07 12:10:12', '2020-12-07 12:10:12'),
(148, 5, 1, 37, '2020-12-05', '2020-12-07 12:47:45', '2020-12-07 12:47:45'),
(149, 1, 1, 37, '2020-12-08', '2020-12-09 12:54:39', '2020-12-09 12:54:39'),
(150, 4, 1, 37, '2020-12-09', '2020-12-09 12:56:33', '2020-12-09 12:56:33'),
(151, 1, 1, 37, '2020-12-10', '2020-12-10 12:08:08', '2020-12-10 12:08:08'),
(152, 1, 1, 58, '2020-12-10', '2020-12-10 12:11:45', '2020-12-10 12:11:45'),
(153, 6, 1, 37, '2020-12-12', '2020-12-12 12:00:19', '2020-12-12 12:00:19'),
(154, 6, 1, 15, '2020-12-12', '2020-12-12 12:00:39', '2020-12-12 12:00:39'),
(155, 1, 1, 37, '2020-12-13', '2020-12-15 18:44:09', '2020-12-15 18:44:09'),
(156, 4, 1, 37, '2020-12-16', '2020-12-16 10:49:22', '2020-12-16 10:49:22'),
(157, 6, 1, 37, '2020-12-21', '2020-12-22 14:24:06', '2020-12-22 14:24:06'),
(158, 4, 1, 37, '2020-12-21', '2020-12-22 14:24:41', '2020-12-22 14:24:41'),
(159, 1, 1, 37, '2020-12-19', '2020-12-22 14:25:10', '2020-12-22 14:25:10'),
(160, 6, 1, 13, '2020-12-22', '2020-12-23 10:32:20', '2020-12-23 10:32:20'),
(161, 4, 1, 37, '2020-12-23', '2020-12-23 11:27:52', '2020-12-23 11:27:52'),
(162, 1, 1, 37, '2020-12-23', '2020-12-23 11:28:19', '2020-12-23 11:28:19'),
(163, 6, 1, 18, '2020-12-23', '2020-12-23 13:25:14', '2020-12-23 13:25:14'),
(164, 6, 1, 37, '2020-12-23', '2020-12-23 17:26:49', '2020-12-23 17:26:49'),
(165, 6, 1, 37, '2020-12-26', '2020-12-26 15:58:24', '2020-12-26 15:58:24'),
(166, 1, 1, 37, '2020-12-26', '2020-12-26 16:24:04', '2020-12-26 16:24:04'),
(167, 6, 1, 58, '2020-12-26', '2020-12-26 16:39:09', '2020-12-26 16:39:09'),
(168, 4, 1, 37, '2020-12-28', '2020-12-28 10:49:47', '2020-12-28 10:49:47'),
(169, 1, 1, 58, '2020-12-28', '2020-12-28 19:15:35', '2020-12-28 19:15:35'),
(170, 3, 1, 60, '2020-12-29', '2020-12-29 10:50:11', '2020-12-29 10:50:11'),
(171, 4, 1, 58, '2020-12-29', '2020-12-29 16:56:58', '2020-12-29 16:56:58'),
(172, 6, 1, 12, '2020-12-29', '2020-12-30 10:35:16', '2020-12-30 10:35:16'),
(173, 4, 1, 37, '2020-12-30', '2020-12-30 16:13:51', '2020-12-30 16:13:51'),
(174, 6, 1, 37, '2020-12-30', '2020-12-30 16:14:08', '2020-12-30 16:14:08'),
(175, 1, 1, 37, '2020-12-30', '2020-12-30 16:14:23', '2020-12-30 16:14:23'),
(176, 1, 1, 37, '2021-01-02', '2021-01-02 11:41:40', '2021-01-02 11:41:40'),
(177, 1, 1, 15, '2021-01-02', '2021-01-02 11:46:11', '2021-01-02 11:46:11');

-- --------------------------------------------------------

--
-- Estructura de tabla para la tabla `empleados`
--

DROP TABLE IF EXISTS `empleados`;
CREATE TABLE IF NOT EXISTS `empleados` (
  `id` int(11) NOT NULL AUTO_INCREMENT,
  `codigo` varchar(20) DEFAULT NULL,
  `ape_paterno` varchar(50) DEFAULT NULL,
  `ape_materno` varchar(50) DEFAULT NULL,
  `nombres` varchar(50) DEFAULT NULL,
  `num_doc` varchar(15) DEFAULT NULL,
  `tipo_doc` varchar(30) DEFAULT NULL,
  `telefono` varchar(20) DEFAULT NULL,
  `sexo` varchar(10) DEFAULT NULL,
  `fecha_nac` date DEFAULT NULL,
  `direccion` varchar(50) DEFAULT NULL,
  `correo` varchar(50) DEFAULT NULL,
  `fecha_ingreso_laboral` date DEFAULT NULL,
  `cargo` int(11) DEFAULT NULL,
  `foto` varchar(255) DEFAULT NULL,
  `activo` tinyint(1) DEFAULT NULL,
  `created_at` datetime DEFAULT NULL,
  `updated_at` datetime DEFAULT NULL,
  PRIMARY KEY (`id`),
  KEY `fk_empleados_cargos` (`cargo`)
) ENGINE=InnoDB AUTO_INCREMENT=7 DEFAULT CHARSET=utf8;

--
-- Volcado de datos para la tabla `empleados`
--

INSERT INTO `empleados` (`id`, `codigo`, `ape_paterno`, `ape_materno`, `nombres`, `num_doc`, `tipo_doc`, `telefono`, `sexo`, `fecha_nac`, `direccion`, `correo`, `fecha_ingreso_laboral`, `cargo`, `foto`, `activo`, `created_at`, `updated_at`) VALUES
(1, '', 'RODRIGUEZ', 'A', 'RONNY', '12345678', 'DNI', '965111222', 'MASCULINO', '2020-07-19', 'Calle Miraflores', 'benny@gmail.com', '2020-06-30', 1, '', 1, '2020-06-30 14:18:37', '2020-07-15 11:17:36'),
(2, NULL, 'CULQUI', 'PAREDES', 'DINO', '21212125', 'DNI', '5555555', 'MASCULINO', '2020-07-19', 'CALLE CALVO DE ARAUJO', 'DINO@GMAIL.COM', '2020-07-15', 1, NULL, 1, '2020-07-15 11:18:59', '2020-08-03 14:10:56'),
(3, NULL, 'SANCHEZ', 'RAMIREZ', 'REBECA', '127719797', 'CE', '979955340', 'FEMENINO', '1991-10-27', 'ECHENIQUE 281', 'haresara17@gmail.com', '2020-07-29', 2, NULL, 1, '2020-07-15 11:19:44', '2020-08-01 19:52:23'),
(4, NULL, 'RUIZ', 'JIPA', 'HANYU', '75912761', 'DNI', '995686436', 'MASCULINO', '2020-11-09', 'Calle Arequipa 1027', 'hanyu@gmail.com', '2020-11-09', 1, NULL, 1, '2020-10-01 16:40:18', '2020-11-09 10:54:00'),
(5, NULL, 'RUIZ', 'JIPA', 'KENNEDY', '75912762', 'DNI', '993277619', 'MASCULINO', '1999-09-25', 'Av. Aberlardo Quiñones km 2.5', 'KENNEDY@GMAIL.COM', '2020-12-05', 1, NULL, 1, '2020-12-05 12:51:17', '2020-12-05 12:51:17'),
(6, NULL, 'ARMAS', 'SHUÑA', 'JEEM ALDAIR', '75595580', 'DNI', '9999999', 'MASCULINO', '1996-05-16', 'Av. Mariscal Cáceres #820', 'JEEM@GMAIL.COM', '2020-12-09', 1, NULL, 1, '2020-12-09 12:55:55', '2020-12-09 12:55:55');

-- --------------------------------------------------------

--
-- Estructura de tabla para la tabla `gastos`
--

DROP TABLE IF EXISTS `gastos`;
CREATE TABLE IF NOT EXISTS `gastos` (
  `id` int(11) NOT NULL AUTO_INCREMENT,
  `fecha` date DEFAULT NULL,
  `nro_comprobante` varchar(15) DEFAULT NULL,
  `tipo_comprobante` varchar(30) DEFAULT NULL,
  `tipo_gasto` int(11) DEFAULT NULL,
  `descripcion` varchar(30) DEFAULT NULL,
  `total` decimal(10,2) DEFAULT NULL,
  `created_by` int(11) DEFAULT NULL,
  `created_at` datetime DEFAULT NULL,
  `updated_at` datetime DEFAULT NULL,
  PRIMARY KEY (`id`),
  KEY `fk_gastos_gastos_tipos` (`tipo_gasto`),
  KEY `fk_gastos_usuarios` (`created_by`)
) ENGINE=InnoDB AUTO_INCREMENT=71 DEFAULT CHARSET=utf8;

--
-- Volcado de datos para la tabla `gastos`
--

INSERT INTO `gastos` (`id`, `fecha`, `nro_comprobante`, `tipo_comprobante`, `tipo_gasto`, `descripcion`, `total`, `created_by`, `created_at`, `updated_at`) VALUES
(1, '2020-07-22', '001', 'BOLETA DE VENTA', 1, 'compra de agua', '5.00', 1, '2020-07-22 07:23:13', '2020-07-22 07:23:13'),
(2, '2020-08-01', '0001', 'BOLETA DE VENTA', 1, NULL, '3.00', 1, '2020-08-01 06:37:40', '2020-08-01 06:37:40'),
(3, '2020-08-04', 'B001-00264137', 'BOLETA DE VENTA', 6, 'DETERGENTE EN POLVO', '1.00', 2, '2020-08-04 16:00:03', '2020-08-04 16:00:03'),
(4, '2020-08-04', 'F010-0006968', 'FACTURA', 6, 'SHAMPU ANTI CAIDA', '17.50', 2, '2020-08-04 16:01:14', '2020-08-04 16:01:14'),
(5, '2020-08-04', 'B002 0000176', 'BOLETA DE VENTA', 6, 'PAPEL HIGIENICO', '1.60', 2, '2020-08-04 16:02:40', '2020-08-04 16:02:40'),
(6, '2020-08-06', '00000466', 'FACTURA', 12, 'COMPRA DE GILETTE DORCO PRIME', '25.00', 2, '2020-08-06 12:01:00', '2020-08-06 12:01:00'),
(7, '2020-08-11', '0000022', 'BOLETA DE VENTA', 6, 'PAPEL HIGIENICO', '1.60', 2, '2020-08-11 11:47:11', '2020-08-11 11:47:26'),
(8, '2020-08-12', '001', 'BOLETA DE VENTA', 1, NULL, '4.00', 2, '2020-08-12 19:21:03', '2020-08-12 19:21:03'),
(9, '2020-08-18', '00269013', 'BOLETA DE VENTA', 6, 'SAPOLIO', '3.50', 2, '2020-08-18 16:32:08', '2020-08-18 16:32:08'),
(10, '2020-08-18', '00030090', 'BOLETA DE VENTA', 6, 'CLOROX', '2.00', 2, '2020-08-18 16:32:52', '2020-08-18 16:32:52'),
(11, '2020-08-19', '002317', 'BOLETA DE VENTA', 6, 'CARAMELOS PARA CLIENTES', '10.00', 2, '2020-08-19 12:14:21', '2020-08-19 12:14:21'),
(12, '2020-08-25', '20-1', 'RECIBO DE EGRESOS', 10, 'PAGO SERVICIO DE AGUA MES DE A', '50.00', 2, '2020-08-25 16:45:34', '2020-08-25 16:45:34'),
(13, '2020-08-28', '20-2', 'RECIBO DE EGRESOS', 6, 'COMPRA PAPEL HIGIENICO', '1.60', 2, '2020-08-28 17:04:28', '2020-08-28 17:04:28'),
(14, '2020-08-28', '00000501', 'BOLETA DE VENTA', 12, 'ADAPTADOR PARA RAUTER 5V/2A', '20.00', 2, '2020-08-28 17:52:36', '2020-08-28 17:52:36'),
(15, '2020-08-28', '00000504', 'BOLETA DE VENTA', 12, 'ADAPTADOR PARA RAUTER 5V/2A', '20.00', 2, '2020-08-28 17:53:39', '2020-08-28 17:53:39'),
(16, '2020-08-29', '00000633', 'FACTURA', 12, 'GEL BLACK ROLDA 500G', '24.00', 2, '2020-08-29 15:13:57', '2020-08-29 15:13:57'),
(17, '2020-08-29', '00094220', 'BOLETA DE VENTA', 12, 'PERFORADOR, ARCHIVADOR', '10.90', 2, '2020-08-29 18:26:34', '2020-08-29 18:26:34'),
(18, '2020-08-31', '002323', 'BOLETA DE VENTA', 6, 'BOLSA DE CARAMELOS', '10.00', 2, '2020-08-31 11:57:22', '2020-08-31 11:57:22'),
(19, '2020-09-01', '0007055', 'FACTURA', 12, 'SHAMPU Y AYUDIN', '26.00', 2, '2020-09-01 16:18:01', '2020-09-01 16:18:01'),
(20, '2020-09-07', '0000084', 'BOLETA DE VENTA', 6, 'PAPEL HIGIENICO', '1.60', 2, '2020-09-07 12:57:00', '2020-09-07 12:57:00'),
(21, '2020-09-08', '000834', 'BOLETA DE VENTA', 1, NULL, '4.00', 2, '2020-09-08 19:15:39', '2020-09-08 19:15:39'),
(22, '2020-09-12', '002340', 'BOLETA DE VENTA', 6, 'CARAMELOS', '10.00', 2, '2020-09-12 11:42:37', '2020-09-12 11:42:37'),
(23, '2020-09-15', '00093485', 'BOLETA DE VENTA', 7, 'COMPRA ADAPTADOR 3 A 2', '2.50', 2, '2020-09-15 11:27:35', '2020-09-15 11:27:35'),
(24, '2020-09-16', 'B020-81489', 'BOLETA DE VENTA', 10, '100 VASOS', '3.00', 2, '2020-09-16 17:56:24', '2020-09-16 17:56:24'),
(25, '2020-09-19', 'B001-0001069', 'BOLETA DE VENTA', 6, 'PAPEL HIGIENICO', '1.60', 2, '2020-09-19 10:52:13', '2020-09-19 10:52:13'),
(26, '2020-09-22', 'B020-0848347', 'BOLETA DE VENTA', 6, 'SHAMPU Y DESINFECTANTE', '23.00', 2, '2020-09-22 17:14:26', '2020-09-22 17:14:26'),
(27, '2020-09-24', 'BK01-00002850', 'BOLETA DE VENTA', 1, NULL, '4.00', 2, '2020-09-24 16:44:54', '2020-09-24 16:44:54'),
(28, '2020-09-28', '002351', 'BOLETA DE VENTA', 6, 'CARAMELOS', '10.00', 2, '2020-09-28 12:33:01', '2020-09-28 12:33:01'),
(29, '2020-10-01', 'B0010001096', 'BOLETA DE VENTA', 6, 'PAPEL HIGIENICO', '1.60', 2, '2020-10-01 17:56:32', '2020-10-01 17:56:32'),
(30, '2020-10-09', '056545', 'BOLETA DE VENTA', 12, '3 OXIGENANTES DE 30\n3 OXIGENAN', '15.00', 2, '2020-10-09 12:02:13', '2020-10-09 12:02:13'),
(31, '2020-10-09', 'BK01-00004633', 'BOLETA DE VENTA', 1, NULL, '4.00', 2, '2020-10-09 15:01:53', '2020-10-09 15:01:53'),
(32, '2020-10-10', '002369', 'BOLETA DE VENTA', 1, 'CARAMELOS', '10.00', 2, '2020-10-10 12:37:13', '2020-10-10 12:37:13'),
(33, '2020-10-10', 'B020-0857306', 'BOLETA DE VENTA', 12, 'SHAMPU', '17.50', 2, '2020-10-10 12:37:47', '2020-10-10 12:37:47'),
(34, '2020-10-13', '02', 'RECIBO DE EGRESOS', 10, 'PAGO AGUA MES DE OCTUBRE', '50.00', 2, '2020-10-13 17:33:55', '2020-10-13 17:33:55'),
(35, '2020-10-14', 'BE02-00035214', 'BOLETA DE VENTA', 7, 'BOMBILLO LED', '10.00', 2, '2020-10-14 17:40:36', '2020-10-14 17:40:36'),
(36, '2020-10-16', 'B001-0001123', 'BOLETA DE VENTA', 6, 'PAPEL HIGIENICO', '1.60', 2, '2020-10-16 18:46:44', '2020-10-16 18:46:44'),
(37, '2020-10-20', 'b111-00011758', 'BOLETA DE VENTA', 1, 'CARAMELOS DE CAFE', '7.00', 2, '2020-10-20 11:33:31', '2020-10-20 11:33:31'),
(38, '2020-10-23', 'B020-0713831', 'BOLETA DE VENTA', 6, 'PAPEL TOALLA, DESINFECTANTE, J', '15.00', 2, '2020-10-23 12:40:12', '2020-10-23 12:40:12'),
(39, '2020-10-23', 'B020-0864221', 'BOLETA DE VENTA', 12, 'SHAMPU VITANE', '17.50', 2, '2020-10-23 17:49:22', '2020-10-23 17:49:22'),
(40, '2020-10-27', 'BK01-00007082', 'BOLETA DE VENTA', 1, NULL, '4.00', 2, '2020-10-27 16:52:50', '2020-10-27 16:52:50'),
(41, '2020-10-28', '20-3', 'RECIBO DE EGRESOS', 7, 'COMPRA PILAS AAA PARA CONTROL ', '3.00', 2, '2020-10-28 15:42:57', '2020-10-28 15:42:57'),
(42, '2020-10-30', 'B01-00101827', 'BOLETA DE VENTA', 12, 'CUADERNO DE ESPIRAL', '9.50', 2, '2020-10-30 16:51:54', '2020-10-30 16:51:54'),
(43, '2020-10-30', 'B111-00014989', 'BOLETA DE VENTA', 1, 'CARAMELOS', '6.50', 2, '2020-10-30 17:14:50', '2020-10-30 17:14:50'),
(44, '2020-11-05', 'BK01-00008235', 'BOLETA DE VENTA', 1, NULL, '4.00', 2, '2020-11-05 11:57:21', '2020-11-05 11:57:21'),
(45, '2020-11-06', 'B107-00018187', 'BOLETA DE VENTA', 12, 'COMPRA SHAMPU', '14.10', 2, '2020-11-06 18:15:18', '2020-11-06 18:15:18'),
(46, '2020-11-10', '057222', 'BOLETA DE VENTA', 12, 'POLVO DECOLORANTE', '12.00', 2, '2020-11-10 18:08:01', '2020-11-10 18:08:01'),
(47, '2020-11-10', '057233', 'BOLETA DE VENTA', 12, 'TINTE', '10.00', 2, '2020-11-10 19:49:23', '2020-11-10 19:49:23'),
(48, '2020-11-12', 'BK01-00009039', 'BOLETA DE VENTA', 1, NULL, '4.00', 2, '2020-11-12 15:00:10', '2020-11-12 15:00:10'),
(49, '2020-11-13', 'B001-0040220', 'BOLETA DE VENTA', 6, 'PLUMON INDELEBLE', '3.00', 2, '2020-11-13 10:38:04', '2020-11-13 10:38:04'),
(50, '2020-11-13', '0003', 'RECIBO DE EGRESOS', 10, 'PAGO DE AGUA MES DE NOVIEMBRE ', '50.00', 2, '2020-11-13 19:12:27', '2020-11-13 19:12:27'),
(51, '2020-11-14', '20-4', 'RECIBO DE EGRESOS', 6, 'LIMPIA VIDRIOS', '2.50', 2, '2020-11-14 10:50:49', '2020-11-14 10:50:49'),
(52, '2020-11-20', 'BK01-00010014', 'BOLETA DE VENTA', 1, NULL, '4.00', 2, '2020-11-20 17:15:23', '2020-11-20 17:15:23'),
(53, '2020-11-20', 'B001-00104249', 'BOLETA DE VENTA', 6, 'COMPRA DE 50 VASOS', '2.50', 2, '2020-11-20 17:48:40', '2020-11-20 17:48:40'),
(54, '2020-11-21', 'b001-00001207', 'BOLETA DE VENTA', 6, 'PAPEL HIGIENICO', '1.80', 2, '2020-11-21 15:02:35', '2020-11-21 15:02:35'),
(55, '2020-11-25', '20-5', 'RECIBO DE EGRESOS', 8, 'PILAS AAA PARA CONTROLES DE AI', '4.00', 2, '2020-11-25 11:45:34', '2020-11-25 11:45:34'),
(56, '2020-11-25', '20-6', 'RECIBO DE EGRESOS', 12, 'COMPRA SHAMPU VITANE', '15.00', 2, '2020-11-25 16:07:55', '2020-11-25 16:07:55'),
(57, '2020-11-27', 'E001-266', 'FACTURA', 8, 'LIMPIEZA Y MANTENIMIENTO AIRE ', '120.00', 2, '2020-11-27 18:44:06', '2020-11-27 18:44:06'),
(58, '2020-12-02', '04', 'RECIBO DE EGRESOS', 10, 'PAGO SERVICIO DE AGUA MES DE D', '50.00', 2, '2020-12-02 11:22:30', '2020-12-02 11:22:30'),
(59, '2020-12-04', 'BK01-00011549', 'BOLETA DE VENTA', 1, NULL, '0.00', 2, '2020-12-04 11:05:48', '2020-12-04 11:05:48'),
(60, '2020-12-05', 'B107-00018189', 'BOLETA DE VENTA', 12, 'SHAMPU VITANE', '0.00', 2, '2020-12-05 16:00:30', '2020-12-05 16:00:30'),
(61, '2020-12-07', '000811', 'TICKET', 12, 'PAPEL TOALLA  Y PILAS AA', '5.00', 2, '2020-12-07 11:33:12', '2020-12-07 11:33:12'),
(62, '2020-12-11', 'B0001-00001253', 'BOLETA DE VENTA', 6, 'PH', '1.80', 2, '2020-12-11 11:42:21', '2020-12-11 11:42:21'),
(63, '2020-12-18', '20-7', 'RECIBO DE EGRESOS', 7, 'BATERIA 9V PARA EL TERMOMETRO', '13.00', 2, '2020-12-18 12:23:29', '2020-12-18 12:23:29'),
(64, '2020-12-18', 'B00107843', 'BOLETA DE VENTA', 12, 'TIJERA', '1.50', 2, '2020-12-18 16:53:03', '2020-12-18 16:53:03'),
(65, '2020-12-19', '000962', 'BOLETA DE VENTA', 1, 'AGUA DE MESA', '4.00', 2, '2020-12-19 12:26:06', '2020-12-19 12:26:06'),
(66, '2020-12-19', 'B01-00108014', 'BOLETA DE VENTA', 12, 'VASOS', '2.50', 2, '2020-12-19 18:42:11', '2020-12-19 18:42:11'),
(67, '2020-12-22', '20-8', 'RECIBO DE EGRESOS', 12, 'SHAMPU VITANE', '15.00', 2, '2020-12-22 15:04:23', '2020-12-22 15:04:23'),
(68, '2020-12-24', '20-09', 'RECIBO DE EGRESOS', 6, 'PH', '1.80', 2, '2020-12-24 17:39:36', '2020-12-24 17:39:36'),
(69, '2020-12-28', 'B001-00108832', 'BOLETA DE VENTA', 12, 'PAPEL TOALLA  Y DETERGENTE', '4.00', 2, '2020-12-28 15:58:03', '2020-12-28 15:58:03'),
(70, '2020-12-30', '20-10', 'RECIBO DE EGRESOS', 12, 'SHAMPU VITANE', '15.00', 2, '2020-12-30 11:00:35', '2020-12-30 11:00:35');

-- --------------------------------------------------------

--
-- Estructura de tabla para la tabla `gastos_tipos`
--

DROP TABLE IF EXISTS `gastos_tipos`;
CREATE TABLE IF NOT EXISTS `gastos_tipos` (
  `id` int(11) NOT NULL AUTO_INCREMENT,
  `nombre` varchar(50) DEFAULT NULL,
  `created_at` datetime DEFAULT NULL,
  `updated_at` datetime DEFAULT NULL,
  PRIMARY KEY (`id`)
) ENGINE=InnoDB AUTO_INCREMENT=13 DEFAULT CHARSET=utf8;

--
-- Volcado de datos para la tabla `gastos_tipos`
--

INSERT INTO `gastos_tipos` (`id`, `nombre`, `created_at`, `updated_at`) VALUES
(1, 'Compra de Agua', '2020-06-30 14:19:35', '2020-07-22 07:49:25'),
(2, 'Pago barberos', '2020-07-15 11:30:06', '2020-07-22 07:50:38'),
(3, 'Pago Internet', '2020-07-22 07:49:45', '2020-07-22 07:49:45'),
(4, 'Pago Cable', '2020-07-22 07:49:56', '2020-07-22 07:49:56'),
(5, 'Pago asistente', '2020-07-22 07:50:18', '2020-07-22 07:52:02'),
(6, 'Compra insumos limpieza', '2020-07-22 07:51:11', '2020-07-22 07:51:11'),
(7, 'Compra arreglo desperfecto', '2020-07-22 07:51:36', '2020-07-22 07:51:36'),
(8, 'Mantenimiento de aire', '2020-07-22 07:51:48', '2020-07-22 07:51:48'),
(9, 'Pago Luz', '2020-07-22 07:52:20', '2020-07-22 07:52:20'),
(10, 'Pago de agua', '2020-07-22 07:52:32', '2020-07-22 07:52:32'),
(11, 'Pago Local', '2020-07-22 07:53:02', '2020-07-22 07:53:02'),
(12, 'INSUMOS PARA BARBEROS', '2020-08-06 11:59:55', '2020-08-06 11:59:55');

-- --------------------------------------------------------

--
-- Estructura de tabla para la tabla `global`
--

DROP TABLE IF EXISTS `global`;
CREATE TABLE IF NOT EXISTS `global` (
  `id` int(11) NOT NULL AUTO_INCREMENT,
  `pago_comision` int(11) DEFAULT NULL,
  `created_at` datetime DEFAULT NULL,
  `updated_at` datetime DEFAULT NULL,
  PRIMARY KEY (`id`)
) ENGINE=InnoDB AUTO_INCREMENT=2 DEFAULT CHARSET=utf8;

--
-- Volcado de datos para la tabla `global`
--

INSERT INTO `global` (`id`, `pago_comision`, `created_at`, `updated_at`) VALUES
(1, 50, '2020-07-22 19:29:31', '2020-07-22 21:13:04');

-- --------------------------------------------------------

--
-- Estructura de tabla para la tabla `herramientas`
--

DROP TABLE IF EXISTS `herramientas`;
CREATE TABLE IF NOT EXISTS `herramientas` (
  `id` int(11) NOT NULL AUTO_INCREMENT,
  `nombre` varchar(50) DEFAULT NULL,
  `tipo` varchar(50) DEFAULT NULL,
  `created_at` datetime DEFAULT NULL,
  `updated_at` datetime DEFAULT NULL,
  PRIMARY KEY (`id`)
) ENGINE=InnoDB AUTO_INCREMENT=8 DEFAULT CHARSET=utf8;

--
-- Volcado de datos para la tabla `herramientas`
--

INSERT INTO `herramientas` (`id`, `nombre`, `tipo`, `created_at`, `updated_at`) VALUES
(3, 'PROLINE', 'IMPLEMENTO', '2020-08-01 06:09:12', '2020-08-01 06:09:34'),
(4, 'NAVAJA', 'IMPLEMENTO', '2020-08-01 06:09:23', '2020-08-01 06:09:42'),
(5, 'JUEGO COMPLETO DE PEINETAS', 'IMPLEMENTO', '2020-08-01 06:11:28', '2020-08-01 06:11:28'),
(6, 'TIJERA ENTRESACADORA', 'IMPLEMENTO', '2020-08-01 06:12:02', '2020-08-01 06:12:02'),
(7, 'WHAL SENIOR', 'IMPLEMENTO', '2020-10-12 13:08:18', '2020-10-12 13:08:18');

-- --------------------------------------------------------

--
-- Estructura de tabla para la tabla `inventarios`
--

DROP TABLE IF EXISTS `inventarios`;
CREATE TABLE IF NOT EXISTS `inventarios` (
  `id` int(11) NOT NULL AUTO_INCREMENT,
  `fecha` date DEFAULT NULL,
  `hora` time DEFAULT NULL,
  `comentario` text DEFAULT NULL,
  `created_at` datetime DEFAULT NULL,
  `updated_at` datetime DEFAULT NULL,
  PRIMARY KEY (`id`)
) ENGINE=InnoDB AUTO_INCREMENT=13 DEFAULT CHARSET=utf8;

--
-- Volcado de datos para la tabla `inventarios`
--

INSERT INTO `inventarios` (`id`, `fecha`, `hora`, `comentario`, `created_at`, `updated_at`) VALUES
(1, '2020-08-03', '17:14:00', 'Inventario Inicial', '2020-08-04 17:19:51', '2020-08-04 17:19:51'),
(2, '2020-08-29', '12:40:45', 'Inventario Fin de Agosto', '2020-08-29 12:46:04', '2020-08-29 12:46:04'),
(3, '2020-09-17', '11:52:37', 'Inventario Corrección', '2020-09-17 12:16:05', '2020-09-17 12:16:05'),
(6, '2020-10-05', '22:25:07', 'Inventario 5 de Octubre', '2020-10-06 10:36:50', '2020-10-06 10:36:50'),
(7, '2020-11-09', '11:11:34', 'Inventario 09/11/2020', '2020-11-09 12:19:39', '2020-11-09 12:29:57'),
(11, '2021-01-03', '11:00:51', 'para asignaciones', '2021-01-03 11:01:26', '2021-01-03 11:01:26'),
(12, '2021-01-03', '11:39:15', 'dhsfajskldg', '2021-01-03 11:39:30', '2021-01-03 11:39:30');

-- --------------------------------------------------------

--
-- Estructura de tabla para la tabla `inventarios_detalles`
--

DROP TABLE IF EXISTS `inventarios_detalles`;
CREATE TABLE IF NOT EXISTS `inventarios_detalles` (
  `id` int(11) NOT NULL AUTO_INCREMENT,
  `inventario` int(11) DEFAULT NULL,
  `producto` int(11) DEFAULT NULL,
  `stock` int(11) DEFAULT NULL,
  `stock_prev` int(11) DEFAULT 0,
  `stock_difer` int(11) DEFAULT 0,
  `created_at` datetime DEFAULT NULL,
  `updated_at` datetime DEFAULT NULL,
  PRIMARY KEY (`id`),
  KEY `fk_id_inventario` (`inventario`),
  KEY `fk_inventarios_detalles_producto_pre` (`producto`)
) ENGINE=InnoDB AUTO_INCREMENT=395 DEFAULT CHARSET=utf8;

--
-- Volcado de datos para la tabla `inventarios_detalles`
--

INSERT INTO `inventarios_detalles` (`id`, `inventario`, `producto`, `stock`, `stock_prev`, `stock_difer`, `created_at`, `updated_at`) VALUES
(1, 1, 27, 6, 0, 0, '2020-08-04 17:19:51', '2020-08-04 17:19:51'),
(2, 1, 2, 12, 0, 0, '2020-08-04 17:19:51', '2020-08-04 17:19:51'),
(3, 1, 10, 10, 0, 0, '2020-08-04 17:19:51', '2020-08-04 17:19:51'),
(4, 1, 11, 8, 0, 0, '2020-08-04 17:19:51', '2020-08-04 17:19:51'),
(5, 1, 24, 3, 0, 0, '2020-08-04 17:19:51', '2020-08-04 17:19:51'),
(6, 1, 45, 2, 0, 0, '2020-08-04 17:19:51', '2020-08-04 17:19:51'),
(7, 1, 14, 1, 0, 0, '2020-08-04 17:19:51', '2020-08-04 17:19:51'),
(8, 1, 15, 3, 0, 0, '2020-08-04 17:19:51', '2020-08-04 17:19:51'),
(9, 1, 16, 2, 0, 0, '2020-08-04 17:19:51', '2020-08-04 17:19:51'),
(10, 1, 17, 8, 0, 0, '2020-08-04 17:19:51', '2020-08-04 17:19:51'),
(11, 1, 18, 1, 0, 0, '2020-08-04 17:19:51', '2020-08-04 17:19:51'),
(12, 1, 4, 12, 0, 0, '2020-08-04 17:19:51', '2020-08-04 17:19:51'),
(13, 1, 20, 3, 0, 0, '2020-08-04 17:19:51', '2020-08-04 17:19:51'),
(14, 1, 40, 3, 0, 0, '2020-08-04 17:24:05', '2020-08-04 17:24:05'),
(15, 1, 8, 2, 0, 0, '2020-08-04 17:24:05', '2020-08-04 17:24:05'),
(16, 1, 9, 1, 0, 0, '2020-08-04 17:24:05', '2020-08-04 17:24:05'),
(17, 1, 13, 1, 0, 0, '2020-08-04 17:26:30', '2020-08-04 17:26:30'),
(18, 1, 19, 2, 0, 0, '2020-08-04 18:36:17', '2020-08-04 18:36:17'),
(19, 1, 28, 6, 0, 0, '2020-08-04 18:36:17', '2020-08-04 18:36:17'),
(20, 1, 37, 2, 0, 0, '2020-08-04 18:36:17', '2020-08-04 18:36:17'),
(21, 1, 38, 1, 0, 0, '2020-08-04 18:36:17', '2020-08-04 18:36:17'),
(22, 1, 5, 2, 0, 0, '2020-08-04 18:36:17', '2020-08-04 18:36:17'),
(23, 1, 6, 2, 0, 0, '2020-08-04 18:36:17', '2020-08-04 18:36:17'),
(24, 1, 7, 2, 0, 0, '2020-08-04 18:36:17', '2020-08-04 18:36:17'),
(25, 1, 22, 10, 0, 0, '2020-08-04 18:36:17', '2020-08-04 18:36:17'),
(26, 1, 39, 10, 0, 0, '2020-08-04 18:38:12', '2020-08-04 18:38:12'),
(27, 1, 25, 1, 0, 0, '2020-08-04 18:38:12', '2020-08-04 18:38:12'),
(28, 1, 26, 2, 0, 0, '2020-08-04 18:38:12', '2020-08-04 18:38:12'),
(29, 1, 46, 2, 0, 0, '2020-08-04 18:38:12', '2020-08-04 18:38:12'),
(30, 1, 3, 1, 0, 0, '2020-08-04 18:48:53', '2020-08-04 18:48:53'),
(31, 1, 47, 1, 0, 0, '2020-08-04 18:48:53', '2020-08-04 18:48:53'),
(32, 1, 48, 1, 0, 0, '2020-08-04 18:48:53', '2020-08-04 18:48:53'),
(33, 1, 57, 15, 0, 0, '2020-08-19 13:52:22', '2020-08-19 13:52:22'),
(265, 2, 20, 3, 0, 0, '2020-09-17 11:32:35', '2020-09-17 11:32:35'),
(266, 2, 22, 7, 0, 0, '2020-09-17 11:32:35', '2020-09-17 11:32:35'),
(267, 2, 27, 5, 0, 0, '2020-09-17 11:32:35', '2020-09-17 11:32:35'),
(268, 2, 46, 1, 0, 0, '2020-09-17 11:32:35', '2020-09-17 11:32:35'),
(269, 2, 4, 17, 0, 0, '2020-09-17 11:32:35', '2020-09-17 11:32:35'),
(270, 2, 12, 0, 0, 0, '2020-09-17 11:32:35', '2020-09-17 11:32:35'),
(271, 2, 49, 0, 0, 0, '2020-09-17 11:32:35', '2020-09-17 11:32:35'),
(272, 2, 7, 2, 0, 0, '2020-09-17 11:32:35', '2020-09-17 11:32:35'),
(273, 2, 6, 2, 0, 0, '2020-09-17 11:32:35', '2020-09-17 11:32:35'),
(274, 2, 5, 2, 0, 0, '2020-09-17 11:32:35', '2020-09-17 11:32:35'),
(275, 2, 39, 6, 0, 0, '2020-09-17 11:32:35', '2020-09-17 11:32:35'),
(276, 2, 28, 6, 0, 0, '2020-09-17 11:32:35', '2020-09-17 11:32:35'),
(277, 2, 37, 9, 0, 0, '2020-09-17 11:32:35', '2020-09-17 11:32:35'),
(278, 2, 57, 15, 0, 0, '2020-09-17 11:32:35', '2020-09-17 11:32:35'),
(279, 2, 56, 1, 0, 0, '2020-09-17 11:32:35', '2020-09-17 11:32:35'),
(280, 2, 10, 10, 0, 0, '2020-09-17 11:32:35', '2020-09-17 11:32:35'),
(281, 2, 11, 6, 0, 0, '2020-09-17 11:32:35', '2020-09-17 11:32:35'),
(282, 2, 15, 1, 0, 0, '2020-09-17 11:32:35', '2020-09-17 11:32:35'),
(283, 2, 16, 2, 0, 0, '2020-09-17 11:32:35', '2020-09-17 11:32:35'),
(284, 2, 25, 2, 0, 0, '2020-09-17 11:32:35', '2020-09-17 11:32:35'),
(285, 2, 24, 3, 0, 0, '2020-09-17 11:32:35', '2020-09-17 11:32:35'),
(286, 2, 9, 1, 0, 0, '2020-09-17 11:32:35', '2020-09-17 11:32:35'),
(287, 2, 8, 2, 0, 0, '2020-09-17 11:32:35', '2020-09-17 11:32:35'),
(288, 2, 47, 1, 0, 0, '2020-09-17 11:32:35', '2020-09-17 11:32:35'),
(289, 2, 48, 1, 0, 0, '2020-09-17 11:32:35', '2020-09-17 11:32:35'),
(290, 2, 19, 2, 0, 0, '2020-09-17 11:32:35', '2020-09-17 11:32:35'),
(291, 2, 18, 1, 0, 0, '2020-09-17 11:32:35', '2020-09-17 11:32:35'),
(292, 2, 17, 8, 0, 0, '2020-09-17 11:32:35', '2020-09-17 11:32:35'),
(293, 2, 45, 2, 0, 0, '2020-09-17 11:32:35', '2020-09-17 11:32:35'),
(294, 2, 26, 0, 0, 0, '2020-09-17 11:32:35', '2020-09-17 11:32:35'),
(295, 2, 40, 3, 0, 0, '2020-09-17 11:32:35', '2020-09-17 11:32:35'),
(296, 2, 2, 0, 0, 0, '2020-09-17 11:32:35', '2020-09-17 11:32:35'),
(297, 2, 66, 1, 0, 0, '2020-09-17 11:32:35', '2020-09-17 11:32:35'),
(298, 3, 20, 3, 0, 0, '2020-09-17 12:16:05', '2020-09-17 12:16:05'),
(299, 3, 22, 7, 0, 0, '2020-09-17 12:16:05', '2020-09-17 12:16:05'),
(300, 3, 27, 5, 0, 0, '2020-09-17 12:16:05', '2020-09-17 12:16:05'),
(301, 3, 46, 7, 0, 0, '2020-09-17 12:16:05', '2020-09-17 12:16:05'),
(302, 3, 4, 13, 0, 0, '2020-09-17 12:16:05', '2020-09-17 12:16:05'),
(303, 3, 49, 0, 0, 0, '2020-09-17 12:16:05', '2020-09-17 12:16:05'),
(304, 3, 7, 2, 0, 0, '2020-09-17 12:16:05', '2020-09-17 12:16:05'),
(305, 3, 6, 2, 0, 0, '2020-09-17 12:16:05', '2020-09-17 12:16:05'),
(306, 3, 5, 2, 0, 0, '2020-09-17 12:16:05', '2020-09-17 12:16:05'),
(307, 3, 28, 6, 0, 0, '2020-09-17 12:16:05', '2020-09-17 12:16:05'),
(308, 3, 37, 0, 0, 0, '2020-09-17 12:16:05', '2020-09-17 12:16:05'),
(309, 3, 57, 15, 0, 0, '2020-09-17 12:16:05', '2020-09-17 12:16:05'),
(310, 3, 56, 0, 0, 0, '2020-09-17 12:16:05', '2020-09-17 12:16:05'),
(311, 3, 10, 10, 0, 0, '2020-09-17 12:16:05', '2020-09-17 12:16:05'),
(312, 3, 11, 6, 0, 0, '2020-09-17 12:16:05', '2020-09-17 12:16:05'),
(313, 3, 15, 5, 0, 0, '2020-09-17 12:16:05', '2020-09-17 12:16:05'),
(314, 3, 16, 2, 0, 0, '2020-09-17 12:16:05', '2020-09-17 12:16:05'),
(315, 3, 25, 2, 0, 0, '2020-09-17 12:16:05', '2020-09-17 12:16:05'),
(316, 3, 24, 3, 0, 0, '2020-09-17 12:16:05', '2020-09-17 12:16:05'),
(317, 3, 9, 1, 0, 0, '2020-09-17 12:16:05', '2020-09-17 12:16:05'),
(318, 3, 8, 2, 0, 0, '2020-09-17 12:16:05', '2020-09-17 12:16:05'),
(319, 3, 47, 1, 0, 0, '2020-09-17 12:16:05', '2020-09-17 12:16:05'),
(320, 3, 48, 1, 0, 0, '2020-09-17 12:16:05', '2020-09-17 12:16:05'),
(321, 3, 19, 2, 0, 0, '2020-09-17 12:16:05', '2020-09-17 12:16:05'),
(322, 3, 18, 1, 0, 0, '2020-09-17 12:16:05', '2020-09-17 12:16:05'),
(323, 3, 17, 8, 0, 0, '2020-09-17 12:16:05', '2020-09-17 12:16:05'),
(324, 3, 45, 2, 0, 0, '2020-09-17 12:16:05', '2020-09-17 12:16:05'),
(325, 3, 26, 0, 0, 0, '2020-09-17 12:16:05', '2020-09-17 12:16:05'),
(326, 3, 58, 7, 0, 0, '2020-09-17 12:16:05', '2020-09-17 12:16:05'),
(327, 3, 2, 0, 0, 0, '2020-09-17 12:16:05', '2020-09-17 12:16:05'),
(328, 3, 66, 1, 0, 0, '2020-09-17 12:16:05', '2020-09-17 12:16:05'),
(348, 6, 20, 3, 0, 0, '2020-10-06 10:36:51', '2020-10-06 10:36:51'),
(349, 6, 22, 6, 0, 0, '2020-10-06 10:36:51', '2020-10-06 10:36:51'),
(350, 6, 27, 4, 0, 0, '2020-10-06 10:36:51', '2020-10-06 10:36:51'),
(351, 6, 62, 13, 0, 0, '2020-10-06 10:36:51', '2020-10-06 10:36:51'),
(352, 6, 46, 7, 0, 0, '2020-10-06 10:36:51', '2020-10-06 10:36:51'),
(353, 6, 63, 2, 0, 0, '2020-10-06 10:36:51', '2020-10-06 10:36:51'),
(354, 6, 64, 2, 0, 0, '2020-10-06 10:36:51', '2020-10-06 10:36:51'),
(355, 6, 65, 2, 0, 0, '2020-10-06 10:36:51', '2020-10-06 10:36:51'),
(356, 6, 4, 8, 0, 0, '2020-10-06 10:36:51', '2020-10-06 10:36:51'),
(357, 6, 7, 2, 0, 0, '2020-10-06 10:36:51', '2020-10-06 10:36:51'),
(358, 6, 6, 2, 0, 0, '2020-10-06 10:36:51', '2020-10-06 10:36:51'),
(359, 6, 5, 2, 0, 0, '2020-10-06 10:36:51', '2020-10-06 10:36:51'),
(360, 6, 39, 6, 0, 0, '2020-10-06 10:36:51', '2020-10-06 10:36:51'),
(361, 6, 28, 6, 0, 0, '2020-10-06 10:36:51', '2020-10-06 10:36:51'),
(362, 6, 37, 7, 0, 0, '2020-10-06 10:36:51', '2020-10-06 10:36:51'),
(363, 6, 57, 15, 0, 0, '2020-10-06 10:36:51', '2020-10-06 10:36:51'),
(364, 6, 61, 5, 0, 0, '2020-10-06 10:36:51', '2020-10-06 10:36:51'),
(365, 6, 68, 1, 0, 0, '2020-10-06 10:36:51', '2020-10-06 10:36:51'),
(366, 6, 13, 1, 0, 0, '2020-10-06 10:36:51', '2020-10-06 10:36:51'),
(367, 6, 10, 10, 0, 0, '2020-10-06 10:36:51', '2020-10-06 10:36:51'),
(368, 6, 11, 6, 0, 0, '2020-10-06 10:36:51', '2020-10-06 10:36:51'),
(369, 6, 54, 9, 0, 0, '2020-10-06 10:36:51', '2020-10-06 10:36:51'),
(370, 6, 55, 8, 0, 0, '2020-10-06 10:36:51', '2020-10-06 10:36:51'),
(371, 6, 15, 2, 0, 0, '2020-10-06 10:36:51', '2020-10-06 10:36:51'),
(372, 6, 69, 6, 0, 0, '2020-10-06 10:36:51', '2020-10-06 10:36:51'),
(373, 6, 16, 2, 0, 0, '2020-10-06 10:36:51', '2020-10-06 10:36:51'),
(374, 6, 25, 2, 0, 0, '2020-10-06 10:36:51', '2020-10-06 10:36:51'),
(375, 6, 24, 3, 0, 0, '2020-10-06 10:36:51', '2020-10-06 10:36:51'),
(376, 6, 60, 4, 0, 0, '2020-10-06 10:36:51', '2020-10-06 10:36:51'),
(377, 6, 59, 5, 0, 0, '2020-10-06 10:36:51', '2020-10-06 10:36:51'),
(378, 6, 9, 1, 0, 0, '2020-10-06 10:36:51', '2020-10-06 10:36:51'),
(380, 6, 58, 13, 0, 0, '2020-10-06 10:36:51', '2020-10-06 10:36:51'),
(381, 6, 8, 2, 0, 0, '2020-10-06 10:36:51', '2020-10-06 10:36:51'),
(382, 6, 47, 1, 0, 0, '2020-10-06 10:36:51', '2020-10-06 10:36:51'),
(383, 6, 48, 1, 0, 0, '2020-10-06 10:36:51', '2020-10-06 10:36:51'),
(384, 6, 19, 2, 0, 0, '2020-10-06 10:36:51', '2020-10-06 10:36:51'),
(385, 6, 66, 1, 0, 0, '2020-10-06 10:36:51', '2020-10-06 10:36:51'),
(386, 6, 18, 1, 0, 0, '2020-10-06 10:36:51', '2020-10-06 10:36:51'),
(387, 6, 17, 8, 0, 0, '2020-10-06 10:36:51', '2020-10-06 10:36:51'),
(388, 6, 45, 1, 0, 0, '2020-10-06 10:36:51', '2020-10-06 10:36:51'),
(393, 11, 98, 5, 0, -5, '2021-01-03 11:01:27', '2021-01-03 11:01:27'),
(394, 12, 98, 10, 3, -7, '2021-01-03 11:39:30', '2021-01-03 11:39:30');

-- --------------------------------------------------------

--
-- Estructura de tabla para la tabla `kardex`
--

DROP TABLE IF EXISTS `kardex`;
CREATE TABLE IF NOT EXISTS `kardex` (
  `id` int(11) NOT NULL AUTO_INCREMENT,
  `tipo` varchar(15) DEFAULT NULL,
  `fecha` date DEFAULT NULL,
  `hora` time DEFAULT NULL,
  `producto` int(11) DEFAULT NULL,
  `entrada` int(11) DEFAULT NULL,
  `salida` int(11) DEFAULT NULL,
  `saldo` int(11) DEFAULT NULL,
  `created_at` datetime DEFAULT NULL,
  `updated_at` datetime DEFAULT NULL,
  PRIMARY KEY (`id`),
  KEY `fk_kardex_producto` (`producto`)
) ENGINE=InnoDB AUTO_INCREMENT=42 DEFAULT CHARSET=utf8;

--
-- Volcado de datos para la tabla `kardex`
--

INSERT INTO `kardex` (`id`, `tipo`, `fecha`, `hora`, `producto`, `entrada`, `salida`, `saldo`, `created_at`, `updated_at`) VALUES
(1, 'Entradas', '2020-06-30', '14:26:09', 1, 10, 0, 10, '2020-06-30 14:27:19', '2020-06-30 14:27:19'),
(2, 'Entradas', '2020-07-04', '09:41:13', 2, 100, 0, 100, '2020-07-04 09:44:47', '2020-07-04 09:44:47'),
(3, 'Salidas', '2020-07-22', '07:22:10', 2, 0, 1, 99, '2020-07-22 07:22:11', '2020-07-22 07:22:11'),
(4, 'Entradas', '2020-07-22', '07:25:25', 4, 10, 0, 10, '2020-07-22 07:27:27', '2020-07-22 07:27:27'),
(5, 'Entradas', '2020-07-22', '07:25:25', 3, 10, 0, 10, '2020-07-22 07:27:27', '2020-07-22 07:27:27'),
(6, 'Salidas', '2020-07-22', '07:31:38', 4, 0, 5, 5, '2020-07-22 07:31:38', '2020-07-22 07:31:38'),
(7, 'Salidas', '2020-07-22', '07:32:19', 1, 0, 1, 9, '2020-07-22 07:32:19', '2020-07-22 07:32:19'),
(8, 'Salidas', '2020-07-28', '10:47:50', 2, 0, 1, 98, '2020-07-28 10:47:50', '2020-07-28 10:47:50'),
(9, 'Salidas', '2020-08-01', '06:16:26', 4, 0, 1, 4, '2020-08-01 06:16:26', '2020-08-01 06:16:26'),
(10, 'Salidas', '2020-08-01', '06:16:43', 4, 0, 1, 3, '2020-08-01 06:16:43', '2020-08-01 06:16:43'),
(11, 'Salidas', '2020-08-01', '06:16:52', 2, 0, 1, 97, '2020-08-01 06:16:52', '2020-08-01 06:16:52'),
(12, 'Salidas', '2020-08-01', '09:26:27', 3, 0, 1, 9, '2020-08-01 09:26:27', '2020-08-01 09:26:27'),
(13, 'Salidas', '2020-08-01', '18:40:02', 1, 0, 1, 8, '2020-08-01 18:40:02', '2020-08-01 18:40:02'),
(14, 'Inventario', '2020-08-03', '10:00:17', 27, 0, 0, 6, '2020-08-03 10:10:21', '2020-08-03 10:10:21'),
(15, 'Inventario', '2020-08-03', '10:00:17', 2, 0, 0, 12, '2020-08-03 10:10:21', '2020-08-03 10:10:21'),
(16, 'Inventario', '2020-08-03', '10:00:17', 10, 0, 0, 10, '2020-08-03 10:10:21', '2020-08-03 10:10:21'),
(17, 'Inventario', '2020-08-03', '10:00:17', 11, 0, 0, 8, '2020-08-03 10:10:21', '2020-08-03 10:10:21'),
(18, 'Inventario', '2020-08-03', '10:00:17', 24, 0, 0, 3, '2020-08-03 10:10:21', '2020-08-03 10:10:21'),
(19, 'Inventario', '2020-08-03', '10:00:17', 40, 0, 0, 3, '2020-08-03 10:10:21', '2020-08-03 10:10:21'),
(20, 'Inventario', '2020-08-03', '10:00:17', 12, 0, 0, 0, '2020-08-03 10:10:21', '2020-08-03 10:10:21'),
(21, 'Entradas', '2020-08-03', '12:49:13', 27, 6, 0, 12, '2020-08-03 12:56:03', '2020-08-03 12:56:03'),
(22, 'Entradas', '2020-08-03', '12:49:13', 2, 12, 0, 24, '2020-08-03 12:56:03', '2020-08-03 12:56:03'),
(23, 'Entradas', '2020-08-03', '12:49:13', 10, 10, 0, 20, '2020-08-03 12:56:03', '2020-08-03 12:56:03'),
(24, 'Entradas', '2020-08-03', '12:49:13', 11, 8, 0, 16, '2020-08-03 12:56:03', '2020-08-03 12:56:03'),
(25, 'Entradas', '2020-08-03', '12:49:13', 24, 3, 0, 6, '2020-08-03 12:56:03', '2020-08-03 12:56:03'),
(26, 'Entradas', '2020-08-03', '12:49:13', 40, 3, 0, 6, '2020-08-03 12:56:03', '2020-08-03 12:56:03'),
(27, 'Entradas', '2020-08-03', '12:49:13', 45, 2, 0, 2, '2020-08-03 12:56:03', '2020-08-03 12:56:03'),
(28, 'Salidas', '2020-08-04', '15:42:27', 22, 0, 1, 0, '2020-08-04 15:42:27', '2020-08-04 15:42:27'),
(29, 'Salidas', '2020-08-04', '15:43:20', 39, 0, 1, 0, '2020-08-04 15:43:20', '2020-08-04 15:43:20'),
(30, 'Salidas', '2020-08-04', '17:39:48', 27, 0, 1, 11, '2020-08-04 17:39:48', '2020-08-04 17:39:48'),
(31, 'Salidas', '2020-08-04', '17:51:39', 4, 0, 1, 2, '2020-08-04 17:51:39', '2020-08-04 17:51:39'),
(32, 'Salidas', '2020-08-04', '23:37:03', 20, 0, 1, 0, '2020-08-04 23:37:03', '2020-08-04 23:37:03'),
(33, 'Salidas', '2020-08-05', '01:49:59', 20, 0, 1, -1, '2020-08-05 01:49:59', '2020-08-05 01:49:59'),
(34, 'Salidas', '2020-08-05', '12:28:59', 37, 0, 1, 0, '2020-08-05 12:28:59', '2020-08-05 12:28:59'),
(35, 'Salidas', '2020-08-03', '12:33:33', 15, 0, 1, 0, '2020-08-05 12:33:33', '2020-08-05 12:33:33'),
(36, 'Salidas', '2020-08-03', '12:33:33', 4, 0, 2, 0, '2020-08-05 12:33:33', '2020-08-05 12:33:33'),
(37, 'Salidas', '2020-08-03', '12:33:33', 39, 0, 1, -1, '2020-08-05 12:33:33', '2020-08-05 12:33:33'),
(38, 'Salidas', '2020-08-03', '12:33:33', 3, 0, 1, 8, '2020-08-05 12:33:33', '2020-08-05 12:33:33'),
(39, 'Salidas', '2020-08-03', '12:33:33', 38, 0, 1, 0, '2020-08-05 12:33:33', '2020-08-05 12:33:33'),
(40, 'Salidas', '2020-08-05', '15:46:02', 20, 0, 1, -2, '2020-08-05 15:46:02', '2020-08-05 15:46:02'),
(41, 'Salidas', '2020-08-06', '18:12:48', 37, 0, 1, -1, '2020-08-06 18:12:48', '2020-08-06 18:12:48');

-- --------------------------------------------------------

--
-- Estructura de tabla para la tabla `opiniones`
--

DROP TABLE IF EXISTS `opiniones`;
CREATE TABLE IF NOT EXISTS `opiniones` (
  `id` int(11) NOT NULL AUTO_INCREMENT,
  `cliente` int(11) DEFAULT NULL,
  `empleado` int(11) DEFAULT NULL,
  `nivel` varchar(20) DEFAULT NULL,
  `comentario` text DEFAULT NULL,
  `created_at` datetime DEFAULT NULL,
  `updated_at` datetime DEFAULT NULL,
  PRIMARY KEY (`id`),
  KEY `fk_opiniones_cliente` (`cliente`),
  KEY `fk_opiniones_empleado` (`empleado`)
) ENGINE=InnoDB DEFAULT CHARSET=utf8;

-- --------------------------------------------------------

--
-- Estructura de tabla para la tabla `pagos_adicionales`
--

DROP TABLE IF EXISTS `pagos_adicionales`;
CREATE TABLE IF NOT EXISTS `pagos_adicionales` (
  `id` int(11) NOT NULL AUTO_INCREMENT,
  `tipo` int(11) DEFAULT NULL,
  `fecha` date DEFAULT NULL,
  `monto` decimal(10,2) DEFAULT NULL,
  `created_at` datetime DEFAULT NULL,
  `updated_at` datetime DEFAULT NULL,
  PRIMARY KEY (`id`),
  KEY `fk_pa_ad_patipo` (`tipo`)
) ENGINE=InnoDB AUTO_INCREMENT=25 DEFAULT CHARSET=utf8;

--
-- Volcado de datos para la tabla `pagos_adicionales`
--

INSERT INTO `pagos_adicionales` (`id`, `tipo`, `fecha`, `monto`, `created_at`, `updated_at`) VALUES
(1, 1, '2020-09-15', '1200.00', '2020-10-02 21:54:00', '2020-10-02 21:54:00'),
(2, 2, '2020-09-30', '930.00', '2020-10-02 21:54:30', '2020-10-02 21:54:30'),
(3, 1, '2020-09-23', '120.00', '2020-10-04 16:34:05', '2020-10-04 16:34:05'),
(6, 1, '2020-10-15', '1200.00', '2020-10-19 17:21:57', '2020-10-19 17:21:57'),
(7, 4, '2020-10-27', '80.00', '2020-10-27 11:16:46', '2020-10-27 11:16:46'),
(8, 3, '2020-10-27', '260.50', '2020-10-27 11:17:09', '2020-10-27 11:17:09'),
(9, 5, '2020-10-30', '40.00', '2020-11-02 17:25:03', '2020-11-02 17:25:03'),
(10, 2, '2020-10-31', '930.00', '2020-11-02 17:25:38', '2020-11-02 17:25:38'),
(11, 6, '2020-11-13', '209.00', '2020-11-13 18:49:17', '2020-11-13 18:49:17'),
(12, 1, '2020-11-16', '1150.00', '2020-11-17 18:22:05', '2020-11-17 18:22:05'),
(13, 2, '2020-11-30', '930.00', '2020-11-30 19:46:57', '2020-11-30 19:46:57'),
(14, 5, '2020-11-30', '15.00', '2020-11-30 19:47:11', '2020-11-30 19:47:11'),
(15, 7, '2020-11-30', '810.00', '2020-11-30 19:48:40', '2020-11-30 19:48:40'),
(16, 4, '2020-11-30', '80.00', '2020-11-30 19:49:08', '2020-11-30 19:49:08'),
(17, 3, '2020-11-30', '269.00', '2020-11-30 19:49:34', '2020-11-30 19:49:34'),
(18, 8, '2020-12-12', '46.00', '2020-12-12 12:53:12', '2020-12-12 12:53:12'),
(19, 3, '2020-12-17', '295.00', '2020-12-17 16:45:42', '2020-12-17 16:45:42'),
(20, 8, '2020-12-19', '23.00', '2020-12-19 13:42:26', '2020-12-19 13:42:26'),
(21, 4, '2020-12-28', '80.00', '2020-12-28 11:01:25', '2020-12-28 11:01:25'),
(22, 9, '2020-12-28', '400.00', '2020-12-28 11:02:01', '2020-12-28 11:02:01'),
(23, 1, '2020-12-28', '1150.00', '2020-12-28 11:02:38', '2020-12-28 11:02:38'),
(24, 10, '2020-12-28', '7.00', '2020-12-28 17:53:23', '2020-12-28 17:53:23');

-- --------------------------------------------------------

--
-- Estructura de tabla para la tabla `pagos_adicionales_tipos`
--

DROP TABLE IF EXISTS `pagos_adicionales_tipos`;
CREATE TABLE IF NOT EXISTS `pagos_adicionales_tipos` (
  `id` int(11) NOT NULL AUTO_INCREMENT,
  `nombre` varchar(100) DEFAULT NULL,
  `created_at` datetime DEFAULT NULL,
  `updated_at` datetime DEFAULT NULL,
  PRIMARY KEY (`id`)
) ENGINE=InnoDB AUTO_INCREMENT=11 DEFAULT CHARSET=utf8;

--
-- Volcado de datos para la tabla `pagos_adicionales_tipos`
--

INSERT INTO `pagos_adicionales_tipos` (`id`, `nombre`, `created_at`, `updated_at`) VALUES
(1, 'LOCAL', '2020-10-02 21:53:17', '2020-10-02 21:53:17'),
(2, 'SUELDO REBECA', '2020-10-02 21:53:27', '2020-10-02 21:53:27'),
(3, 'LUZ', '2020-10-27 11:00:15', '2020-10-27 11:00:15'),
(4, 'INTERNET Y CELULAR', '2020-10-27 11:00:29', '2020-10-27 11:00:29'),
(5, 'PUBLICIDAD', '2020-11-02 17:24:35', '2020-11-02 17:24:35'),
(6, 'SUNAT', '2020-11-13 18:48:37', '2020-11-13 18:48:37'),
(7, 'Pago Barbero Nuevo', '2020-11-30 19:48:14', '2020-11-30 19:48:14'),
(8, 'SNACKS PARA CLIENTES', '2020-12-12 12:52:54', '2020-12-12 12:52:54'),
(9, 'CANASTAS', '2020-12-28 11:01:47', '2020-12-28 11:01:47'),
(10, 'LAVANDERIA', '2020-12-28 17:53:12', '2020-12-28 17:53:12');

-- --------------------------------------------------------

--
-- Estructura de tabla para la tabla `pago_local`
--

DROP TABLE IF EXISTS `pago_local`;
CREATE TABLE IF NOT EXISTS `pago_local` (
  `id` int(11) NOT NULL AUTO_INCREMENT,
  `fecha` date DEFAULT NULL,
  `monto` decimal(10,2) DEFAULT NULL,
  `created_at` datetime DEFAULT NULL,
  `updated_at` datetime DEFAULT NULL,
  PRIMARY KEY (`id`)
) ENGINE=InnoDB AUTO_INCREMENT=4 DEFAULT CHARSET=utf8;

--
-- Volcado de datos para la tabla `pago_local`
--

INSERT INTO `pago_local` (`id`, `fecha`, `monto`, `created_at`, `updated_at`) VALUES
(2, '2020-09-15', '1200.00', '2020-10-02 16:45:27', '2020-10-02 16:45:27'),
(3, '2020-09-30', '930.00', '2020-10-02 16:45:37', '2020-10-02 16:45:37');

-- --------------------------------------------------------

--
-- Estructura de tabla para la tabla `pago_personal`
--

DROP TABLE IF EXISTS `pago_personal`;
CREATE TABLE IF NOT EXISTS `pago_personal` (
  `id` int(11) NOT NULL AUTO_INCREMENT,
  `empleado` int(11) DEFAULT NULL,
  `fecha` date DEFAULT NULL,
  `monto` decimal(10,2) DEFAULT NULL,
  `created_at` datetime DEFAULT NULL,
  `updated_at` datetime DEFAULT NULL,
  PRIMARY KEY (`id`),
  KEY `fk_pago_personal_empleado` (`empleado`)
) ENGINE=InnoDB AUTO_INCREMENT=1089 DEFAULT CHARSET=utf8;

--
-- Volcado de datos para la tabla `pago_personal`
--

INSERT INTO `pago_personal` (`id`, `empleado`, `fecha`, `monto`, `created_at`, `updated_at`) VALUES
(15, 1, '2020-08-17', '0.00', '2020-08-17 19:24:40', '2020-08-17 19:24:40'),
(16, 2, '2020-08-17', '0.00', '2020-08-17 19:24:40', '2020-08-17 19:24:40'),
(17, 1, '2020-08-15', '0.00', '2020-08-18 09:59:41', '2020-08-18 09:59:41'),
(18, 2, '2020-08-15', '0.00', '2020-08-18 09:59:41', '2020-08-18 09:59:41'),
(24, 1, '2020-08-18', '0.00', '2020-08-18 19:48:58', '2020-08-18 19:48:58'),
(25, 2, '2020-08-18', '0.00', '2020-08-18 19:48:58', '2020-08-18 19:48:58'),
(33, 1, '2020-08-19', '0.00', '2020-08-19 19:23:31', '2020-08-19 19:23:31'),
(34, 2, '2020-08-19', '0.00', '2020-08-19 19:23:31', '2020-08-19 19:23:31'),
(35, 1, '2020-08-20', '0.00', '2020-08-20 19:30:25', '2020-08-20 19:30:25'),
(36, 2, '2020-08-20', '0.00', '2020-08-20 19:30:25', '2020-08-20 19:30:25'),
(46, 1, '2020-08-21', '0.00', '2020-08-21 19:38:37', '2020-08-21 19:38:37'),
(47, 2, '2020-08-21', '0.00', '2020-08-21 19:38:37', '2020-08-21 19:38:37'),
(50, 1, '2020-08-22', '0.00', '2020-08-22 19:14:58', '2020-08-22 19:14:58'),
(51, 2, '2020-08-22', '0.00', '2020-08-22 19:14:58', '2020-08-22 19:14:58'),
(53, 1, '2020-08-24', '0.00', '2020-08-24 20:00:15', '2020-08-24 20:00:15'),
(54, 2, '2020-08-24', '0.00', '2020-08-24 20:00:15', '2020-08-24 20:00:15'),
(59, 1, '2020-08-25', '0.00', '2020-08-25 19:38:55', '2020-08-25 19:38:55'),
(60, 2, '2020-08-25', '0.00', '2020-08-25 19:38:55', '2020-08-25 19:38:55'),
(61, 1, '2020-08-26', '0.00', '2020-08-26 19:56:18', '2020-08-26 19:56:18'),
(62, 2, '2020-08-26', '0.00', '2020-08-26 19:56:18', '2020-08-26 19:56:18'),
(67, 1, '2020-08-27', '0.00', '2020-08-27 19:59:35', '2020-08-27 19:59:35'),
(68, 2, '2020-08-27', '0.00', '2020-08-27 19:59:35', '2020-08-27 19:59:35'),
(69, 1, '2020-08-28', '0.00', '2020-08-28 19:55:02', '2020-08-28 19:55:02'),
(70, 2, '2020-08-28', '0.00', '2020-08-28 19:55:02', '2020-08-28 19:55:02'),
(77, 1, '2020-08-29', '0.00', '2020-08-29 19:16:16', '2020-08-29 19:16:16'),
(78, 2, '2020-08-29', '0.00', '2020-08-29 19:16:16', '2020-08-29 19:16:16'),
(80, 1, '2020-08-31', '0.00', '2020-08-31 19:17:26', '2020-08-31 19:17:26'),
(81, 2, '2020-08-31', '0.00', '2020-08-31 19:17:26', '2020-08-31 19:17:26'),
(85, 1, '2020-09-01', '0.00', '2020-09-01 18:57:03', '2020-09-01 18:57:03'),
(86, 2, '2020-09-01', '0.00', '2020-09-01 18:57:03', '2020-09-01 18:57:03'),
(88, 2, '2020-09-02', '0.00', '2020-09-02 20:28:16', '2020-09-02 20:28:16'),
(89, 1, '2020-09-03', '0.00', '2020-09-03 19:24:03', '2020-09-03 19:24:03'),
(91, 1, '2020-09-04', '0.00', '2020-09-04 19:25:33', '2020-09-04 19:25:33'),
(92, 2, '2020-09-05', '0.00', '2020-09-05 19:06:11', '2020-09-05 19:06:11'),
(93, 1, '2020-09-05', '0.00', '2020-09-05 19:06:11', '2020-09-05 19:06:11'),
(97, 2, '2020-09-07', '0.00', '2020-09-07 19:35:42', '2020-09-07 19:35:42'),
(98, 1, '2020-09-07', '0.00', '2020-09-07 19:35:42', '2020-09-07 19:35:42'),
(99, 1, '2020-09-08', '0.00', '2020-09-08 20:01:42', '2020-09-08 20:01:42'),
(108, 2, '2020-09-09', '0.00', '2020-09-09 20:12:04', '2020-09-09 20:12:04'),
(109, 1, '2020-09-09', '0.00', '2020-09-09 20:12:04', '2020-09-09 20:12:04'),
(116, 2, '2020-09-10', '0.00', '2020-09-10 19:43:33', '2020-09-10 19:43:33'),
(117, 1, '2020-09-10', '0.00', '2020-09-10 19:43:33', '2020-09-10 19:43:33'),
(119, 2, '2020-09-11', '0.00', '2020-09-11 20:42:45', '2020-09-11 20:42:45'),
(120, 1, '2020-09-11', '0.00', '2020-09-11 20:42:45', '2020-09-11 20:42:45'),
(130, 2, '2020-09-12', '0.00', '2020-09-12 19:25:16', '2020-09-12 19:25:16'),
(131, 1, '2020-09-12', '0.00', '2020-09-12 19:25:16', '2020-09-12 19:25:16'),
(132, 2, '2020-09-14', '0.00', '2020-09-14 20:26:36', '2020-09-14 20:26:36'),
(133, 1, '2020-09-14', '0.00', '2020-09-14 20:26:36', '2020-09-14 20:26:36'),
(136, 2, '2020-09-15', '0.00', '2020-09-15 20:32:56', '2020-09-15 20:32:56'),
(137, 1, '2020-09-15', '0.00', '2020-09-15 20:32:56', '2020-09-15 20:32:56'),
(146, 2, '2020-09-16', '0.00', '2020-09-16 20:04:29', '2020-09-16 20:04:29'),
(147, 1, '2020-09-16', '0.00', '2020-09-16 20:04:29', '2020-09-16 20:04:29'),
(152, 2, '2020-09-17', '0.00', '2020-09-17 20:03:51', '2020-09-17 20:03:51'),
(153, 1, '2020-09-17', '0.00', '2020-09-17 20:03:51', '2020-09-17 20:03:51'),
(156, 2, '2020-09-18', '0.00', '2020-09-18 20:04:58', '2020-09-18 20:04:58'),
(157, 1, '2020-09-18', '0.00', '2020-09-18 20:04:58', '2020-09-18 20:04:58'),
(165, 2, '2020-09-19', '0.00', '2020-09-19 19:35:41', '2020-09-19 19:35:41'),
(166, 1, '2020-09-19', '0.00', '2020-09-19 19:35:41', '2020-09-19 19:35:41'),
(169, 2, '2020-09-21', '0.00', '2020-09-21 20:03:32', '2020-09-21 20:03:32'),
(170, 1, '2020-09-21', '0.00', '2020-09-21 20:03:32', '2020-09-21 20:03:32'),
(184, 2, '2020-09-22', '0.00', '2020-09-22 20:01:06', '2020-09-22 20:01:06'),
(185, 1, '2020-09-22', '0.00', '2020-09-22 20:01:06', '2020-09-22 20:01:06'),
(200, 2, '2020-09-23', '0.00', '2020-09-23 20:38:32', '2020-09-23 20:38:32'),
(201, 1, '2020-09-23', '0.00', '2020-09-23 20:38:32', '2020-09-23 20:38:32'),
(207, 2, '2020-09-24', '0.00', '2020-09-24 20:04:20', '2020-09-24 20:04:20'),
(208, 1, '2020-09-24', '0.00', '2020-09-24 20:04:20', '2020-09-24 20:04:20'),
(220, 2, '2020-09-25', '0.00', '2020-09-25 19:32:03', '2020-09-25 19:32:03'),
(221, 1, '2020-09-25', '0.00', '2020-09-25 19:32:03', '2020-09-25 19:32:03'),
(226, 2, '2020-09-26', '0.00', '2020-09-26 21:25:35', '2020-09-26 21:25:35'),
(227, 1, '2020-09-26', '0.00', '2020-09-26 21:25:35', '2020-09-26 21:25:35'),
(237, 2, '2020-09-28', '0.00', '2020-09-28 19:42:41', '2020-09-28 19:42:41'),
(238, 1, '2020-09-28', '0.00', '2020-09-28 19:42:41', '2020-09-28 19:42:41'),
(247, 2, '2020-09-29', '0.00', '2020-09-29 19:53:53', '2020-09-29 19:53:53'),
(248, 1, '2020-09-29', '0.00', '2020-09-29 19:53:53', '2020-09-29 19:53:53'),
(253, 2, '2020-09-30', '0.00', '2020-09-30 20:33:21', '2020-09-30 20:33:21'),
(254, 1, '2020-09-30', '0.00', '2020-09-30 20:33:21', '2020-09-30 20:33:21'),
(258, 4, '2020-10-01', '0.00', '2020-10-01 20:25:07', '2020-10-01 20:25:07'),
(259, 1, '2020-10-01', '0.00', '2020-10-01 20:25:07', '2020-10-01 20:25:07'),
(271, 2, '2020-10-02', '0.00', '2020-10-02 20:41:34', '2020-10-02 20:41:34'),
(272, 1, '2020-10-02', '0.00', '2020-10-02 20:41:34', '2020-10-02 20:41:34'),
(278, 2, '2020-10-03', '0.00', '2020-10-03 20:05:48', '2020-10-03 20:05:48'),
(279, 1, '2020-10-03', '0.00', '2020-10-03 20:05:48', '2020-10-03 20:05:48'),
(282, 2, '2020-10-05', '0.00', '2020-10-05 19:38:07', '2020-10-05 19:38:07'),
(283, 1, '2020-10-05', '0.00', '2020-10-05 19:38:07', '2020-10-05 19:38:07'),
(290, 2, '2020-10-06', '0.00', '2020-10-06 19:51:36', '2020-10-06 19:51:36'),
(291, 1, '2020-10-06', '0.00', '2020-10-06 19:51:36', '2020-10-06 19:51:36'),
(297, 2, '2020-10-07', '0.00', '2020-10-07 19:30:01', '2020-10-07 19:30:01'),
(298, 1, '2020-10-07', '0.00', '2020-10-07 19:30:01', '2020-10-07 19:30:01'),
(302, 2, '2020-10-08', '0.00', '2020-10-08 17:54:59', '2020-10-08 17:54:59'),
(303, 1, '2020-10-08', '0.00', '2020-10-08 17:54:59', '2020-10-08 17:54:59'),
(313, 2, '2020-10-09', '0.00', '2020-10-09 20:22:57', '2020-10-09 20:22:57'),
(314, 1, '2020-10-09', '0.00', '2020-10-09 20:22:57', '2020-10-09 20:22:57'),
(319, 2, '2020-10-10', '0.00', '2020-10-10 20:17:48', '2020-10-10 20:17:48'),
(320, 1, '2020-10-10', '0.00', '2020-10-10 20:17:48', '2020-10-10 20:17:48'),
(333, 2, '2020-10-12', '0.00', '2020-10-12 19:41:45', '2020-10-12 19:41:45'),
(334, 4, '2020-10-12', '0.00', '2020-10-12 19:41:45', '2020-10-12 19:41:45'),
(335, 1, '2020-10-12', '0.00', '2020-10-12 19:41:45', '2020-10-12 19:41:45'),
(350, 2, '2020-10-13', '0.00', '2020-10-13 18:39:53', '2020-10-13 18:39:53'),
(351, 4, '2020-10-13', '0.00', '2020-10-13 18:39:53', '2020-10-13 18:39:53'),
(352, 1, '2020-10-13', '0.00', '2020-10-13 18:39:53', '2020-10-13 18:39:53'),
(356, 2, '2020-10-14', '0.00', '2020-10-14 19:46:53', '2020-10-14 19:46:53'),
(357, 1, '2020-10-14', '0.00', '2020-10-14 19:46:53', '2020-10-14 19:46:53'),
(366, 2, '2020-10-15', '0.00', '2020-10-15 19:57:23', '2020-10-15 19:57:23'),
(367, 1, '2020-10-15', '0.00', '2020-10-15 19:57:23', '2020-10-15 19:57:23'),
(374, 2, '2020-10-16', '0.00', '2020-10-16 20:09:15', '2020-10-16 20:09:15'),
(375, 1, '2020-10-16', '0.00', '2020-10-16 20:09:15', '2020-10-16 20:09:15'),
(385, 2, '2020-10-17', '0.00', '2020-10-17 19:33:17', '2020-10-17 19:33:17'),
(386, 1, '2020-10-17', '0.00', '2020-10-17 19:33:17', '2020-10-17 19:33:17'),
(389, 2, '2020-10-19', '0.00', '2020-10-19 19:45:23', '2020-10-19 19:45:23'),
(390, 1, '2020-10-19', '0.00', '2020-10-19 19:45:23', '2020-10-19 19:45:23'),
(412, 2, '2020-10-20', '0.00', '2020-10-20 19:16:10', '2020-10-20 19:16:10'),
(413, 1, '2020-10-20', '0.00', '2020-10-20 19:16:10', '2020-10-20 19:16:10'),
(416, 2, '2020-10-21', '0.00', '2020-10-21 19:25:32', '2020-10-21 19:25:32'),
(417, 1, '2020-10-21', '0.00', '2020-10-21 19:25:32', '2020-10-21 19:25:32'),
(438, 2, '2020-10-22', '0.00', '2020-10-22 19:40:12', '2020-10-22 19:40:12'),
(439, 1, '2020-10-22', '0.00', '2020-10-22 19:40:12', '2020-10-22 19:40:12'),
(453, 2, '2020-10-23', '0.00', '2020-10-23 20:17:49', '2020-10-23 20:17:49'),
(454, 1, '2020-10-23', '0.00', '2020-10-23 20:17:49', '2020-10-23 20:17:49'),
(468, 2, '2020-10-24', '0.00', '2020-10-24 19:57:42', '2020-10-24 19:57:42'),
(469, 1, '2020-10-24', '0.00', '2020-10-24 19:57:42', '2020-10-24 19:57:42'),
(477, 1, '2020-10-26', '0.00', '2020-10-26 20:10:38', '2020-10-26 20:10:38'),
(486, 2, '2020-10-27', '0.00', '2020-10-27 19:48:21', '2020-10-27 19:48:21'),
(487, 1, '2020-10-27', '0.00', '2020-10-27 19:48:21', '2020-10-27 19:48:21'),
(488, 2, '2020-10-28', '0.00', '2020-10-29 08:59:34', '2020-10-29 08:59:34'),
(489, 1, '2020-10-28', '0.00', '2020-10-29 08:59:34', '2020-10-29 08:59:34'),
(507, 2, '2020-10-29', '0.00', '2020-10-29 20:04:27', '2020-10-29 20:04:27'),
(508, 1, '2020-10-29', '0.00', '2020-10-29 20:04:27', '2020-10-29 20:04:27'),
(514, 2, '2020-10-30', '0.00', '2020-10-31 13:21:18', '2020-10-31 13:21:18'),
(515, 1, '2020-10-30', '0.00', '2020-10-31 13:21:18', '2020-10-31 13:21:18'),
(518, 2, '2020-10-31', '0.00', '2020-10-31 19:38:26', '2020-10-31 19:38:26'),
(519, 1, '2020-10-31', '0.00', '2020-10-31 19:38:26', '2020-10-31 19:38:26'),
(520, 2, '2020-11-02', '0.00', '2020-11-02 20:21:29', '2020-11-02 20:21:29'),
(521, 1, '2020-11-02', '0.00', '2020-11-02 20:21:29', '2020-11-02 20:21:29'),
(522, 2, '2020-11-03', '0.00', '2020-11-03 19:50:15', '2020-11-03 19:50:15'),
(523, 1, '2020-11-03', '0.00', '2020-11-03 19:50:15', '2020-11-03 19:50:15'),
(526, 2, '2020-11-04', '0.00', '2020-11-04 19:50:29', '2020-11-04 19:50:29'),
(527, 1, '2020-11-04', '0.00', '2020-11-04 19:50:29', '2020-11-04 19:50:29'),
(540, 2, '2020-11-05', '0.00', '2020-11-05 19:46:43', '2020-11-05 19:46:43'),
(541, 1, '2020-11-05', '0.00', '2020-11-05 19:46:43', '2020-11-05 19:46:43'),
(550, 2, '2020-11-06', '0.00', '2020-11-06 19:54:56', '2020-11-06 19:54:56'),
(551, 1, '2020-11-06', '0.00', '2020-11-06 19:54:56', '2020-11-06 19:54:56'),
(560, 2, '2020-11-07', '0.00', '2020-11-07 19:37:55', '2020-11-07 19:37:55'),
(561, 1, '2020-11-07', '0.00', '2020-11-07 19:37:55', '2020-11-07 19:37:55'),
(579, 2, '2020-11-09', '0.00', '2020-11-09 20:11:30', '2020-11-09 20:11:30'),
(580, 4, '2020-11-09', '0.00', '2020-11-09 20:11:30', '2020-11-09 20:11:30'),
(581, 1, '2020-11-09', '0.00', '2020-11-09 20:11:30', '2020-11-09 20:11:30'),
(597, 2, '2020-11-10', '0.00', '2020-11-10 20:33:03', '2020-11-10 20:33:03'),
(598, 1, '2020-11-10', '0.00', '2020-11-10 20:33:03', '2020-11-10 20:33:03'),
(605, 2, '2020-11-11', '0.00', '2020-11-11 20:39:56', '2020-11-11 20:39:56'),
(606, 1, '2020-11-11', '0.00', '2020-11-11 20:39:56', '2020-11-11 20:39:56'),
(617, 2, '2020-11-12', '0.00', '2020-11-12 20:04:51', '2020-11-12 20:04:51'),
(618, 1, '2020-11-12', '0.00', '2020-11-12 20:04:51', '2020-11-12 20:04:51'),
(627, 2, '2020-11-13', '0.00', '2020-11-13 19:52:20', '2020-11-13 19:52:20'),
(628, 1, '2020-11-13', '0.00', '2020-11-13 19:52:20', '2020-11-13 19:52:20'),
(636, 2, '2020-11-14', '0.00', '2020-11-14 20:18:01', '2020-11-14 20:18:01'),
(637, 1, '2020-11-14', '0.00', '2020-11-14 20:18:01', '2020-11-14 20:18:01'),
(648, 2, '2020-11-16', '0.00', '2020-11-16 20:01:47', '2020-11-16 20:01:47'),
(649, 1, '2020-11-16', '0.00', '2020-11-16 20:01:47', '2020-11-16 20:01:47'),
(665, 2, '2020-11-17', '0.00', '2020-11-17 19:12:04', '2020-11-17 19:12:04'),
(666, 1, '2020-11-17', '0.00', '2020-11-17 19:12:04', '2020-11-17 19:12:04'),
(678, 2, '2020-11-18', '0.00', '2020-11-18 20:03:16', '2020-11-18 20:03:16'),
(679, 1, '2020-11-18', '0.00', '2020-11-18 20:03:16', '2020-11-18 20:03:16'),
(684, 2, '2020-11-19', '0.00', '2020-11-19 19:57:39', '2020-11-19 19:57:39'),
(685, 1, '2020-11-19', '0.00', '2020-11-19 19:57:39', '2020-11-19 19:57:39'),
(690, 2, '2020-11-20', '0.00', '2020-11-20 19:55:50', '2020-11-20 19:55:50'),
(691, 1, '2020-11-20', '0.00', '2020-11-20 19:55:50', '2020-11-20 19:55:50'),
(701, 2, '2020-11-21', '0.00', '2020-11-21 20:13:52', '2020-11-21 20:13:52'),
(702, 1, '2020-11-21', '0.00', '2020-11-21 20:13:52', '2020-11-21 20:13:52'),
(704, 1, '2020-11-23', '0.00', '2020-11-23 20:24:54', '2020-11-23 20:24:54'),
(717, 2, '2020-11-24', '0.00', '2020-11-24 19:59:09', '2020-11-24 19:59:09'),
(718, 1, '2020-11-24', '0.00', '2020-11-24 19:59:09', '2020-11-24 19:59:09'),
(728, 2, '2020-11-25', '0.00', '2020-11-25 20:03:54', '2020-11-25 20:03:54'),
(729, 1, '2020-11-25', '0.00', '2020-11-25 20:03:54', '2020-11-25 20:03:54'),
(742, 2, '2020-11-26', '0.00', '2020-11-26 20:14:24', '2020-11-26 20:14:24'),
(743, 1, '2020-11-26', '0.00', '2020-11-26 20:14:24', '2020-11-26 20:14:24'),
(760, 2, '2020-11-27', '0.00', '2020-11-27 20:26:57', '2020-11-27 20:26:57'),
(761, 1, '2020-11-27', '0.00', '2020-11-27 20:26:57', '2020-11-27 20:26:57'),
(780, 2, '2020-11-28', '0.00', '2020-11-28 19:52:20', '2020-11-28 19:52:20'),
(781, 1, '2020-11-28', '0.00', '2020-11-28 19:52:20', '2020-11-28 19:52:20'),
(823, 2, '2020-11-30', '0.00', '2020-11-30 20:06:53', '2020-11-30 20:06:53'),
(824, 4, '2020-11-30', '0.00', '2020-11-30 20:06:53', '2020-11-30 20:06:53'),
(825, 1, '2020-11-30', '0.00', '2020-11-30 20:06:53', '2020-11-30 20:06:53'),
(840, 4, '2020-12-01', '0.00', '2020-12-01 20:22:02', '2020-12-01 20:22:02'),
(841, 1, '2020-12-01', '0.00', '2020-12-01 20:22:02', '2020-12-01 20:22:02'),
(851, 4, '2020-12-02', '0.00', '2020-12-02 20:23:56', '2020-12-02 20:23:56'),
(852, 1, '2020-12-02', '0.00', '2020-12-02 20:23:56', '2020-12-02 20:23:56'),
(856, 4, '2020-12-03', '0.00', '2020-12-03 20:03:59', '2020-12-03 20:03:59'),
(857, 1, '2020-12-03', '0.00', '2020-12-03 20:03:59', '2020-12-03 20:03:59'),
(862, 4, '2020-12-04', '0.00', '2020-12-04 19:47:33', '2020-12-04 19:47:33'),
(863, 1, '2020-12-04', '0.00', '2020-12-04 19:47:33', '2020-12-04 19:47:33'),
(882, 4, '2020-12-05', '0.00', '2020-12-05 20:01:48', '2020-12-05 20:01:48'),
(883, 5, '2020-12-05', '0.00', '2020-12-05 20:01:48', '2020-12-05 20:01:48'),
(884, 1, '2020-12-05', '0.00', '2020-12-05 20:01:48', '2020-12-05 20:01:48'),
(893, 4, '2020-12-07', '0.00', '2020-12-07 20:29:50', '2020-12-07 20:29:50'),
(894, 1, '2020-12-07', '0.00', '2020-12-07 20:29:50', '2020-12-07 20:29:50'),
(913, 4, '2020-12-08', '0.00', '2020-12-08 15:00:41', '2020-12-08 15:00:41'),
(914, 1, '2020-12-08', '0.00', '2020-12-08 15:00:41', '2020-12-08 15:00:41'),
(927, 4, '2020-12-09', '0.00', '2020-12-09 20:15:10', '2020-12-09 20:15:10'),
(928, 6, '2020-12-09', '0.00', '2020-12-09 20:15:10', '2020-12-09 20:15:10'),
(929, 1, '2020-12-09', '0.00', '2020-12-09 20:15:10', '2020-12-09 20:15:10'),
(957, 4, '2020-12-10', '0.00', '2020-12-10 20:14:37', '2020-12-10 20:14:37'),
(958, 6, '2020-12-10', '0.00', '2020-12-10 20:14:37', '2020-12-10 20:14:37'),
(959, 1, '2020-12-10', '0.00', '2020-12-10 20:14:37', '2020-12-10 20:14:37'),
(960, 6, '2020-12-11', '0.00', '2020-12-11 20:06:53', '2020-12-11 20:06:53'),
(961, 1, '2020-12-11', '0.00', '2020-12-11 20:06:53', '2020-12-11 20:06:53'),
(968, 4, '2020-12-12', '0.00', '2020-12-12 20:31:21', '2020-12-12 20:31:21'),
(969, 6, '2020-12-12', '0.00', '2020-12-12 20:31:21', '2020-12-12 20:31:21'),
(970, 1, '2020-12-12', '0.00', '2020-12-12 20:31:21', '2020-12-12 20:31:21'),
(979, 4, '2020-12-14', '0.00', '2020-12-14 20:05:56', '2020-12-14 20:05:56'),
(980, 1, '2020-12-14', '0.00', '2020-12-14 20:05:56', '2020-12-14 20:05:56'),
(989, 4, '2020-12-15', '0.00', '2020-12-15 20:03:23', '2020-12-15 20:03:23'),
(990, 1, '2020-12-15', '0.00', '2020-12-15 20:03:23', '2020-12-15 20:03:23'),
(994, 4, '2020-12-16', '0.00', '2020-12-16 20:25:49', '2020-12-16 20:25:49'),
(995, 6, '2020-12-16', '0.00', '2020-12-16 20:25:49', '2020-12-16 20:25:49'),
(996, 1, '2020-12-16', '0.00', '2020-12-16 20:25:49', '2020-12-16 20:25:49'),
(1001, 4, '2020-12-17', '0.00', '2020-12-17 20:32:06', '2020-12-17 20:32:06'),
(1002, 1, '2020-12-17', '0.00', '2020-12-17 20:32:06', '2020-12-17 20:32:06'),
(1013, 4, '2020-12-18', '0.00', '2020-12-18 20:18:35', '2020-12-18 20:18:35'),
(1014, 6, '2020-12-18', '0.00', '2020-12-18 20:18:35', '2020-12-18 20:18:35'),
(1015, 1, '2020-12-18', '0.00', '2020-12-18 20:18:35', '2020-12-18 20:18:35'),
(1020, 4, '2020-12-19', '0.00', '2020-12-19 20:18:51', '2020-12-19 20:18:51'),
(1021, 6, '2020-12-19', '0.00', '2020-12-19 20:18:51', '2020-12-19 20:18:51'),
(1022, 1, '2020-12-19', '0.00', '2020-12-19 20:18:51', '2020-12-19 20:18:51'),
(1023, 4, '2020-12-21', '0.00', '2020-12-21 20:12:51', '2020-12-21 20:12:51'),
(1024, 6, '2020-12-21', '0.00', '2020-12-21 20:12:51', '2020-12-21 20:12:51'),
(1025, 1, '2020-12-21', '0.00', '2020-12-21 20:12:51', '2020-12-21 20:12:51'),
(1044, 4, '2020-12-22', '0.00', '2020-12-22 20:00:05', '2020-12-22 20:00:05'),
(1045, 6, '2020-12-22', '0.00', '2020-12-22 20:00:05', '2020-12-22 20:00:05'),
(1046, 1, '2020-12-22', '0.00', '2020-12-22 20:00:05', '2020-12-22 20:00:05'),
(1047, 4, '2020-12-23', '0.00', '2020-12-23 20:37:27', '2020-12-23 20:37:27'),
(1048, 6, '2020-12-23', '0.00', '2020-12-23 20:37:27', '2020-12-23 20:37:27'),
(1049, 1, '2020-12-23', '0.00', '2020-12-23 20:37:27', '2020-12-23 20:37:27'),
(1053, 4, '2020-12-24', '0.00', '2020-12-24 18:18:40', '2020-12-24 18:18:40'),
(1054, 6, '2020-12-24', '0.00', '2020-12-24 18:18:40', '2020-12-24 18:18:40'),
(1055, 1, '2020-12-24', '0.00', '2020-12-24 18:18:40', '2020-12-24 18:18:40'),
(1062, 6, '2020-12-26', '0.00', '2020-12-26 20:10:45', '2020-12-26 20:10:45'),
(1063, 1, '2020-12-26', '0.00', '2020-12-26 20:10:45', '2020-12-26 20:10:45'),
(1069, 4, '2020-12-28', '0.00', '2020-12-28 20:37:57', '2020-12-28 20:37:57'),
(1070, 1, '2020-12-28', '0.00', '2020-12-28 20:37:57', '2020-12-28 20:37:57'),
(1071, 4, '2020-12-29', '0.00', '2020-12-29 20:20:29', '2020-12-29 20:20:29'),
(1072, 6, '2020-12-29', '0.00', '2020-12-29 20:20:29', '2020-12-29 20:20:29'),
(1073, 1, '2020-12-29', '0.00', '2020-12-29 20:20:29', '2020-12-29 20:20:29'),
(1080, 4, '2020-12-30', '0.00', '2020-12-30 20:06:45', '2020-12-30 20:06:45'),
(1081, 6, '2020-12-30', '0.00', '2020-12-30 20:06:45', '2020-12-30 20:06:45'),
(1082, 1, '2020-12-30', '0.00', '2020-12-30 20:06:45', '2020-12-30 20:06:45'),
(1086, 4, '2020-12-31', '0.00', '2020-12-31 20:11:55', '2020-12-31 20:11:55'),
(1087, 6, '2020-12-31', '0.00', '2020-12-31 20:11:55', '2020-12-31 20:11:55'),
(1088, 1, '2020-12-31', '0.00', '2020-12-31 20:11:55', '2020-12-31 20:11:55');

-- --------------------------------------------------------

--
-- Estructura de tabla para la tabla `permisos`
--

DROP TABLE IF EXISTS `permisos`;
CREATE TABLE IF NOT EXISTS `permisos` (
  `id` int(11) NOT NULL AUTO_INCREMENT,
  `nombre` varchar(50) DEFAULT NULL,
  `created_at` datetime DEFAULT NULL,
  `updated_at` datetime DEFAULT NULL,
  PRIMARY KEY (`id`)
) ENGINE=InnoDB AUTO_INCREMENT=15 DEFAULT CHARSET=utf8;

--
-- Volcado de datos para la tabla `permisos`
--

INSERT INTO `permisos` (`id`, `nombre`, `created_at`, `updated_at`) VALUES
(1, 'Dashboard', '2020-07-28 10:10:57', '2020-07-28 10:10:57'),
(2, 'Citas', '2020-07-28 10:10:57', '2020-07-28 10:10:57'),
(3, 'Ventas', '2020-07-28 10:10:57', '2020-07-28 10:10:57'),
(4, 'Gastos', '2020-07-28 10:10:57', '2020-07-28 10:10:57'),
(5, 'Caja', '2020-07-28 10:10:57', '2020-07-28 10:10:57'),
(6, 'Clientes', '2020-07-28 10:10:57', '2020-07-28 10:10:57'),
(7, 'Compras', '2020-07-28 10:10:57', '2020-07-28 10:10:57'),
(8, 'Proveedores', '2020-07-28 10:10:57', '2020-07-28 10:10:57'),
(9, 'Almacén', '2020-07-28 10:10:57', '2020-07-28 10:10:57'),
(10, 'Servicios', '2020-07-28 10:10:57', '2020-07-28 10:10:57'),
(11, 'Asignaciones', '2020-07-28 10:10:57', '2020-07-28 10:10:57'),
(12, 'Reportes', '2020-07-28 10:10:57', '2020-07-28 10:10:57'),
(13, 'Configuración', '2020-07-28 10:10:57', '2020-07-28 10:10:57'),
(14, 'Consumos Internos', '2020-08-01 13:21:08', '2020-08-01 13:21:08');

-- --------------------------------------------------------

--
-- Estructura de tabla para la tabla `productos`
--

DROP TABLE IF EXISTS `productos`;
CREATE TABLE IF NOT EXISTS `productos` (
  `id` int(11) NOT NULL AUTO_INCREMENT,
  `categoria` int(11) DEFAULT NULL,
  `nombre` varchar(100) DEFAULT NULL,
  `precio` decimal(10,2) DEFAULT NULL,
  `stock` int(11) DEFAULT NULL,
  `activo` tinyint(1) DEFAULT NULL,
  `unidad_medida` int(11) DEFAULT NULL,
  `comision_barbero` int(11) DEFAULT 25,
  `created_at` datetime DEFAULT NULL,
  `updated_at` datetime DEFAULT NULL,
  PRIMARY KEY (`id`),
  KEY `fk_productos_productos_categorias` (`categoria`),
  KEY `fk_productos_unidades_medida` (`unidad_medida`)
) ENGINE=InnoDB AUTO_INCREMENT=102 DEFAULT CHARSET=utf8;

--
-- Volcado de datos para la tabla `productos`
--

INSERT INTO `productos` (`id`, `categoria`, `nombre`, `precio`, `stock`, `activo`, `unidad_medida`, `comision_barbero`, `created_at`, `updated_at`) VALUES
(1, 1, 'MINOXIDIL', '70.00', 0, 1, 2, 25, '2020-06-30 14:25:35', '2020-08-07 15:53:57'),
(2, 1, 'ALCOHOL 96 °  100ml', '18.00', 7, 1, 2, 0, '2020-07-04 09:40:54', '2020-08-19 13:34:36'),
(3, 2, 'PEINE DE CARBON', '20.00', 0, 1, 2, 25, '2020-07-15 10:52:50', '2020-08-05 12:33:33'),
(4, 1, 'BLACK GEL ROLDA 250GR', '20.00', 17, 1, 2, 25, '2020-07-15 10:53:17', '2020-08-20 17:27:51'),
(5, 2, 'BOTA PELO PROFESIONAL', '20.00', 2, 1, 2, 25, '2020-08-03 07:10:58', '2020-08-04 18:36:17'),
(6, 2, 'BOTA PELO NEGRO', '15.00', 2, 1, 2, 25, '2020-08-03 07:11:36', '2020-08-04 18:36:17'),
(7, 2, 'BOTA PELO DEDAL', '10.00', 2, 1, 2, 25, '2020-08-03 07:12:22', '2020-08-04 18:36:17'),
(8, 2, 'PEINE ANDIS', '15.00', 2, 1, 2, 10, '2020-08-03 07:17:04', '2020-08-07 16:26:55'),
(9, 3, 'NAVAJA DORADA BEARD ALFA', '130.00', 1, 1, 2, 10, '2020-08-03 07:17:57', '2020-08-07 16:25:39'),
(10, 4, 'GUANTE DE VINILO L', '35.00', 10, 1, 1, 0, '2020-08-03 07:20:45', '2020-08-07 16:20:33'),
(11, 4, 'GUANTE DE VINILO M', '35.00', 7, 1, 1, 0, '2020-08-03 07:21:04', '2020-08-07 15:56:17'),
(12, 1, 'BLACK GEL ROLDA 500GR', '35.00', 0, 1, 2, 20, '2020-08-03 07:22:44', '2020-10-12 14:58:35'),
(13, 4, 'GUANTE DE NITRILO ROSADO S', '60.00', 0, 1, 1, 25, '2020-08-03 07:23:42', '2020-08-11 12:41:52'),
(14, 4, 'GUANTE DE NITRILO CELESTE S', '60.00', 0, 1, 1, 0, '2020-08-03 07:24:04', '2020-08-20 18:46:12'),
(15, 1, 'LACA BANDIDO', '40.00', 1, 1, 2, 15, '2020-08-03 07:24:25', '2020-08-10 16:39:32'),
(16, 5, 'LENTES PROTECTORES', '12.00', 2, 1, 2, 0, '2020-08-03 07:25:53', '2020-08-07 16:18:30'),
(17, 1, 'TALCO PINAUD 500GR', '0.00', 8, 1, 2, 25, '2020-08-03 07:26:25', '2020-08-04 17:19:51'),
(18, 1, 'TALCO PINAUD 250GR', '0.00', 1, 1, 2, 25, '2020-08-03 07:26:44', '2020-08-04 17:19:51'),
(19, 5, 'PROTECTOR FACIAL', '25.00', 2, 1, 2, 0, '2020-08-03 07:27:12', '2020-08-07 16:14:57'),
(20, 1, 'ACEITE DE COCO', '15.00', 3, 1, 2, 10, '2020-08-03 07:27:33', '2020-08-07 16:13:54'),
(21, 1, 'PROTECTOR TERMICO', '28.00', 0, 1, 2, 20, '2020-08-03 07:28:56', '2020-08-07 16:13:20'),
(22, 1, 'AFTER SHAVE BEARD ALFA 250GR', '25.00', 8, 1, 2, 20, '2020-08-03 07:29:48', '2020-08-21 19:08:46'),
(23, 1, 'ESPUMA BEARD ALFA 250GR', '30.00', 0, 1, 2, 0, '2020-08-03 07:31:12', '2020-08-07 16:11:49'),
(24, 5, 'MASCARILLA DESECHABLE', '50.00', 3, 1, 1, 0, '2020-08-03 07:32:37', '2020-08-19 13:35:09'),
(25, 1, 'MASCARILLA DE BARRO', '10.00', 1, 1, 2, 20, '2020-08-03 07:33:52', '2020-08-07 16:11:03'),
(26, 3, 'TIJERAS SIMPLES', '50.00', 2, 1, 2, 0, '2020-08-03 07:34:36', '2020-08-07 16:10:06'),
(27, 4, 'ALCOHOL EN GEL 500ML', '15.00', 5, 1, 2, 0, '2020-08-03 09:00:53', '2020-08-07 16:09:51'),
(28, 3, 'DORCO BLUE', '20.00', 6, 1, 4, 0, '2020-08-03 09:25:31', '2020-08-07 16:09:26'),
(37, 3, 'DORCO PRIME', '2.50', 2, 1, 2, 0, '2020-08-03 09:52:08', '2020-08-22 11:59:09'),
(38, 1, 'VITANE', '25.00', 0, 1, 2, 0, '2020-08-03 09:52:31', '2020-08-07 16:08:40'),
(39, 1, 'CERA MOLDEADORA ROLDA', '60.00', 6, 1, 2, 15, '2020-08-03 09:55:03', '2020-08-22 18:38:12'),
(40, 1, 'NECK PAPER', '20.00', 3, 1, 4, 0, '2020-08-03 09:55:54', '2020-08-19 13:51:00'),
(45, 5, 'TERMOMETRO', '300.00', 2, 1, 2, 0, '2020-08-03 11:37:33', '2020-08-07 16:04:07'),
(46, 2, 'ATOMIZADOR', '15.00', 1, 1, 2, 0, '2020-08-03 11:37:59', '2020-08-11 17:19:52'),
(47, 2, 'PEINE NANOTHERMIC CERAMIC +ION', '40.00', 1, 1, 2, 0, '2020-08-04 18:46:43', '2020-08-07 16:06:48'),
(48, 2, 'PEINE SPEED XL', '40.00', 1, 1, 2, 0, '2020-08-04 18:47:08', '2020-08-07 16:06:35'),
(49, 2, 'BOTA PELO CLASICO', '10.00', 0, 1, 2, 0, '2020-08-07 09:43:15', '2020-08-07 16:06:16'),
(51, 1, 'BARBER BY MARMARA #14 PREMIUN 400ML', '35.00', 0, 1, 2, 0, '2020-08-07 09:55:28', '2020-08-19 11:05:34'),
(52, 1, 'BARBER BY MARMARA #13 PREMIUN 400ML', '35.00', 0, 1, 2, 0, '2020-08-07 09:56:02', '2020-08-19 11:05:23'),
(53, 1, 'SHAMPO VITANE', '30.00', 0, 1, 2, 0, '2020-08-10 19:01:43', '2020-08-10 19:02:47'),
(54, 1, 'GUMMY WAX EXTRA GLOSS 150ML', '25.00', 0, 1, 2, 15, '2020-08-12 18:57:11', '2020-08-12 18:57:11'),
(55, 1, 'GUMMY WAX HARD FINISH 150ML', '25.00', 0, 1, 2, 15, '2020-08-12 18:57:58', '2020-08-12 18:57:58'),
(56, 1, 'GEL DE AFEITADO HIDRATANTE 1000GR', '70.00', 1, 1, 2, 10, '2020-08-14 18:07:59', '2020-08-19 11:06:06'),
(57, 1, 'ESPONJA LIMPIEZA FACIAL', '4.00', 15, 1, 2, 0, '2020-08-19 13:46:20', '2020-08-19 13:52:22'),
(59, 2, 'MASCARILLA NEGRA ALOE VERA 120GR', '0.00', 0, 1, NULL, 25, '2020-09-07 09:36:26', '2020-09-07 09:36:26'),
(60, 1, 'MASCARILLA NEGRA BARRO MARINO 120GR', '0.00', 0, 1, NULL, 25, '2020-09-07 09:37:37', '2020-09-07 09:37:37'),
(61, 4, 'GORRO DESCARTABLE', '0.00', 0, 1, NULL, 25, '2020-09-07 09:46:00', '2020-09-07 09:46:00'),
(62, 4, 'ALCOHOL PURO 70° x 1000 ML', '0.00', 0, 1, NULL, 25, '2020-09-14 15:49:27', '2020-09-14 15:49:27'),
(63, 1, 'BARBER BY MARMARA #1 PREMIUN 500ML', '0.00', 0, 1, NULL, 25, '2020-09-14 15:50:38', '2020-09-14 15:50:38'),
(64, 1, 'BARBER BY MARMARA #2 PREMIUN 500ML', '0.00', 0, 1, NULL, 25, '2020-09-14 15:52:11', '2020-09-14 15:52:11'),
(65, 1, 'BARBER BY MARMARA #3 PREMIUN 500ML', '0.00', 0, 1, NULL, 25, '2020-09-14 15:52:57', '2020-09-14 15:52:57'),
(66, 3, 'SLIMLINE PRO LI', '0.00', 0, 1, NULL, 25, '2020-09-16 16:32:33', '2020-09-16 16:32:33'),
(67, 2, 'BARBERGEEKS WHITE AND GOLD NAVAJA', '0.00', 0, 1, NULL, 25, '2020-09-17 11:16:32', '2020-09-17 11:16:32'),
(68, 5, 'GUANTE DE NITRILO COBALTO TALLA S', '0.00', 0, 1, NULL, 25, '2020-09-19 12:03:29', '2020-09-19 12:03:29'),
(69, 1, 'LAN THERMIC X 250 ML', '0.00', 0, 1, NULL, 25, '2020-09-26 12:06:28', '2020-09-26 12:06:28'),
(70, 3, 'WHAL SENIOR INALAMBRICA', '0.00', 0, 1, NULL, 25, '2020-10-12 14:52:06', '2020-10-12 14:52:06'),
(71, 3, 'WAHL ACEITE 118ML', '0.00', 0, 1, NULL, 25, '2020-10-16 12:08:12', '2020-10-16 12:08:12'),
(72, 2, 'ANDIS COOL CAREPLUS 15.5OZ', '0.00', 0, 1, NULL, 25, '2020-10-16 12:10:14', '2020-10-16 12:10:14'),
(73, 5, 'MOD CLEAN PODS', '0.00', 0, 1, NULL, 25, '2020-10-29 09:20:42', '2020-10-29 09:20:42'),
(74, 3, 'WAHL GUIDE #1/2', '0.00', 0, 1, NULL, 25, '2020-10-29 09:21:33', '2020-10-29 09:21:33'),
(75, 3, 'ANDIS REPLACEMENT FOIL', '0.00', 0, 1, NULL, 25, '2020-10-29 09:22:15', '2020-10-29 09:22:15'),
(76, 3, 'MAGIC CLIP', '0.00', 0, 1, NULL, 25, '2020-11-10 07:08:23', '2020-11-10 07:08:23'),
(77, 3, 'PROFOIL LITHIUM', '0.00', 0, 1, NULL, 25, '2020-11-10 07:08:52', '2020-11-10 07:08:52'),
(78, 3, 'SECADORA BARBER DRYER', '0.00', 0, 1, NULL, 25, '2020-11-10 07:09:08', '2020-11-10 07:09:08'),
(79, 3, 'NAVAJA NEGRA', '0.00', 0, 1, NULL, 25, '2020-11-10 07:09:47', '2020-11-10 07:09:47'),
(80, 3, 'SET DE PEINETAS 1-8', '0.00', 0, 1, NULL, 25, '2020-11-10 07:10:18', '2020-11-10 07:10:18'),
(81, 3, 'WAHL GUIDE # 1 1/2', '0.00', 0, 1, NULL, 25, '2020-11-10 07:10:49', '2020-11-10 07:10:49'),
(82, 3, 'CEPILLO CHICO NEGRO', '0.00', 0, 1, NULL, 25, '2020-11-10 07:12:03', '2020-11-10 07:12:03'),
(83, 3, 'WHAL SENIOR ALAMBRICA', '0.00', 0, 1, NULL, 25, '2020-11-10 07:12:38', '2020-11-10 07:12:38'),
(84, 3, 'T-OUTLINER', '0.00', 0, 1, NULL, 25, '2020-11-10 07:13:19', '2020-11-10 07:13:19'),
(85, 3, 'ENVASE DESINFENTADOR', '0.00', 0, 1, NULL, 25, '2020-11-10 07:14:09', '2020-11-10 07:14:09'),
(86, 3, 'TIJERA ENTRESACADORA', '0.00', 0, 1, NULL, 25, '2020-11-10 07:33:12', '2020-11-10 07:33:12'),
(87, 1, 'BLACK BRILLANTINE WAX', '0.00', 0, 1, NULL, 25, '2020-12-04 15:45:00', '2020-12-04 15:45:00'),
(88, 1, 'CERA MOLDEADORA FORZA 100GR', '0.00', 0, 1, NULL, 25, '2020-12-04 15:45:47', '2020-12-04 15:51:06'),
(89, 1, 'CERA MOLDEADORA ENERGY 100GR', '0.00', 0, 1, NULL, 25, '2020-12-04 15:46:01', '2020-12-04 15:50:17'),
(90, 1, 'CERA MOLDEADORA INTENSE 100GR', '0.00', 0, 1, NULL, 25, '2020-12-04 15:46:15', '2020-12-04 15:56:42'),
(91, 1, 'CERA MOLDEADORA ACTIVE 100GR', '0.00', 0, 1, NULL, 25, '2020-12-04 15:46:43', '2020-12-04 15:47:31'),
(92, 1, 'COVER GRAYS 100GR', '0.00', 0, 1, NULL, 25, '2020-12-04 15:47:07', '2020-12-04 15:47:07'),
(93, 6, 'GASEOSA PEQUE', '0.00', 0, 1, NULL, 25, '2020-12-11 15:24:33', '2020-12-11 15:24:33'),
(94, 6, 'GASEOSA PEQUE CORTESIA', '0.00', 0, 1, NULL, 25, '2020-12-11 15:25:21', '2020-12-11 15:25:21'),
(95, 6, 'AGUA', '0.00', 0, 1, NULL, 25, '2020-12-14 15:17:05', '2020-12-14 15:17:17'),
(96, 1, 'GUMMY WAX MATTE FINISH 150ML', '0.00', 0, 1, NULL, 25, '2020-12-15 17:11:20', '2020-12-15 17:11:20'),
(97, 1, 'PROLINE', '0.00', 0, 1, NULL, 0, '2021-01-03 10:36:16', '2021-01-03 10:36:16'),
(98, 1, 'NAVAJA', '0.00', 0, 1, NULL, 0, '2021-01-03 10:36:16', '2021-01-03 10:36:16'),
(99, 1, 'JUEGO COMPLETO DE PEINETAS', '0.00', 0, 1, NULL, 0, '2021-01-03 10:36:16', '2021-01-03 10:36:16'),
(100, 1, 'TIJERA ENTRESACADORA', '0.00', 0, 1, NULL, 0, '2021-01-03 10:36:16', '2021-01-03 10:36:16'),
(101, 1, 'WHAL SENIOR', '0.00', 0, 1, NULL, 0, '2021-01-03 10:36:16', '2021-01-03 10:36:16');

-- --------------------------------------------------------

--
-- Estructura de tabla para la tabla `productos_categorias`
--

DROP TABLE IF EXISTS `productos_categorias`;
CREATE TABLE IF NOT EXISTS `productos_categorias` (
  `id` int(11) NOT NULL AUTO_INCREMENT,
  `nombre` varchar(100) DEFAULT NULL,
  `created_at` datetime DEFAULT NULL,
  `updated_at` datetime DEFAULT NULL,
  PRIMARY KEY (`id`)
) ENGINE=InnoDB AUTO_INCREMENT=7 DEFAULT CHARSET=utf8;

--
-- Volcado de datos para la tabla `productos_categorias`
--

INSERT INTO `productos_categorias` (`id`, `nombre`, `created_at`, `updated_at`) VALUES
(1, 'CUIDADO PERSONAL', '2020-06-30 14:25:12', '2020-06-30 14:25:12'),
(2, 'ACCESORIOS BARBERIA', '2020-07-15 10:51:38', '2020-07-15 10:51:38'),
(3, 'HERRAMIENTAS Y MAQUINAS', '2020-07-15 10:52:09', '2020-07-15 10:52:09'),
(4, 'INSUMOS MEDICOS', '2020-08-01 06:25:47', '2020-08-01 06:25:47'),
(5, 'BIOSEGURIDAD', '2020-08-03 07:25:30', '2020-08-03 07:25:30'),
(6, 'ALIMENTOS', '2020-12-11 15:24:17', '2020-12-11 15:24:17');

-- --------------------------------------------------------

--
-- Estructura de tabla para la tabla `productos_codigos`
--

DROP TABLE IF EXISTS `productos_codigos`;
CREATE TABLE IF NOT EXISTS `productos_codigos` (
  `id` int(11) NOT NULL AUTO_INCREMENT,
  `producto_id` int(11) DEFAULT NULL,
  `codigo` varchar(100) DEFAULT NULL,
  `created_at` datetime DEFAULT NULL,
  `updated_at` datetime DEFAULT NULL,
  PRIMARY KEY (`id`),
  KEY `fk_productos_codigos_productos` (`producto_id`)
) ENGINE=InnoDB AUTO_INCREMENT=5 DEFAULT CHARSET=utf8;

--
-- Volcado de datos para la tabla `productos_codigos`
--

INSERT INTO `productos_codigos` (`id`, `producto_id`, `codigo`, `created_at`, `updated_at`) VALUES
(3, 4, '7707342220662', '2020-08-08 09:44:25', '2020-08-08 09:44:25'),
(4, 2, '781159477270', '2020-08-19 13:34:36', '2020-08-19 13:34:36');

-- --------------------------------------------------------

--
-- Estructura de tabla para la tabla `productos_presentaciones`
--

DROP TABLE IF EXISTS `productos_presentaciones`;
CREATE TABLE IF NOT EXISTS `productos_presentaciones` (
  `id` int(11) NOT NULL AUTO_INCREMENT,
  `producto_id` int(11) DEFAULT NULL,
  `unidad_medida_id` int(11) DEFAULT NULL,
  `costo` decimal(10,2) DEFAULT NULL,
  `precio_venta` decimal(10,2) DEFAULT NULL,
  `margen_ganancia` decimal(10,2) DEFAULT 0.00,
  `comision_barbero` int(11) DEFAULT 0,
  `stock` int(11) DEFAULT 0,
  `puede_vender` tinyint(1) DEFAULT 0,
  `puede_comprar` tinyint(1) DEFAULT 0,
  `puede_asignar` tinyint(1) DEFAULT 0,
  `puede_consumir` tinyint(1) DEFAULT 0,
  `created_at` datetime DEFAULT NULL,
  `updated_at` datetime DEFAULT NULL,
  PRIMARY KEY (`id`),
  KEY `pro_pre_producto` (`producto_id`),
  KEY `pro_pre_unidad_medida` (`unidad_medida_id`)
) ENGINE=InnoDB AUTO_INCREMENT=102 DEFAULT CHARSET=utf8;

--
-- Volcado de datos para la tabla `productos_presentaciones`
--

INSERT INTO `productos_presentaciones` (`id`, `producto_id`, `unidad_medida_id`, `costo`, `precio_venta`, `margen_ganancia`, `comision_barbero`, `stock`, `puede_vender`, `puede_comprar`, `puede_asignar`, `puede_consumir`, `created_at`, `updated_at`) VALUES
(1, 1, 2, '45.00', '70.00', '0.56', 10, 0, 0, 0, 0, 0, '2020-08-23 08:44:15', '2020-09-09 09:29:37'),
(2, 2, 2, '10.00', '16.00', '0.60', 0, 0, 0, 0, 0, 0, '2020-08-23 08:44:15', '2020-09-09 09:28:33'),
(3, 3, 2, '15.00', '20.00', '0.33', 0, 0, 0, 0, 0, 0, '2020-08-23 08:44:15', '2020-09-09 09:28:02'),
(4, 4, 2, '9.00', '20.00', '1.22', 25, 5, 0, 0, 0, 0, '2020-08-23 08:44:15', '2020-12-31 15:22:40'),
(5, 5, 2, '15.34', '20.00', '0.30', 0, 3, 0, 0, 0, 0, '2020-08-23 08:44:15', '2020-11-10 07:37:09'),
(6, 6, 2, '7.00', '15.00', '1.14', 0, 4, 0, 0, 0, 0, '2020-08-23 08:44:15', '2020-11-10 07:37:09'),
(7, 7, 2, '5.00', '10.00', '1.00', 0, 3, 0, 0, 0, 0, '2020-08-23 08:44:15', '2020-11-10 07:37:09'),
(8, 8, 2, '10.00', '15.00', '0.50', 0, 1, 0, 0, 0, 0, '2020-08-23 08:44:15', '2020-11-19 17:58:51'),
(9, 9, 2, '130.00', '140.00', '0.08', 0, 0, 0, 0, 0, 0, '2020-08-23 08:44:15', '2020-11-02 12:18:58'),
(10, 10, 1, '30.00', '35.00', '0.17', 0, 9, 0, 0, 0, 0, '2020-08-23 08:44:15', '2020-10-12 15:26:06'),
(11, 11, 1, '30.00', '35.00', '0.17', 0, 6, 0, 0, 0, 0, '2020-08-23 08:44:15', '2020-10-06 10:36:51'),
(12, 12, 2, '35.00', '40.00', '0.14', 10, 1, 0, 0, 0, 0, '2020-08-23 08:44:15', '2020-12-30 10:35:16'),
(13, 13, 1, '25.00', '60.00', '1.40', 25, 1, 0, 0, 0, 0, '2020-08-23 08:44:15', '2020-12-23 10:32:20'),
(14, 14, 1, '12.00', '60.00', '4.00', 0, 0, 0, 0, 0, 0, '2020-08-23 08:44:15', '2020-09-07 10:48:22'),
(15, 15, 2, '12.50', '40.00', '2.20', 15, 6, 0, 0, 0, 0, '2020-08-23 08:44:15', '2021-01-02 11:46:11'),
(16, 16, 2, '9.17', '12.00', '0.31', 0, 2, 0, 0, 0, 0, '2020-08-23 08:44:15', '2020-10-06 10:36:51'),
(17, 17, 2, '20.00', '35.00', '0.75', 0, 6, 0, 0, 0, 0, '2020-08-23 08:44:15', '2020-10-22 18:08:34'),
(18, 18, 2, '12.00', '23.00', '0.92', 0, 0, 0, 0, 0, 0, '2020-08-23 08:44:15', '2020-12-23 13:25:14'),
(19, 19, 2, '17.50', '10.00', '-0.43', 0, 2, 0, 0, 0, 0, '2020-08-23 08:44:15', '2020-10-06 10:36:51'),
(20, 20, 2, '12.50', '15.00', '0.20', 0, 2, 1, 1, 1, 1, '2020-08-23 08:44:15', '2021-12-19 23:40:06'),
(21, 21, 2, '27.00', '28.00', '0.04', 0, 0, 0, 0, 0, 0, '2020-08-23 08:44:15', '2020-09-07 10:35:47'),
(22, 22, 2, '15.00', '25.00', '0.67', 0, 1, 0, 0, 0, 0, '2020-08-23 08:44:15', '2020-12-10 18:24:48'),
(23, 23, 2, '15.00', '30.00', '1.00', 0, 0, 0, 0, 0, 0, '2020-08-23 08:44:15', '2020-09-07 10:33:42'),
(24, 24, 1, '23.32', '50.00', '1.14', 0, 2, 0, 0, 0, 0, '2020-08-23 08:44:15', '2020-12-19 15:15:30'),
(25, 25, 2, '8.00', '10.00', '0.25', 10, 0, 0, 0, 0, 0, '2020-08-23 08:44:15', '2020-12-23 19:30:33'),
(26, 26, 2, '50.00', '50.00', '0.00', 0, 3, 0, 0, 0, 0, '2020-08-23 08:44:15', '2020-11-10 07:37:09'),
(27, 27, 2, '15.00', '15.00', '0.00', 0, 4, 0, 0, 0, 0, '2020-08-23 08:44:15', '2020-10-06 10:36:51'),
(28, 28, 4, '16.00', '20.00', '0.25', 0, 2, 0, 0, 0, 0, '2020-08-23 08:44:15', '2020-12-30 11:32:59'),
(37, 37, 2, '2.00', '2.50', '0.25', 0, 0, 0, 0, 0, 0, '2020-08-23 08:44:15', '2021-01-02 11:41:40'),
(38, 38, 2, '20.00', '25.00', '0.25', 0, 0, 0, 0, 0, 0, '2020-08-23 08:44:15', '2020-09-07 10:21:37'),
(39, 39, 2, '30.00', '60.00', '1.00', 20, 3, 0, 0, 0, 0, '2020-08-23 08:44:15', '2020-10-19 17:26:25'),
(40, 40, 4, '12.50', '20.00', '0.60', 0, 1, 0, 0, 0, 0, '2020-08-23 08:44:15', '2020-11-03 15:41:40'),
(45, 45, 2, '270.00', '290.00', '0.07', 0, 1, 0, 0, 0, 0, '2020-08-23 08:44:15', '2020-10-06 10:36:51'),
(46, 46, 2, '10.00', '15.00', '0.50', 0, 7, 0, 0, 0, 0, '2020-08-23 08:44:15', '2020-10-06 10:36:51'),
(47, 47, 2, '30.00', '40.00', '0.33', 0, 1, 0, 0, 0, 0, '2020-08-23 08:44:15', '2020-10-06 10:36:51'),
(48, 48, 2, '30.00', '40.00', '0.33', 0, 0, 0, 0, 0, 0, '2020-08-23 08:44:15', '2020-10-09 18:41:14'),
(49, 49, 2, '8.00', '10.00', '0.25', 0, 0, 0, 0, 0, 0, '2020-08-23 08:44:15', '2020-09-07 10:14:29'),
(51, 51, 2, '25.00', '60.00', '1.40', 0, 0, 0, 0, 0, 0, '2020-08-23 08:44:15', '2020-09-09 12:36:17'),
(52, 52, 2, '25.00', '60.00', '1.40', 0, 0, 0, 0, 0, 0, '2020-08-23 08:44:15', '2020-09-09 12:35:57'),
(53, 53, 2, '30.00', '30.00', '0.00', 0, 0, 0, 0, 0, 0, '2020-08-23 08:44:15', '2020-08-23 08:44:15'),
(54, 54, 2, '13.00', '40.00', '2.08', 15, 2, 0, 0, 0, 0, '2020-08-23 08:44:15', '2020-12-16 19:01:31'),
(55, 55, 2, '13.00', '40.00', '2.08', 15, 5, 0, 0, 0, 0, '2020-08-23 08:44:15', '2020-12-24 18:00:07'),
(56, 56, 2, '57.00', '80.00', '0.40', 10, 0, 0, 0, 0, 0, '2020-08-23 08:44:15', '2020-10-12 15:48:16'),
(57, 57, 2, '4.00', '4.00', '0.00', 0, 15, 0, 0, 0, 0, '2020-08-23 08:44:15', '2020-10-06 10:36:51'),
(58, 40, 2, '2.50', '5.00', '1.00', 0, 1, 0, 0, 0, 0, '2020-08-29 12:48:45', '2020-12-29 16:56:58'),
(59, 60, 2, '13.00', '28.00', '1.15', 15, 7, 0, 0, 0, 0, '2020-09-07 09:38:32', '2020-11-13 15:41:57'),
(60, 59, 2, '13.00', '28.00', '1.15', 15, 3, 0, 0, 0, 0, '2020-09-07 09:39:34', '2020-12-30 19:16:47'),
(61, 61, 1, '23.00', '35.00', '0.52', 0, 5, 0, 0, 0, 0, '2020-09-07 09:47:07', '2020-10-06 10:36:51'),
(62, 62, 2, '9.00', '18.00', '1.00', 0, 10, 0, 0, 0, 0, '2020-09-14 15:49:51', '2020-12-30 10:51:54'),
(63, 63, 2, '15.00', '40.00', '1.67', 10, 2, 0, 0, 0, 0, '2020-09-14 15:51:50', '2020-12-04 19:38:02'),
(64, 64, 2, '15.00', '40.00', '1.67', 10, 2, 0, 0, 0, 0, '2020-09-14 15:52:38', '2020-12-04 19:36:18'),
(65, 65, 2, '15.00', '40.00', '1.67', 10, 3, 0, 0, 0, 0, '2020-09-14 15:53:46', '2020-12-04 19:36:31'),
(66, 66, 2, '270.00', '285.00', '0.06', 0, 2, 0, 0, 0, 0, '2020-09-16 16:36:51', '2020-12-11 18:39:36'),
(67, 67, 2, '130.00', '140.00', '0.08', 0, 2, 0, 0, 0, 0, '2020-09-17 11:17:09', '2020-11-10 07:27:44'),
(68, 68, 2, '45.00', '55.00', '0.22', 0, 0, 0, 0, 0, 0, '2020-09-19 12:21:38', '2020-11-09 18:02:30'),
(69, 69, 2, '13.00', '16.00', '0.23', 0, 3, 0, 0, 0, 0, '2020-09-26 12:07:08', '2020-10-12 12:27:17'),
(70, 70, 2, '590.00', '620.00', '0.05', 0, 3, 0, 0, 0, 0, '2020-10-12 14:57:02', '2020-11-10 07:37:09'),
(71, 71, 2, '10.00', '16.00', '0.60', 0, 0, 0, 0, 0, 0, '2020-10-16 12:08:56', '2020-11-02 12:18:58'),
(72, 72, 2, '28.00', '40.00', '0.43', 0, 0, 0, 0, 0, 0, '2020-10-16 12:10:36', '2020-12-28 12:23:18'),
(73, 74, 2, '15.00', '30.00', '1.00', 0, 3, 0, 0, 0, 0, '2020-10-29 09:24:50', '2020-11-10 07:37:09'),
(74, 75, 2, '65.00', '85.00', '0.31', 0, 0, 0, 0, 0, 0, '2020-10-29 09:25:42', '2020-10-29 17:28:45'),
(75, 73, 2, '3.00', '5.00', '0.67', 0, 0, 0, 0, 0, 0, '2020-10-29 09:26:28', '2020-10-29 17:33:23'),
(76, 82, 2, '10.00', '15.00', '0.50', 0, 0, 0, 0, 0, 0, '2020-11-10 07:14:36', '2020-11-10 07:14:36'),
(77, 85, 2, '40.00', '50.00', '0.25', 0, 2, 0, 0, 0, 0, '2020-11-10 07:15:06', '2020-11-10 07:37:09'),
(78, 79, 2, '50.00', '60.00', '0.20', 0, 2, 0, 0, 0, 0, '2020-11-10 07:15:45', '2020-11-10 07:37:09'),
(79, 77, 2, '250.00', '295.00', '0.18', 0, 3, 0, 0, 0, 0, '2020-11-10 07:16:14', '2020-11-10 07:37:09'),
(80, 78, 2, '80.00', '100.00', '0.25', 0, 3, 0, 0, 0, 0, '2020-11-10 07:21:46', '2020-11-10 07:37:09'),
(81, 80, 2, '65.00', '85.00', '0.31', 0, 3, 0, 0, 0, 0, '2020-11-10 07:22:15', '2020-11-10 07:37:09'),
(82, 84, 2, '200.00', '250.00', '0.25', 0, 2, 0, 0, 0, 0, '2020-11-10 07:22:49', '2020-11-10 07:37:09'),
(83, 81, 2, '30.00', '40.00', '0.33', 0, 3, 0, 0, 0, 0, '2020-11-10 07:23:14', '2020-11-10 07:37:09'),
(84, 83, 2, '400.00', '450.00', '0.13', 0, 1, 0, 0, 0, 0, '2020-11-10 07:23:38', '2020-11-10 07:37:09'),
(85, 76, 2, '400.00', '450.00', '0.13', 0, 2, 0, 0, 0, 0, '2020-11-10 07:23:58', '2020-11-10 07:37:09'),
(86, 86, 2, '30.00', '40.00', '0.33', 0, 3, 0, 0, 0, 0, '2020-11-10 07:33:37', '2020-11-10 07:37:09'),
(87, 91, 2, '30.00', '45.00', '0.50', 10, 1, 0, 0, 0, 0, '2020-12-04 15:49:57', '2020-12-04 15:58:40'),
(88, 89, 2, '30.00', '45.00', '0.50', 10, 1, 0, 0, 0, 0, '2020-12-04 15:50:42', '2020-12-04 15:58:40'),
(89, 88, 2, '30.00', '45.00', '0.50', 10, 1, 0, 0, 0, 0, '2020-12-04 15:51:37', '2020-12-04 15:58:40'),
(90, 92, 2, '40.00', '55.00', '0.38', 9, 1, 0, 0, 0, 0, '2020-12-04 15:52:52', '2020-12-30 11:39:40'),
(91, 87, 2, '40.00', '55.00', '0.38', 9, 1, 0, 0, 0, 0, '2020-12-04 15:54:55', '2020-12-04 15:58:40'),
(92, 90, 2, '30.00', '45.00', '0.50', 10, 1, 0, 0, 0, 0, '2020-12-04 15:57:06', '2020-12-04 15:58:40'),
(93, 93, 2, '1.00', '1.50', '0.50', 0, 4, 0, 0, 0, 0, '2020-12-11 15:25:02', '2020-12-18 19:46:49'),
(94, 94, 2, '1.00', '0.00', '-1.00', 0, 0, 0, 0, 0, 0, '2020-12-11 15:25:42', '2020-12-21 12:12:31'),
(95, 95, 2, '1.00', '2.00', '1.00', 0, 5, 1, 0, 0, 0, '2020-12-14 15:17:32', '2021-12-19 23:40:06'),
(96, 96, 2, '13.00', '40.00', '2.08', 15, 6, 0, 0, 0, 0, '2020-12-15 17:13:33', '2020-12-15 17:14:14'),
(97, 97, 2, '0.00', '0.00', '0.00', 0, 0, 0, 0, 1, 0, '2021-01-03 10:44:22', '2021-01-03 10:44:22'),
(98, 98, 2, '0.00', '0.00', '0.00', 0, 6, 0, 0, 1, 0, '2021-01-03 10:44:22', '2021-01-03 12:15:56'),
(99, 99, 2, '0.00', '0.00', '0.00', 0, 0, 0, 0, 0, 0, '2021-01-03 10:44:22', '2021-01-03 10:44:22'),
(100, 100, 2, '0.00', '0.00', '0.00', 0, 0, 0, 0, 1, 0, '2021-01-03 10:44:22', '2021-01-03 10:44:22'),
(101, 101, 2, '0.00', '0.00', '0.00', 0, 0, 0, 0, 1, 0, '2021-01-03 10:45:04', '2021-01-03 10:45:04');

-- --------------------------------------------------------

--
-- Estructura de tabla para la tabla `promociones`
--

DROP TABLE IF EXISTS `promociones`;
CREATE TABLE IF NOT EXISTS `promociones` (
  `id` int(11) NOT NULL AUTO_INCREMENT,
  `nombre` varchar(50) DEFAULT NULL,
  `visible` tinyint(1) DEFAULT 1,
  `especifico` tinyint(1) DEFAULT 0,
  `dsct_general` int(11) DEFAULT 0,
  `fecha_inicio` date DEFAULT NULL,
  `fecha_fin` date DEFAULT NULL,
  `created_at` datetime DEFAULT NULL,
  `updated_at` datetime DEFAULT NULL,
  PRIMARY KEY (`id`)
) ENGINE=InnoDB AUTO_INCREMENT=5 DEFAULT CHARSET=utf8;

--
-- Volcado de datos para la tabla `promociones`
--

INSERT INTO `promociones` (`id`, `nombre`, `visible`, `especifico`, `dsct_general`, `fecha_inicio`, `fecha_fin`, `created_at`, `updated_at`) VALUES
(1, 'RECOMENDACIONES', 0, 1, 0, NULL, NULL, '2020-08-27 08:53:56', '2020-08-27 08:53:56'),
(2, 'CLIENTES VIP', 0, 1, 0, NULL, NULL, '2020-08-27 08:53:56', '2020-08-27 08:53:56'),
(3, 'CUMPLEAÑOS', 0, 1, 0, NULL, NULL, '2020-08-27 22:27:16', '2020-08-27 22:27:16'),
(4, 'TRABAJADORES', 0, 1, 0, NULL, NULL, '2020-09-27 22:56:49', '2020-09-27 22:56:49');

-- --------------------------------------------------------

--
-- Estructura de tabla para la tabla `promociones_clientes`
--

DROP TABLE IF EXISTS `promociones_clientes`;
CREATE TABLE IF NOT EXISTS `promociones_clientes` (
  `id` int(11) NOT NULL AUTO_INCREMENT,
  `promocion` int(11) DEFAULT NULL,
  `cliente` int(11) DEFAULT NULL,
  `created_at` datetime DEFAULT NULL,
  `updated_at` datetime DEFAULT NULL,
  PRIMARY KEY (`id`),
  KEY `fk_promoc_cli_promocion` (`promocion`),
  KEY `fk_promoc_cli_cliente` (`cliente`)
) ENGINE=InnoDB AUTO_INCREMENT=50 DEFAULT CHARSET=utf8;

--
-- Volcado de datos para la tabla `promociones_clientes`
--

INSERT INTO `promociones_clientes` (`id`, `promocion`, `cliente`, `created_at`, `updated_at`) VALUES
(43, 4, 153, '2021-01-02 11:31:16', '2021-01-02 11:31:16'),
(44, 4, 48, '2021-01-02 11:31:16', '2021-01-02 11:31:16'),
(45, 4, 15, '2021-01-02 11:31:16', '2021-01-02 11:31:16'),
(46, 4, 550, '2021-01-02 11:31:16', '2021-01-02 11:31:16'),
(47, 4, 332, '2021-01-02 11:31:16', '2021-01-02 11:31:16'),
(48, 4, 558, '2021-01-02 11:31:16', '2021-01-02 11:31:16'),
(49, 4, 887, '2021-01-02 11:31:16', '2021-01-02 11:31:16');

-- --------------------------------------------------------

--
-- Estructura de tabla para la tabla `promociones_config`
--

DROP TABLE IF EXISTS `promociones_config`;
CREATE TABLE IF NOT EXISTS `promociones_config` (
  `id` varchar(255) NOT NULL,
  `valor` varchar(255) DEFAULT NULL,
  `promocion` int(11) DEFAULT NULL,
  `created_at` datetime DEFAULT NULL,
  `updated_at` datetime DEFAULT NULL,
  PRIMARY KEY (`id`),
  KEY `fk_promociones_config_promo` (`promocion`)
) ENGINE=InnoDB DEFAULT CHARSET=utf8;

--
-- Volcado de datos para la tabla `promociones_config`
--

INSERT INTO `promociones_config` (`id`, `valor`, `promocion`, `created_at`, `updated_at`) VALUES
('CUMPLE_DIAS_PRE', '5', 3, '2020-08-28 22:00:11', '2020-09-02 15:19:37'),
('RECOM_MIN', '3', 1, '2020-08-27 08:54:18', '2020-09-02 15:19:46'),
('VIP_MIN', '3', 2, '2020-08-27 08:54:18', '2020-08-27 08:54:18');

-- --------------------------------------------------------

--
-- Estructura de tabla para la tabla `promociones_servicios`
--

DROP TABLE IF EXISTS `promociones_servicios`;
CREATE TABLE IF NOT EXISTS `promociones_servicios` (
  `id` int(11) NOT NULL AUTO_INCREMENT,
  `promocion` int(11) DEFAULT NULL,
  `servicio` int(11) DEFAULT NULL,
  `descuento` int(11) DEFAULT NULL,
  `created_at` datetime DEFAULT NULL,
  `updated_at` datetime DEFAULT NULL,
  PRIMARY KEY (`id`),
  KEY `fk_promociones_promocion` (`promocion`),
  KEY `fk_promociones_servicio` (`servicio`)
) ENGINE=InnoDB AUTO_INCREMENT=60 DEFAULT CHARSET=utf8;

--
-- Volcado de datos para la tabla `promociones_servicios`
--

INSERT INTO `promociones_servicios` (`id`, `promocion`, `servicio`, `descuento`, `created_at`, `updated_at`) VALUES
(35, 1, 1, 25, '2020-10-01 10:53:08', '2020-10-01 10:53:08'),
(36, 1, 2, 20, '2020-10-01 10:53:08', '2020-10-01 10:53:08'),
(37, 2, 1, 25, '2020-10-01 10:53:12', '2020-10-01 10:53:12'),
(38, 2, 2, 20, '2020-10-01 10:53:12', '2020-10-01 10:53:12'),
(55, 3, 1, 25, '2020-11-04 17:28:05', '2020-11-04 17:28:05'),
(56, 3, 2, 20, '2020-11-04 17:28:05', '2020-11-04 17:28:05'),
(57, 3, 13, 25, '2020-11-04 17:28:05', '2020-11-04 17:28:05'),
(58, 4, 1, 25, '2021-01-02 11:31:16', '2021-01-02 11:31:16'),
(59, 4, 2, 20, '2021-01-02 11:31:16', '2021-01-02 11:31:16');

-- --------------------------------------------------------

--
-- Estructura de tabla para la tabla `proveedores`
--

DROP TABLE IF EXISTS `proveedores`;
CREATE TABLE IF NOT EXISTS `proveedores` (
  `id` int(11) NOT NULL AUTO_INCREMENT,
  `nombre` varchar(50) DEFAULT NULL,
  `ruc` varchar(11) DEFAULT NULL,
  `email` varchar(30) DEFAULT NULL,
  `direccion` varchar(50) DEFAULT NULL,
  `telefono` varchar(15) DEFAULT NULL,
  `activo` tinyint(1) DEFAULT NULL,
  `created_at` datetime DEFAULT NULL,
  `updated_at` datetime DEFAULT NULL,
  PRIMARY KEY (`id`)
) ENGINE=InnoDB AUTO_INCREMENT=4 DEFAULT CHARSET=utf8;

--
-- Volcado de datos para la tabla `proveedores`
--

INSERT INTO `proveedores` (`id`, `nombre`, `ruc`, `email`, `direccion`, `telefono`, `activo`, `created_at`, `updated_at`) VALUES
(1, 'BARBISHOP SAC', '11111111111', 'test@test.com', 'Test Address', '999999999', 1, '2020-07-28 10:10:57', '2020-07-28 10:10:57'),
(2, 'IAC INVERSIONES E.I.R.L.', '11111111111', 'test@test.com', 'Test Address', '999999999', 1, '2020-07-28 10:10:57', '2020-07-28 10:10:57'),
(3, 'PUNTO DE VENTA', '11111111111', 'test@test.com', 'Test Address', '999999999', 1, '2020-07-28 10:10:57', '2020-07-28 10:10:57');

-- --------------------------------------------------------

--
-- Estructura de tabla para la tabla `roles`
--

DROP TABLE IF EXISTS `roles`;
CREATE TABLE IF NOT EXISTS `roles` (
  `id` int(11) NOT NULL AUTO_INCREMENT,
  `nombre` varchar(20) DEFAULT NULL,
  `created_at` datetime DEFAULT NULL,
  `updated_at` datetime DEFAULT NULL,
  PRIMARY KEY (`id`)
) ENGINE=InnoDB AUTO_INCREMENT=4 DEFAULT CHARSET=utf8;

--
-- Volcado de datos para la tabla `roles`
--

INSERT INTO `roles` (`id`, `nombre`, `created_at`, `updated_at`) VALUES
(1, 'Administrador', '2020-07-19 11:20:39', '2020-07-19 11:20:39'),
(2, 'Secretaria', '2020-07-19 11:20:39', '2020-07-19 11:20:39'),
(3, 'Barbero', '2020-07-19 11:20:39', '2020-07-19 11:20:39');

-- --------------------------------------------------------

--
-- Estructura de tabla para la tabla `servicios`
--

DROP TABLE IF EXISTS `servicios`;
CREATE TABLE IF NOT EXISTS `servicios` (
  `id` int(11) NOT NULL AUTO_INCREMENT,
  `codigo` varchar(20) DEFAULT NULL,
  `nombre` varchar(100) DEFAULT NULL,
  `precio` decimal(10,2) DEFAULT NULL,
  `tiempo_promedio` int(11) DEFAULT NULL,
  `pago_comision` int(11) DEFAULT NULL,
  `activo` tinyint(1) DEFAULT NULL,
  `created_at` datetime DEFAULT NULL,
  `updated_at` datetime DEFAULT NULL,
  PRIMARY KEY (`id`)
) ENGINE=InnoDB AUTO_INCREMENT=16 DEFAULT CHARSET=utf8;

--
-- Volcado de datos para la tabla `servicios`
--

INSERT INTO `servicios` (`id`, `codigo`, `nombre`, `precio`, `tiempo_promedio`, `pago_comision`, `activo`, `created_at`, `updated_at`) VALUES
(1, NULL, 'CORTE CLASICO', '20.00', 35, 50, 1, '2020-06-30 14:16:35', '2020-08-03 19:41:07'),
(2, NULL, 'CORTE DEGRADADO', '25.00', 40, 50, 0, '2020-07-15 11:21:12', '2020-10-27 10:56:18'),
(3, NULL, 'PERFILADO DE BARBA', '15.00', 20, 50, 1, '2020-07-15 11:21:32', '2020-08-07 18:51:33'),
(4, NULL, 'CORTE DE BARBA', '20.00', 30, 50, 1, '2020-07-15 11:22:09', '2020-08-07 18:53:08'),
(5, NULL, 'CEJAS', '5.00', 10, 50, 1, '2020-08-01 06:35:45', '2020-08-28 17:41:38'),
(6, NULL, 'LIMPIEZA FACIAL', '20.00', 30, 50, 1, '2020-08-07 18:55:49', '2020-08-08 08:15:26'),
(7, NULL, 'CORTE CLASICO + LIMPIEZA FACIAL', '35.00', 40, 50, 1, '2020-08-08 08:13:20', '2020-08-13 08:34:37'),
(8, NULL, 'CORTE DEGRADADO + LIMPIEZA FACIAL', '40.00', 50, 50, 1, '2020-08-08 08:13:51', '2020-08-08 08:23:16'),
(9, NULL, 'LIMPIEZA FACIAL SEMIPROFUNDA', '35.00', 40, 50, 1, '2020-08-08 08:15:54', '2020-08-08 08:23:34'),
(10, NULL, 'CORTE CLASICO + PERFILADO DE BARBA', '30.00', 40, 33, 1, '2020-08-10 18:59:18', '2020-08-19 09:22:29'),
(11, NULL, 'CORTE DEGRADADO + PERFILADO DE BARBA', '35.00', 50, 33, 1, '2020-08-10 19:00:20', '2020-08-19 09:33:49'),
(12, NULL, 'APLICACION DE TINTE', '20.00', 40, 50, 1, '2020-08-15 19:21:52', '2020-08-16 17:23:06'),
(13, NULL, 'CORTE DEGRADADO PROMO', '20.00', 40, 50, 1, '2020-10-27 10:56:58', '2020-10-27 10:56:58'),
(14, NULL, 'TINTURACION DE CABELLO', '80.00', 120, 50, 1, '2020-11-10 18:03:54', '2020-11-10 18:03:54'),
(15, NULL, 'CORTE PROMO BARBERO NUEVO', '15.00', 45, 50, 1, '2020-11-11 18:34:03', '2020-11-11 18:34:03');

-- --------------------------------------------------------

--
-- Estructura de tabla para la tabla `unidades_medida`
--

DROP TABLE IF EXISTS `unidades_medida`;
CREATE TABLE IF NOT EXISTS `unidades_medida` (
  `id` int(11) NOT NULL AUTO_INCREMENT,
  `unidad` varchar(30) DEFAULT NULL,
  `factor` int(11) DEFAULT 1,
  `created_at` datetime DEFAULT NULL,
  `updated_at` datetime DEFAULT NULL,
  PRIMARY KEY (`id`)
) ENGINE=InnoDB AUTO_INCREMENT=6 DEFAULT CHARSET=utf8;

--
-- Volcado de datos para la tabla `unidades_medida`
--

INSERT INTO `unidades_medida` (`id`, `unidad`, `factor`, `created_at`, `updated_at`) VALUES
(1, 'CAJA', 1, '2020-08-03 09:20:34', '2020-08-03 09:20:34'),
(2, 'UNIDAD', 1, '2020-08-03 09:20:34', '2020-08-03 09:20:34'),
(4, 'PACK 5', 5, '2020-08-03 09:51:10', '2020-08-24 11:30:36'),
(5, 'PACK 10', 10, '2020-08-24 11:31:03', '2020-08-24 11:31:03');

-- --------------------------------------------------------

--
-- Estructura de tabla para la tabla `usuarios`
--

DROP TABLE IF EXISTS `usuarios`;
CREATE TABLE IF NOT EXISTS `usuarios` (
  `id` int(11) NOT NULL AUTO_INCREMENT,
  `nombre_display` varchar(255) DEFAULT NULL,
  `empleado` int(11) DEFAULT NULL,
  `rol` int(11) DEFAULT NULL,
  `username` varchar(20) DEFAULT NULL,
  `password` varchar(255) DEFAULT NULL,
  `activo` tinyint(1) DEFAULT NULL,
  `created_at` datetime DEFAULT NULL,
  `updated_at` datetime DEFAULT NULL,
  PRIMARY KEY (`id`),
  KEY `fk_usuarios_empleados` (`empleado`),
  KEY `fk_usuarios_rol` (`rol`)
) ENGINE=InnoDB AUTO_INCREMENT=7 DEFAULT CHARSET=utf8;

--
-- Volcado de datos para la tabla `usuarios`
--

INSERT INTO `usuarios` (`id`, `nombre_display`, `empleado`, `rol`, `username`, `password`, `activo`, `created_at`, `updated_at`) VALUES
(1, 'Usuario Admin', NULL, 1, 'admin', '@dm1n', 1, '2020-07-19 11:20:39', '2020-08-20 15:00:15'),
(2, 'CAJA', 3, 2, 'CAJA', '2569', 1, '2020-07-25 16:05:45', '2020-07-25 16:05:45'),
(3, 'DINO', 2, 3, 'dino', '123', 0, '2020-08-05 22:17:42', '2020-12-17 16:43:47'),
(4, 'RONNY', 1, 3, 'ronny', '456', 1, '2020-08-05 22:18:25', '2020-08-05 22:18:25'),
(5, 'HANYU', 4, 3, 'HANYU', 'abc123', 1, '2020-12-17 16:43:38', '2020-12-17 16:43:38'),
(6, 'JEEM', 6, 3, 'JEEM', 'abc123', 1, '2020-12-17 16:44:21', '2020-12-17 16:44:21');

-- --------------------------------------------------------

--
-- Estructura de tabla para la tabla `usuario_permisos`
--

DROP TABLE IF EXISTS `usuario_permisos`;
CREATE TABLE IF NOT EXISTS `usuario_permisos` (
  `id` int(11) NOT NULL AUTO_INCREMENT,
  `usuario_id` int(11) DEFAULT NULL,
  `permiso_id` int(11) DEFAULT NULL,
  `created_at` datetime DEFAULT NULL,
  `updated_at` datetime DEFAULT NULL,
  PRIMARY KEY (`id`),
  KEY `fk_up_usuario` (`usuario_id`),
  KEY `fk_up_permiso` (`permiso_id`)
) ENGINE=InnoDB AUTO_INCREMENT=48 DEFAULT CHARSET=utf8;

--
-- Volcado de datos para la tabla `usuario_permisos`
--

INSERT INTO `usuario_permisos` (`id`, `usuario_id`, `permiso_id`, `created_at`, `updated_at`) VALUES
(1, 1, 1, '2020-07-28 10:10:57', '2020-07-28 10:10:57'),
(2, 1, 2, '2020-07-28 10:10:57', '2020-07-28 10:10:57'),
(3, 1, 3, '2020-07-28 10:10:57', '2020-07-28 10:10:57'),
(4, 1, 4, '2020-07-28 10:10:57', '2020-07-28 10:10:57'),
(5, 1, 5, '2020-07-28 10:10:57', '2020-07-28 10:10:57'),
(6, 1, 6, '2020-07-28 10:10:57', '2020-07-28 10:10:57'),
(7, 1, 7, '2020-07-28 10:10:57', '2020-07-28 10:10:57'),
(8, 1, 8, '2020-07-28 10:10:57', '2020-07-28 10:10:57'),
(9, 1, 9, '2020-07-28 10:10:57', '2020-07-28 10:10:57'),
(10, 1, 10, '2020-07-28 10:10:57', '2020-07-28 10:10:57'),
(11, 1, 11, '2020-07-28 10:10:57', '2020-07-28 10:10:57'),
(12, 1, 12, '2020-07-28 10:10:57', '2020-07-28 10:10:57'),
(13, 1, 13, '2020-07-28 10:10:57', '2020-07-28 10:10:57'),
(14, 1, 14, '2020-08-01 13:21:08', '2020-08-01 13:21:08'),
(41, 2, 2, '2020-11-09 10:48:34', '2020-11-09 10:48:34'),
(42, 2, 3, '2020-11-09 10:48:34', '2020-11-09 10:48:34'),
(43, 2, 4, '2020-11-09 10:48:34', '2020-11-09 10:48:34'),
(44, 2, 5, '2020-11-09 10:48:34', '2020-11-09 10:48:34'),
(45, 2, 6, '2020-11-09 10:48:34', '2020-11-09 10:48:34'),
(46, 2, 11, '2020-11-09 10:48:34', '2020-11-09 10:48:34'),
(47, 2, 14, '2020-11-09 10:48:34', '2020-11-09 10:48:34');

-- --------------------------------------------------------

--
-- Estructura de tabla para la tabla `ventas`
--

DROP TABLE IF EXISTS `ventas`;
CREATE TABLE IF NOT EXISTS `ventas` (
  `id` int(11) NOT NULL AUTO_INCREMENT,
  `fecha` date DEFAULT NULL,
  `hora` time DEFAULT NULL,
  `tipo_comprobante` varchar(20) DEFAULT NULL,
  `nro_comprobante` varchar(30) DEFAULT NULL,
  `promocion` int(11) DEFAULT NULL,
  `cliente` int(11) DEFAULT NULL,
  `total` decimal(10,2) DEFAULT NULL,
  `tipo_venta` varchar(10) DEFAULT NULL,
  `created_by` int(11) DEFAULT NULL,
  `created_at` datetime DEFAULT NULL,
  `updated_at` datetime DEFAULT NULL,
  PRIMARY KEY (`id`),
  KEY `fk_ventas_cliente` (`cliente`),
  KEY `fk_ventas_usuarios` (`created_by`)
) ENGINE=InnoDB AUTO_INCREMENT=134 DEFAULT CHARSET=utf8;

--
-- Volcado de datos para la tabla `ventas`
--

INSERT INTO `ventas` (`id`, `fecha`, `hora`, `tipo_comprobante`, `nro_comprobante`, `promocion`, `cliente`, `total`, `tipo_venta`, `created_by`, `created_at`, `updated_at`) VALUES
(6, '2020-08-04', '17:39:48', NULL, NULL, NULL, 1, '15.00', 'EFECTIVO', 2, '2020-08-04 17:39:48', '2020-08-04 17:39:48'),
(7, '2020-08-04', '17:51:39', NULL, NULL, NULL, 1, '20.00', 'EFECTIVO', 2, '2020-08-04 17:51:39', '2020-08-04 17:51:39'),
(11, '2020-08-03', '12:33:33', NULL, NULL, NULL, 1, '180.00', 'EFECTIVO', 1, '2020-08-05 12:33:33', '2020-08-05 12:33:33'),
(12, '2020-08-06', '19:33:40', NULL, NULL, NULL, 1, '20.00', 'EFECTIVO', 3, '2020-08-06 19:33:40', '2020-08-06 19:33:40'),
(13, '2020-08-07', '10:43:34', NULL, NULL, NULL, 1, '35.00', 'EFECTIVO', 2, '2020-08-07 10:43:34', '2020-08-07 10:43:34'),
(14, '2020-08-11', '11:06:12', NULL, NULL, NULL, 1, '20.00', 'EFECTIVO', 2, '2020-08-11 11:06:12', '2020-08-11 11:06:12'),
(15, '2020-08-11', '17:19:52', NULL, NULL, NULL, 1, '35.00', 'TARJETA', 2, '2020-08-11 17:19:52', '2020-08-11 17:19:52'),
(16, '2020-08-11', '18:53:54', NULL, NULL, NULL, 1, '55.00', 'EFECTIVO', 4, '2020-08-11 18:53:54', '2020-08-11 18:53:54'),
(17, '2020-08-13', '11:47:39', NULL, NULL, NULL, 1, '20.00', 'EFECTIVO', 2, '2020-08-13 11:47:39', '2020-08-13 11:47:39'),
(18, '2020-08-14', '17:10:07', NULL, NULL, NULL, 1, '20.00', 'EFECTIVO', 2, '2020-08-14 17:10:07', '2020-08-14 17:10:07'),
(19, '2020-08-18', '16:10:50', NULL, NULL, NULL, 195, '20.00', 'EFECTIVO', 3, '2020-08-18 16:10:50', '2020-08-18 16:10:50'),
(20, '2020-08-20', '15:46:17', NULL, NULL, NULL, 1, '20.00', 'EFECTIVO', 4, '2020-08-20 15:46:17', '2020-08-20 15:46:17'),
(21, '2020-08-20', '17:27:51', NULL, NULL, NULL, 1, '20.00', 'EFECTIVO', 4, '2020-08-20 17:27:51', '2020-08-20 17:27:51'),
(22, '2020-08-21', '19:08:46', NULL, NULL, NULL, 1, '25.00', 'EFECTIVO', 4, '2020-08-21 19:08:46', '2020-08-21 19:08:46'),
(23, '2020-08-22', '18:38:12', NULL, NULL, NULL, 292, '60.00', 'EFECTIVO', 4, '2020-08-22 18:38:12', '2020-08-22 18:38:12'),
(24, '2020-08-27', '18:08:37', NULL, NULL, NULL, 257, '25.00', 'EFECTIVO', 3, '2020-08-27 18:08:37', '2020-08-27 18:08:37'),
(25, '2020-08-28', '11:58:20', NULL, NULL, NULL, 1, '35.00', 'EFECTIVO', 2, '2020-08-28 11:58:20', '2020-08-28 11:58:20'),
(26, '2020-09-03', '15:22:05', NULL, NULL, NULL, 101, '20.00', 'EFECTIVO', 4, '2020-09-03 15:22:05', '2020-09-03 15:22:05'),
(27, '2020-09-09', '12:34:07', NULL, NULL, NULL, 1, '25.00', 'EFECTIVO', 2, '2020-09-09 12:34:07', '2020-09-09 12:34:07'),
(28, '2020-09-09', '20:11:15', NULL, NULL, NULL, 1, '20.00', 'EFECTIVO', 3, '2020-09-09 20:11:15', '2020-09-09 20:11:15'),
(29, '2020-09-11', '12:43:57', NULL, NULL, NULL, 130, '20.00', 'EFECTIVO', 4, '2020-09-11 12:43:57', '2020-09-11 12:43:57'),
(30, '2020-09-12', '12:49:46', NULL, NULL, NULL, 1, '35.00', 'EFECTIVO', 2, '2020-09-12 12:49:46', '2020-09-12 12:49:46'),
(31, '2020-09-12', '16:26:52', NULL, NULL, NULL, 1, '20.00', 'EFECTIVO', 2, '2020-09-12 16:26:52', '2020-09-12 16:26:52'),
(32, '2020-09-12', '19:24:38', NULL, NULL, NULL, 1, '20.00', 'EFECTIVO', 4, '2020-09-12 19:24:38', '2020-09-12 19:24:38'),
(33, '2020-09-14', '17:11:47', NULL, NULL, NULL, 1, '28.00', 'EFECTIVO', 4, '2020-09-14 17:11:47', '2020-09-14 17:11:47'),
(34, '2020-09-14', '17:31:40', NULL, NULL, NULL, 1, '28.00', 'EFECTIVO', 4, '2020-09-14 17:31:40', '2020-09-14 17:31:40'),
(35, '2020-09-16', '15:37:40', NULL, NULL, NULL, 1, '28.00', 'EFECTIVO', 4, '2020-09-16 15:37:40', '2020-09-16 15:37:40'),
(36, '2020-09-17', '12:18:38', NULL, NULL, NULL, 1, '40.00', 'EFECTIVO', 4, '2020-09-17 12:18:38', '2020-09-17 12:18:38'),
(37, '2020-09-17', '16:49:34', NULL, NULL, NULL, 1, '18.00', 'EFECTIVO', 2, '2020-09-17 16:49:34', '2020-09-17 16:49:34'),
(38, '2020-09-18', '15:28:43', NULL, NULL, NULL, 1, '20.00', 'EFECTIVO', 3, '2020-09-18 15:28:43', '2020-09-18 15:28:43'),
(39, '2020-09-18', '17:35:58', NULL, NULL, NULL, 1, '60.00', 'TARJETA', 4, '2020-09-18 17:35:58', '2020-09-19 11:15:33'),
(40, '2020-09-18', '19:53:17', NULL, NULL, NULL, 13, '25.00', 'EFECTIVO', 4, '2020-09-18 19:53:17', '2020-09-18 19:53:17'),
(41, '2020-09-19', '17:29:57', NULL, NULL, NULL, 1, '20.00', 'EFECTIVO', 2, '2020-09-19 17:29:57', '2020-09-19 17:29:57'),
(42, '2020-09-22', '11:14:56', NULL, NULL, NULL, 1, '396.00', 'EFECTIVO', 2, '2020-09-22 11:14:56', '2020-09-22 11:14:56'),
(43, '2020-09-24', '19:44:05', NULL, NULL, NULL, 1, '36.00', 'TARJETA', 2, '2020-09-24 19:44:05', '2020-09-24 19:44:05'),
(44, '2020-09-25', '17:56:29', NULL, NULL, NULL, 1, '28.00', 'EFECTIVO', 4, '2020-09-25 17:56:29', '2020-09-25 17:56:29'),
(45, '2020-09-28', '11:31:36', NULL, NULL, NULL, 1, '20.00', 'EFECTIVO', 4, '2020-09-28 11:31:36', '2020-09-28 11:31:36'),
(46, '2020-09-30', '17:57:51', NULL, NULL, NULL, 1, '38.00', 'EFECTIVO', 2, '2020-09-30 17:57:51', '2020-09-30 17:57:51'),
(47, '2020-09-30', '18:15:49', NULL, NULL, NULL, 1, '40.00', 'TARJETA', 4, '2020-09-30 18:15:49', '2020-09-30 18:21:25'),
(48, '2020-10-06', '12:37:42', NULL, NULL, NULL, 1, '40.00', 'EFECTIVO', 3, '2020-10-06 12:37:42', '2020-10-06 12:37:42'),
(49, '2020-10-07', '17:58:41', NULL, NULL, NULL, 1, '20.00', 'EFECTIVO', 3, '2020-10-07 17:58:41', '2020-10-07 17:58:41'),
(50, '2020-10-08', '15:19:31', NULL, NULL, NULL, 1, '28.00', 'EFECTIVO', 3, '2020-10-08 15:19:31', '2020-10-08 15:19:31'),
(51, '2020-10-09', '11:36:53', NULL, NULL, NULL, 1, '20.00', 'EFECTIVO', 3, '2020-10-09 11:36:53', '2020-10-09 11:36:53'),
(52, '2020-10-09', '16:36:05', NULL, NULL, NULL, 1, '20.00', 'EFECTIVO', 4, '2020-10-09 16:36:05', '2020-10-09 16:36:05'),
(53, '2020-10-09', '18:41:14', NULL, NULL, NULL, 1, '40.00', 'EFECTIVO', 2, '2020-10-09 18:41:14', '2020-10-09 18:41:14'),
(54, '2020-10-12', '15:34:31', NULL, NULL, NULL, 1, '20.00', 'EFECTIVO', 3, '2020-10-12 15:34:31', '2020-10-12 15:34:31'),
(55, '2020-10-13', '17:36:03', NULL, NULL, NULL, 1, '20.00', 'EFECTIVO', 4, '2020-10-13 17:36:03', '2020-10-13 17:36:03'),
(56, '2020-10-16', '17:54:10', NULL, NULL, NULL, 1, '60.00', 'EFECTIVO', 4, '2020-10-16 17:54:10', '2020-10-16 17:54:10'),
(57, '2020-10-17', '19:22:23', NULL, NULL, NULL, 1, '20.00', 'TARJETA', 4, '2020-10-17 19:22:23', '2020-10-19 10:24:44'),
(58, '2020-10-19', '11:12:31', NULL, NULL, NULL, 1, '40.00', 'EFECTIVO', 2, '2020-10-19 11:12:31', '2020-10-19 11:12:31'),
(59, '2020-10-20', '16:43:37', NULL, NULL, NULL, 1, '10.00', 'EFECTIVO', 3, '2020-10-20 16:43:37', '2020-10-20 16:43:37'),
(60, '2020-10-21', '16:17:41', NULL, NULL, NULL, 114, '40.00', 'EFECTIVO', 3, '2020-10-21 16:17:41', '2020-10-21 16:17:41'),
(61, '2020-10-23', '17:04:23', NULL, NULL, NULL, 1, '76.00', 'EFECTIVO', 2, '2020-10-23 17:04:23', '2020-10-23 17:04:23'),
(62, '2020-10-28', '15:00:43', NULL, NULL, NULL, 1, '30.00', 'EFECTIVO', 2, '2020-10-28 15:00:43', '2020-10-28 15:00:43'),
(63, '2020-10-31', '15:29:19', NULL, NULL, NULL, 1, '40.00', 'TARJETA', 4, '2020-10-31 15:29:19', '2020-10-31 15:29:19'),
(64, '2020-10-31', '19:33:54', NULL, NULL, NULL, 1, '20.00', 'TARJETA', 3, '2020-10-31 19:33:54', '2020-10-31 19:33:54'),
(65, '2020-11-02', '12:18:58', NULL, NULL, NULL, 1, '201.00', 'EFECTIVO', 2, '2020-11-02 12:18:58', '2020-11-02 12:18:58'),
(66, '2020-11-04', '17:24:55', NULL, NULL, NULL, 1, '20.00', 'EFECTIVO', 4, '2020-11-04 17:24:55', '2020-11-04 17:24:55'),
(67, '2020-11-04', '18:14:56', NULL, NULL, NULL, 1, '20.00', 'EFECTIVO', 3, '2020-11-04 18:14:56', '2020-11-04 18:14:56'),
(68, '2020-11-05', '14:59:16', NULL, NULL, NULL, 1, '20.00', 'EFECTIVO', 3, '2020-11-05 14:59:16', '2020-11-05 14:59:16'),
(69, '2020-11-06', '18:40:22', NULL, NULL, NULL, 1, '20.00', 'EFECTIVO', 4, '2020-11-06 18:40:22', '2020-11-06 18:40:22'),
(70, '2020-11-06', '19:20:15', NULL, NULL, NULL, 1, '20.00', 'EFECTIVO', 4, '2020-11-06 19:20:15', '2020-11-06 19:20:15'),
(71, '2020-11-07', '17:48:46', NULL, NULL, NULL, 231, '40.00', 'EFECTIVO', 4, '2020-11-07 17:48:46', '2020-11-07 17:48:46'),
(72, '2020-11-10', '12:56:27', NULL, NULL, NULL, 59, '40.00', 'TARJETA', 3, '2020-11-10 12:56:27', '2020-11-10 12:56:27'),
(73, '2020-11-10', '15:09:23', NULL, NULL, NULL, 1, '18.00', 'EFECTIVO', 2, '2020-11-10 15:09:23', '2020-11-10 15:09:23'),
(74, '2020-11-12', '16:32:38', NULL, NULL, NULL, 1, '20.00', 'EFECTIVO', 4, '2020-11-12 16:32:38', '2020-11-12 16:32:38'),
(75, '2020-11-12', '16:51:08', NULL, NULL, NULL, 715, '20.00', 'EFECTIVO', 3, '2020-11-12 16:51:08', '2020-11-12 16:51:08'),
(76, '2020-11-14', '19:01:45', NULL, NULL, NULL, 1, '20.00', 'EFECTIVO', 4, '2020-11-14 19:01:45', '2020-11-14 19:01:45'),
(77, '2020-11-16', '19:59:10', NULL, NULL, NULL, 1, '20.00', 'EFECTIVO', 2, '2020-11-16 19:59:10', '2020-11-16 19:59:10'),
(78, '2020-11-19', '17:58:51', NULL, NULL, NULL, 1, '15.00', 'EFECTIVO', 2, '2020-11-19 17:58:51', '2020-11-19 17:58:51'),
(79, '2020-11-19', '18:08:28', NULL, NULL, NULL, 606, '40.00', 'EFECTIVO', 4, '2020-11-19 18:08:28', '2020-11-19 18:08:28'),
(80, '2020-11-19', '18:23:59', NULL, NULL, NULL, 1, '28.00', 'EFECTIVO', 4, '2020-11-19 18:23:59', '2020-11-19 18:23:59'),
(81, '2020-11-23', '17:19:04', NULL, NULL, NULL, 1, '40.00', 'EFECTIVO', 2, '2020-11-23 17:19:04', '2020-11-23 17:19:04'),
(82, '2020-11-23', '17:26:02', NULL, NULL, NULL, 1, '50.00', 'EFECTIVO', 2, '2020-11-23 17:26:02', '2020-11-23 17:26:02'),
(83, '2020-11-23', '17:56:18', NULL, NULL, NULL, 448, '20.00', 'EFECTIVO', 4, '2020-11-23 17:56:18', '2020-11-23 17:56:18'),
(84, '2020-11-23', '18:53:26', NULL, NULL, NULL, 339, '20.00', 'EFECTIVO', 4, '2020-11-23 18:53:26', '2020-11-23 18:53:26'),
(85, '2020-11-28', '11:02:01', NULL, NULL, NULL, 1, '60.00', 'TARJETA', 2, '2020-11-28 11:02:01', '2020-11-28 11:02:01'),
(86, '2020-11-28', '18:33:57', NULL, NULL, NULL, 1, '20.00', 'EFECTIVO', 3, '2020-11-28 18:33:57', '2020-11-28 18:33:57'),
(87, '2020-11-28', '18:44:06', NULL, NULL, NULL, 1, '40.00', 'EFECTIVO', 4, '2020-11-28 18:44:06', '2020-11-28 18:44:06'),
(88, '2020-11-30', '19:54:30', NULL, NULL, NULL, 1, '20.00', 'EFECTIVO', 2, '2020-11-30 19:54:30', '2020-11-30 19:54:30'),
(89, '2020-12-02', '10:39:27', NULL, NULL, NULL, 111, '60.00', 'EFECTIVO', 2, '2020-12-02 10:39:27', '2020-12-02 10:39:27'),
(90, '2020-12-03', '19:33:16', NULL, NULL, NULL, 1, '20.00', 'EFECTIVO', 4, '2020-12-03 19:33:16', '2020-12-03 19:33:16'),
(91, '2020-12-03', '20:02:29', NULL, NULL, NULL, 1, '20.00', 'TARJETA', 4, '2020-12-03 20:02:29', '2020-12-03 20:02:29'),
(92, '2020-12-04', '18:51:15', NULL, NULL, NULL, 1, '40.00', 'EFECTIVO', 4, '2020-12-04 18:51:15', '2020-12-04 19:38:02'),
(93, '2020-12-10', '18:24:48', NULL, NULL, NULL, 1, '25.00', 'TARJETA', 4, '2020-12-10 18:24:48', '2020-12-10 18:24:48'),
(94, '2020-12-11', '12:55:32', NULL, NULL, NULL, 1, '20.00', 'EFECTIVO', 4, '2020-12-11 12:55:32', '2020-12-11 12:55:32'),
(95, '2020-12-11', '15:39:34', NULL, NULL, NULL, 1, '0.00', 'EFECTIVO', 2, '2020-12-11 15:39:34', '2020-12-11 15:39:34'),
(96, '2020-12-11', '17:03:39', NULL, NULL, NULL, 1, '0.00', 'EFECTIVO', 2, '2020-12-11 17:03:39', '2020-12-11 17:03:39'),
(97, '2020-12-11', '18:08:55', NULL, NULL, NULL, 1, '0.00', 'EFECTIVO', 2, '2020-12-11 18:08:55', '2020-12-11 18:08:55'),
(98, '2020-12-11', '18:39:36', NULL, NULL, NULL, 1, '285.00', 'TARJETA', 2, '2020-12-11 18:39:36', '2020-12-11 18:39:36'),
(99, '2020-12-11', '20:08:34', NULL, NULL, NULL, 1, '1.50', 'EFECTIVO', 2, '2020-12-11 20:08:34', '2020-12-11 20:08:34'),
(100, '2020-12-11', '20:09:33', NULL, NULL, NULL, 1, '0.00', 'EFECTIVO', 2, '2020-12-11 20:09:33', '2020-12-11 20:09:33'),
(101, '2020-12-12', '10:40:34', NULL, NULL, NULL, 1, '0.00', 'EFECTIVO', 2, '2020-12-12 10:40:34', '2020-12-12 10:40:34'),
(102, '2020-12-12', '12:56:52', NULL, NULL, NULL, 1, '0.00', 'EFECTIVO', 2, '2020-12-12 12:56:52', '2020-12-12 12:56:52'),
(103, '2020-12-12', '15:09:46', NULL, NULL, NULL, 1, '20.00', 'TARJETA', 4, '2020-12-12 15:09:46', '2020-12-12 15:09:46'),
(104, '2020-12-12', '15:13:32', NULL, NULL, NULL, 1, '0.00', 'EFECTIVO', 2, '2020-12-12 15:13:32', '2020-12-12 15:13:32'),
(105, '2020-12-12', '15:47:16', NULL, NULL, NULL, 1, '0.00', 'EFECTIVO', 2, '2020-12-12 15:47:16', '2020-12-12 15:47:16'),
(106, '2020-12-12', '16:12:57', NULL, NULL, NULL, 1, '0.00', 'EFECTIVO', 2, '2020-12-12 16:12:57', '2020-12-12 16:12:57'),
(107, '2020-12-12', '17:57:46', NULL, NULL, NULL, 1, '0.00', 'EFECTIVO', 2, '2020-12-12 17:57:46', '2020-12-12 17:57:46'),
(108, '2020-12-12', '18:32:29', NULL, NULL, NULL, 1, '1.50', 'EFECTIVO', 2, '2020-12-12 18:32:29', '2020-12-12 18:32:29'),
(109, '2020-12-12', '19:20:25', NULL, NULL, NULL, 1, '4.50', 'EFECTIVO', 2, '2020-12-12 19:20:25', '2020-12-12 19:20:25'),
(110, '2020-12-12', '20:39:53', NULL, NULL, NULL, 1, '4.50', 'EFECTIVO', 2, '2020-12-12 20:39:53', '2020-12-12 20:39:53'),
(111, '2020-12-16', '15:02:33', NULL, NULL, NULL, 1, '1.50', 'EFECTIVO', 2, '2020-12-16 15:02:33', '2020-12-16 15:02:33'),
(112, '2020-12-16', '19:01:31', NULL, NULL, NULL, 1, '40.00', 'EFECTIVO', 4, '2020-12-16 19:01:31', '2020-12-16 19:01:31'),
(113, '2020-12-18', '15:18:05', NULL, NULL, NULL, 1, '0.00', 'EFECTIVO', 2, '2020-12-18 15:18:05', '2020-12-18 15:18:05'),
(114, '2020-12-18', '16:05:19', NULL, NULL, NULL, 1, '0.00', 'EFECTIVO', 2, '2020-12-18 16:05:19', '2020-12-18 16:05:19'),
(115, '2020-12-18', '18:29:54', NULL, NULL, NULL, 292, '20.00', 'EFECTIVO', 4, '2020-12-18 18:29:54', '2020-12-18 18:29:54'),
(116, '2020-12-18', '20:19:19', NULL, NULL, NULL, 1, '0.00', 'EFECTIVO', 2, '2020-12-18 20:19:19', '2020-12-18 20:19:19'),
(117, '2020-12-19', '13:14:14', NULL, NULL, NULL, 1, '20.00', 'EFECTIVO', 4, '2020-12-19 13:14:14', '2020-12-19 13:14:14'),
(118, '2020-12-19', '15:15:30', NULL, NULL, NULL, 1, '50.00', 'TARJETA', 2, '2020-12-19 15:15:30', '2020-12-19 15:15:30'),
(119, '2020-12-19', '20:24:23', NULL, NULL, NULL, 1, '20.00', 'EFECTIVO', 2, '2020-12-19 20:24:23', '2020-12-19 20:24:23'),
(120, '2020-12-21', '12:12:31', NULL, NULL, NULL, 1, '0.00', 'EFECTIVO', 2, '2020-12-21 12:12:31', '2020-12-21 12:12:31'),
(121, '2020-12-21', '19:47:59', NULL, NULL, NULL, 1, '40.00', 'EFECTIVO', 4, '2020-12-21 19:47:59', '2020-12-21 19:47:59'),
(122, '2020-12-23', '19:30:33', NULL, NULL, NULL, 183, '38.00', 'EFECTIVO', 4, '2020-12-23 19:30:33', '2020-12-23 19:30:33'),
(123, '2020-12-24', '18:00:07', NULL, NULL, NULL, 1, '40.00', 'EFECTIVO', 6, '2020-12-24 18:00:07', '2020-12-24 18:00:07'),
(124, '2020-12-26', '11:21:43', NULL, NULL, NULL, 829, '20.00', 'EFECTIVO', 4, '2020-12-26 11:21:43', '2020-12-26 11:21:43'),
(125, '2020-12-26', '17:11:50', NULL, NULL, NULL, 666, '20.00', 'EFECTIVO', 4, '2020-12-26 17:11:50', '2020-12-26 17:11:50'),
(126, '2020-12-28', '12:23:18', NULL, NULL, NULL, 1, '40.00', 'EFECTIVO', 5, '2020-12-28 12:23:18', '2020-12-28 12:23:18'),
(127, '2020-12-28', '12:50:56', NULL, NULL, NULL, 869, '20.00', 'EFECTIVO', 4, '2020-12-28 12:50:56', '2020-12-28 12:50:56'),
(128, '2020-12-30', '10:51:54', NULL, NULL, NULL, 1, '18.00', 'EFECTIVO', 2, '2020-12-30 10:51:54', '2020-12-30 10:51:54'),
(129, '2020-12-30', '11:32:59', NULL, NULL, NULL, 1, '40.00', 'EFECTIVO', 2, '2020-12-30 11:32:59', '2020-12-30 11:32:59'),
(130, '2020-12-30', '11:39:39', NULL, NULL, NULL, 1, '55.00', 'EFECTIVO', 4, '2020-12-30 11:39:39', '2020-12-30 11:39:39'),
(131, '2020-12-30', '19:16:47', NULL, NULL, NULL, 146, '28.00', 'EFECTIVO', 4, '2020-12-30 19:16:47', '2020-12-30 19:16:47'),
(132, '2020-12-31', '15:22:40', NULL, NULL, NULL, 1, '20.00', 'EFECTIVO', 4, '2020-12-31 15:22:40', '2020-12-31 15:22:40'),
(133, '2021-12-19', '23:40:06', NULL, NULL, NULL, 1, '17.00', 'EFECTIVO', 1, '2021-12-19 23:40:06', '2021-12-19 23:40:06');

-- --------------------------------------------------------

--
-- Estructura de tabla para la tabla `ventas_detalles`
--

DROP TABLE IF EXISTS `ventas_detalles`;
CREATE TABLE IF NOT EXISTS `ventas_detalles` (
  `id` int(11) NOT NULL AUTO_INCREMENT,
  `venta` int(11) DEFAULT NULL,
  `producto` int(11) DEFAULT NULL,
  `cantidad` int(11) DEFAULT NULL,
  `precio` decimal(10,2) DEFAULT NULL,
  `descuento` int(11) DEFAULT 0,
  `importe` decimal(10,2) DEFAULT NULL,
  `created_at` datetime DEFAULT NULL,
  `updated_at` datetime DEFAULT NULL,
  PRIMARY KEY (`id`),
  KEY `fk_ventas_detalles_venta` (`venta`),
  KEY `fk_ventas_detalles_producto_pre` (`producto`)
) ENGINE=InnoDB AUTO_INCREMENT=159 DEFAULT CHARSET=utf8;

--
-- Volcado de datos para la tabla `ventas_detalles`
--

INSERT INTO `ventas_detalles` (`id`, `venta`, `producto`, `cantidad`, `precio`, `descuento`, `importe`, `created_at`, `updated_at`) VALUES
(6, 6, 27, 1, '15.00', 0, '15.00', '2020-08-04 17:39:48', '2020-08-04 17:39:48'),
(7, 7, 4, 1, '20.00', 0, '20.00', '2020-08-04 17:51:39', '2020-08-04 17:51:39'),
(11, 11, 15, 1, '40.00', 0, '40.00', '2020-08-05 12:33:33', '2020-08-05 12:33:33'),
(12, 11, 4, 2, '20.00', 0, '40.00', '2020-08-05 12:33:33', '2020-08-05 12:33:33'),
(13, 11, 39, 1, '55.00', 0, '55.00', '2020-08-05 12:33:33', '2020-08-05 12:33:33'),
(14, 11, 3, 1, '20.00', 0, '20.00', '2020-08-05 12:33:33', '2020-08-05 12:33:33'),
(15, 11, 38, 1, '25.00', 0, '25.00', '2020-08-05 12:33:33', '2020-08-05 12:33:33'),
(16, 12, 4, 1, '20.00', 0, '20.00', '2020-08-06 19:33:40', '2020-08-06 19:33:40'),
(17, 13, 11, 1, '35.00', 0, '35.00', '2020-08-07 10:43:34', '2020-08-07 10:43:34'),
(18, 14, 2, 1, '20.00', 0, '20.00', '2020-08-11 11:06:12', '2020-08-11 11:06:12'),
(19, 15, 2, 1, '20.00', 0, '20.00', '2020-08-11 17:19:52', '2020-08-11 17:19:52'),
(20, 15, 46, 1, '15.00', 0, '15.00', '2020-08-11 17:19:52', '2020-08-11 17:19:52'),
(21, 16, 39, 1, '55.00', 0, '55.00', '2020-08-11 18:53:54', '2020-08-11 18:53:54'),
(22, 17, 2, 1, '20.00', 0, '20.00', '2020-08-13 11:47:39', '2020-08-13 11:47:39'),
(23, 18, 2, 1, '20.00', 0, '20.00', '2020-08-14 17:10:07', '2020-08-14 17:10:07'),
(24, 19, 4, 1, '20.00', 0, '20.00', '2020-08-18 16:10:50', '2020-08-18 16:10:50'),
(25, 20, 4, 1, '20.00', 0, '20.00', '2020-08-20 15:46:17', '2020-08-20 15:46:17'),
(26, 21, 4, 1, '20.00', 0, '20.00', '2020-08-20 17:27:51', '2020-08-20 17:27:51'),
(27, 22, 22, 1, '25.00', 0, '25.00', '2020-08-21 19:08:46', '2020-08-21 19:08:46'),
(28, 23, 39, 1, '60.00', 0, '60.00', '2020-08-22 18:38:12', '2020-08-22 18:38:12'),
(29, 24, 22, 1, '25.00', 0, '25.00', '2020-08-27 18:08:37', '2020-08-27 18:08:37'),
(30, 25, 11, 1, '35.00', 0, '35.00', '2020-08-28 11:58:20', '2020-08-28 11:58:20'),
(31, 26, 4, 1, '20.00', 0, '20.00', '2020-09-03 15:22:05', '2020-09-03 15:22:05'),
(32, 27, 55, 1, '25.00', 0, '25.00', '2020-09-09 12:34:07', '2020-09-09 12:34:07'),
(33, 28, 4, 1, '20.00', 0, '20.00', '2020-09-09 20:11:16', '2020-09-09 20:11:16'),
(34, 29, 4, 1, '20.00', 0, '20.00', '2020-09-11 12:43:57', '2020-09-11 12:43:57'),
(35, 30, 61, 1, '35.00', 0, '35.00', '2020-09-12 12:49:46', '2020-09-12 12:49:46'),
(36, 31, 40, 1, '20.00', 0, '20.00', '2020-09-12 16:26:52', '2020-09-12 16:26:52'),
(37, 32, 4, 1, '20.00', 0, '20.00', '2020-09-12 19:24:38', '2020-09-12 19:24:38'),
(38, 33, 60, 1, '28.00', 0, '28.00', '2020-09-14 17:11:47', '2020-09-14 17:11:47'),
(39, 34, 60, 1, '28.00', 0, '28.00', '2020-09-14 17:31:40', '2020-09-14 17:31:40'),
(40, 35, 59, 1, '28.00', 0, '28.00', '2020-09-16 15:37:40', '2020-09-16 15:37:40'),
(41, 36, 15, 1, '40.00', 0, '40.00', '2020-09-17 12:18:38', '2020-09-17 12:18:38'),
(42, 37, 62, 1, '18.00', 0, '18.00', '2020-09-17 16:49:34', '2020-09-17 16:49:34'),
(43, 38, 4, 1, '20.00', 0, '20.00', '2020-09-18 15:28:43', '2020-09-18 15:28:43'),
(46, 40, 22, 1, '25.00', 0, '25.00', '2020-09-18 19:53:17', '2020-09-18 19:53:17'),
(47, 39, 15, 1, '40.00', 0, '40.00', '2020-09-19 11:15:33', '2020-09-19 11:15:33'),
(48, 39, 4, 1, '20.00', 0, '20.00', '2020-09-19 11:15:33', '2020-09-19 11:15:33'),
(49, 41, 40, 1, '20.00', 0, '20.00', '2020-09-19 17:29:57', '2020-09-19 17:29:57'),
(50, 42, 27, 12, '15.00', 0, '180.00', '2020-09-22 11:14:56', '2020-09-22 11:14:56'),
(51, 42, 62, 12, '18.00', 0, '216.00', '2020-09-22 11:14:56', '2020-09-22 11:14:56'),
(52, 43, 62, 2, '18.00', 0, '36.00', '2020-09-24 19:44:05', '2020-09-24 19:44:05'),
(53, 44, 59, 1, '28.00', 0, '28.00', '2020-09-25 17:56:29', '2020-09-25 17:56:29'),
(54, 45, 4, 1, '20.00', 0, '20.00', '2020-09-28 11:31:36', '2020-09-28 11:31:36'),
(55, 46, 62, 1, '18.00', 0, '18.00', '2020-09-30 17:57:51', '2020-09-30 17:57:51'),
(56, 46, 4, 1, '20.00', 0, '20.00', '2020-09-30 17:57:51', '2020-09-30 17:57:51'),
(58, 47, 54, 1, '40.00', 0, '40.00', '2020-09-30 18:21:25', '2020-09-30 18:21:25'),
(59, 48, 55, 1, '40.00', 0, '40.00', '2020-10-06 12:37:42', '2020-10-06 12:37:42'),
(60, 49, 4, 1, '20.00', 0, '20.00', '2020-10-07 17:58:41', '2020-10-07 17:58:41'),
(61, 50, 59, 1, '28.00', 0, '28.00', '2020-10-08 15:19:31', '2020-10-08 15:19:31'),
(62, 51, 4, 1, '20.00', 0, '20.00', '2020-10-09 11:36:53', '2020-10-09 11:36:53'),
(63, 52, 4, 1, '20.00', 0, '20.00', '2020-10-09 16:36:05', '2020-10-09 16:36:05'),
(64, 53, 48, 1, '40.00', 0, '40.00', '2020-10-09 18:41:14', '2020-10-09 18:41:14'),
(65, 54, 4, 1, '20.00', 0, '20.00', '2020-10-12 15:34:31', '2020-10-12 15:34:31'),
(66, 55, 4, 1, '20.00', 0, '20.00', '2020-10-13 17:36:03', '2020-10-13 17:36:03'),
(67, 56, 39, 1, '60.00', 0, '60.00', '2020-10-16 17:54:10', '2020-10-16 17:54:10'),
(69, 57, 4, 1, '20.00', 0, '20.00', '2020-10-19 10:24:44', '2020-10-19 10:24:44'),
(70, 58, 72, 1, '40.00', 0, '40.00', '2020-10-19 11:12:31', '2020-10-19 11:12:31'),
(71, 59, 25, 1, '10.00', 0, '10.00', '2020-10-20 16:43:37', '2020-10-20 16:43:37'),
(72, 60, 54, 1, '40.00', 0, '40.00', '2020-10-21 16:17:41', '2020-10-21 16:17:41'),
(73, 61, 71, 1, '16.00', 0, '16.00', '2020-10-23 17:04:23', '2020-10-23 17:04:23'),
(74, 61, 28, 1, '20.00', 0, '20.00', '2020-10-23 17:04:23', '2020-10-23 17:04:23'),
(75, 61, 72, 1, '40.00', 0, '40.00', '2020-10-23 17:04:23', '2020-10-23 17:04:23'),
(76, 62, 5, 1, '20.00', 0, '20.00', '2020-10-28 15:00:43', '2020-10-28 15:00:43'),
(77, 62, 7, 1, '10.00', 0, '10.00', '2020-10-28 15:00:43', '2020-10-28 15:00:43'),
(78, 63, 40, 1, '20.00', 0, '20.00', '2020-10-31 15:29:19', '2020-10-31 15:29:19'),
(79, 63, 4, 1, '20.00', 0, '20.00', '2020-10-31 15:29:19', '2020-10-31 15:29:19'),
(80, 64, 4, 1, '20.00', 0, '20.00', '2020-10-31 19:33:54', '2020-10-31 19:33:54'),
(81, 65, 71, 1, '16.00', 0, '16.00', '2020-11-02 12:18:58', '2020-11-02 12:18:58'),
(82, 65, 6, 1, '15.00', 0, '15.00', '2020-11-02 12:18:58', '2020-11-02 12:18:58'),
(83, 65, 7, 1, '10.00', 0, '10.00', '2020-11-02 12:18:58', '2020-11-02 12:18:58'),
(84, 65, 9, 1, '140.00', 0, '140.00', '2020-11-02 12:18:58', '2020-11-02 12:18:58'),
(85, 65, 40, 1, '20.00', 0, '20.00', '2020-11-02 12:18:58', '2020-11-02 12:18:58'),
(86, 66, 4, 1, '20.00', 0, '20.00', '2020-11-04 17:24:55', '2020-11-04 17:24:55'),
(87, 67, 4, 1, '20.00', 0, '20.00', '2020-11-04 18:14:56', '2020-11-04 18:14:56'),
(88, 68, 4, 1, '20.00', 0, '20.00', '2020-11-05 14:59:16', '2020-11-05 14:59:16'),
(89, 69, 4, 1, '20.00', 0, '20.00', '2020-11-06 18:40:23', '2020-11-06 18:40:23'),
(90, 70, 4, 1, '20.00', 0, '20.00', '2020-11-06 19:20:15', '2020-11-06 19:20:15'),
(91, 71, 54, 1, '40.00', 0, '40.00', '2020-11-07 17:48:46', '2020-11-07 17:48:46'),
(92, 72, 54, 1, '40.00', 0, '40.00', '2020-11-10 12:56:27', '2020-11-10 12:56:27'),
(93, 73, 62, 1, '18.00', 0, '18.00', '2020-11-10 15:09:23', '2020-11-10 15:09:23'),
(94, 74, 4, 1, '20.00', 0, '20.00', '2020-11-12 16:32:38', '2020-11-12 16:32:38'),
(95, 75, 4, 1, '20.00', 0, '20.00', '2020-11-12 16:51:08', '2020-11-12 16:51:08'),
(96, 76, 4, 1, '20.00', 0, '20.00', '2020-11-14 19:01:45', '2020-11-14 19:01:45'),
(97, 77, 4, 1, '20.00', 0, '20.00', '2020-11-16 19:59:10', '2020-11-16 19:59:10'),
(98, 78, 8, 1, '15.00', 0, '15.00', '2020-11-19 17:58:51', '2020-11-19 17:58:51'),
(99, 79, 54, 1, '40.00', 0, '40.00', '2020-11-19 18:08:28', '2020-11-19 18:08:28'),
(100, 80, 60, 1, '28.00', 0, '28.00', '2020-11-19 18:23:59', '2020-11-19 18:23:59'),
(101, 81, 72, 1, '40.00', 0, '40.00', '2020-11-23 17:19:04', '2020-11-23 17:19:04'),
(102, 82, 64, 1, '50.00', 0, '50.00', '2020-11-23 17:26:02', '2020-11-23 17:26:02'),
(103, 83, 4, 1, '20.00', 0, '20.00', '2020-11-23 17:56:18', '2020-11-23 17:56:18'),
(104, 84, 4, 1, '20.00', 0, '20.00', '2020-11-23 18:53:26', '2020-11-23 18:53:26'),
(105, 85, 4, 1, '20.00', 0, '20.00', '2020-11-28 11:02:01', '2020-11-28 11:02:01'),
(106, 85, 54, 1, '40.00', 0, '40.00', '2020-11-28 11:02:01', '2020-11-28 11:02:01'),
(107, 86, 4, 1, '20.00', 0, '20.00', '2020-11-28 18:33:57', '2020-11-28 18:33:57'),
(108, 87, 54, 1, '40.00', 0, '40.00', '2020-11-28 18:44:06', '2020-11-28 18:44:06'),
(109, 88, 28, 1, '20.00', 0, '20.00', '2020-11-30 19:54:30', '2020-11-30 19:54:30'),
(110, 89, 15, 1, '40.00', 0, '40.00', '2020-12-02 10:39:27', '2020-12-02 10:39:27'),
(111, 89, 4, 1, '20.00', 0, '20.00', '2020-12-02 10:39:27', '2020-12-02 10:39:27'),
(112, 90, 4, 1, '20.00', 0, '20.00', '2020-12-03 19:33:16', '2020-12-03 19:33:16'),
(113, 91, 4, 1, '20.00', 0, '20.00', '2020-12-03 20:02:29', '2020-12-03 20:02:29'),
(115, 92, 63, 1, '40.00', 0, '40.00', '2020-12-04 19:38:02', '2020-12-04 19:38:02'),
(116, 93, 22, 1, '25.00', 0, '25.00', '2020-12-10 18:24:48', '2020-12-10 18:24:48'),
(117, 94, 4, 1, '20.00', 0, '20.00', '2020-12-11 12:55:32', '2020-12-11 12:55:32'),
(118, 95, 94, 3, '0.00', 0, '0.00', '2020-12-11 15:39:34', '2020-12-11 15:39:34'),
(119, 96, 94, 2, '0.00', 0, '0.00', '2020-12-11 17:03:39', '2020-12-11 17:03:39'),
(120, 97, 94, 2, '0.00', 0, '0.00', '2020-12-11 18:08:55', '2020-12-11 18:08:55'),
(121, 98, 66, 1, '285.00', 0, '285.00', '2020-12-11 18:39:36', '2020-12-11 18:39:36'),
(122, 99, 93, 1, '1.50', 0, '1.50', '2020-12-11 20:08:34', '2020-12-11 20:08:34'),
(123, 100, 94, 3, '0.00', 0, '0.00', '2020-12-11 20:09:33', '2020-12-11 20:09:33'),
(124, 101, 94, 1, '0.00', 0, '0.00', '2020-12-12 10:40:34', '2020-12-12 10:40:34'),
(125, 102, 94, 5, '0.00', 0, '0.00', '2020-12-12 12:56:52', '2020-12-12 12:56:52'),
(126, 103, 4, 1, '20.00', 0, '20.00', '2020-12-12 15:09:46', '2020-12-12 15:09:46'),
(127, 104, 94, 5, '0.00', 0, '0.00', '2020-12-12 15:13:32', '2020-12-12 15:13:32'),
(128, 105, 94, 1, '0.00', 0, '0.00', '2020-12-12 15:47:16', '2020-12-12 15:47:16'),
(129, 106, 94, 1, '0.00', 0, '0.00', '2020-12-12 16:12:57', '2020-12-12 16:12:57'),
(130, 107, 94, 3, '0.00', 0, '0.00', '2020-12-12 17:57:46', '2020-12-12 17:57:46'),
(131, 108, 93, 1, '1.50', 0, '1.50', '2020-12-12 18:32:29', '2020-12-12 18:32:29'),
(132, 109, 93, 3, '1.50', 0, '4.50', '2020-12-12 19:20:25', '2020-12-12 19:20:25'),
(133, 110, 93, 3, '1.50', 0, '4.50', '2020-12-12 20:39:53', '2020-12-12 20:39:53'),
(134, 111, 93, 1, '1.50', 0, '1.50', '2020-12-16 15:02:34', '2020-12-16 15:02:34'),
(135, 112, 54, 1, '40.00', 0, '40.00', '2020-12-16 19:01:31', '2020-12-16 19:01:31'),
(136, 113, 94, 7, '0.00', 0, '0.00', '2020-12-18 15:18:05', '2020-12-18 15:18:05'),
(137, 114, 94, 2, '0.00', 0, '0.00', '2020-12-18 16:05:19', '2020-12-18 16:05:19'),
(138, 115, 4, 1, '20.00', 0, '20.00', '2020-12-18 18:29:54', '2020-12-18 18:29:54'),
(139, 116, 94, 6, '0.00', 0, '0.00', '2020-12-18 20:19:19', '2020-12-18 20:19:19'),
(140, 117, 4, 1, '20.00', 0, '20.00', '2020-12-19 13:14:14', '2020-12-19 13:14:14'),
(141, 118, 24, 1, '50.00', 0, '50.00', '2020-12-19 15:15:30', '2020-12-19 15:15:30'),
(142, 119, 4, 1, '20.00', 0, '20.00', '2020-12-19 20:24:23', '2020-12-19 20:24:23'),
(143, 120, 94, 17, '0.00', 0, '0.00', '2020-12-21 12:12:31', '2020-12-21 12:12:31'),
(144, 121, 4, 2, '20.00', 0, '40.00', '2020-12-21 19:47:59', '2020-12-21 19:47:59'),
(145, 122, 25, 1, '10.00', 0, '10.00', '2020-12-23 19:30:33', '2020-12-23 19:30:33'),
(146, 122, 60, 1, '28.00', 0, '28.00', '2020-12-23 19:30:33', '2020-12-23 19:30:33'),
(147, 123, 55, 1, '40.00', 0, '40.00', '2020-12-24 18:00:07', '2020-12-24 18:00:07'),
(148, 124, 4, 1, '20.00', 0, '20.00', '2020-12-26 11:21:43', '2020-12-26 11:21:43'),
(149, 125, 4, 1, '20.00', 0, '20.00', '2020-12-26 17:11:50', '2020-12-26 17:11:50'),
(150, 126, 72, 1, '40.00', 0, '40.00', '2020-12-28 12:23:18', '2020-12-28 12:23:18'),
(151, 127, 4, 1, '20.00', 0, '20.00', '2020-12-28 12:50:56', '2020-12-28 12:50:56'),
(152, 128, 62, 1, '18.00', 0, '18.00', '2020-12-30 10:51:54', '2020-12-30 10:51:54'),
(153, 129, 28, 2, '20.00', 0, '40.00', '2020-12-30 11:32:59', '2020-12-30 11:32:59'),
(154, 130, 90, 1, '55.00', 0, '55.00', '2020-12-30 11:39:40', '2020-12-30 11:39:40'),
(155, 131, 60, 1, '28.00', 0, '28.00', '2020-12-30 19:16:47', '2020-12-30 19:16:47'),
(156, 132, 4, 1, '20.00', 0, '20.00', '2020-12-31 15:22:40', '2020-12-31 15:22:40'),
(157, 133, 20, 1, '15.00', 0, '15.00', '2021-12-19 23:40:06', '2021-12-19 23:40:06'),
(158, 133, 95, 1, '2.00', 0, '2.00', '2021-12-19 23:40:06', '2021-12-19 23:40:06');

-- --------------------------------------------------------

--
-- Estructura Stand-in para la vista `view_kardex`
-- (Véase abajo para la vista actual)
--
DROP VIEW IF EXISTS `view_kardex`;
CREATE TABLE IF NOT EXISTS `view_kardex` (
`tipo` varchar(15)
,`fecha` date
,`doc` varchar(62)
,`producto` varchar(100)
,`producto_id` int(11)
,`created_at` varchar(21)
,`updated_at` datetime
,`entrada` varchar(21)
,`salida` varchar(21)
,`saldo` varchar(21)
);

-- --------------------------------------------------------

--
-- Estructura Stand-in para la vista `view_servicios_ventas`
-- (Véase abajo para la vista actual)
--
DROP VIEW IF EXISTS `view_servicios_ventas`;
CREATE TABLE IF NOT EXISTS `view_servicios_ventas` (
`fecha` date
,`tipo` varchar(9)
,`empleado_id` int(11)
,`empleado_nombre` varchar(152)
,`empleado_cargo` int(11)
,`cantidad` int(11)
,`concepto_id` int(11)
,`concepto_descripcion` varchar(100)
,`concepto_unidad` varchar(30)
,`precio` decimal(10,2)
,`promo_id` int(11)
,`promo_nombre` varchar(50)
,`descuento` int(11)
,`importe` decimal(10,2)
,`comision_barbero` decimal(14,4)
,`pago_barbero` decimal(24,6)
);

-- --------------------------------------------------------

--
-- Estructura para la vista `view_kardex`
--
DROP TABLE IF EXISTS `view_kardex`;

CREATE ALGORITHM=UNDEFINED DEFINER=`root`@`localhost` SQL SECURITY DEFINER VIEW `view_kardex`  AS  select 'CONSUMO INTERNO' AS `tipo`,`ci`.`fecha` AS `fecha`,'-' AS `doc`,`p`.`nombre` AS `producto`,`p`.`id` AS `producto_id`,`ci`.`created_at` AS `created_at`,`ci`.`updated_at` AS `updated_at`,'0' AS `entrada`,`ci`.`cantidad` * `um`.`factor` AS `salida`,'0' AS `saldo` from (((`consumos_internos` `ci` join `productos_presentaciones` `pre` on(`ci`.`producto_id` = `pre`.`id`)) join `unidades_medida` `um` on(`pre`.`unidad_medida_id` = `um`.`id`)) join `productos` `p` on(`pre`.`producto_id` = `p`.`id`)) union all select 'VENTA' AS `tipo`,`v`.`fecha` AS `fecha`,'-' AS `doc`,`p`.`nombre` AS `producto`,`p`.`id` AS `producto_id`,`vd`.`created_at` AS `created_at`,`vd`.`updated_at` AS `updated_at`,'0' AS `entrada`,`vd`.`cantidad` * `um`.`factor` AS `salida`,'0' AS `saldo` from ((((`ventas_detalles` `vd` join `ventas` `v` on(`vd`.`venta` = `v`.`id`)) join `productos_presentaciones` `pre` on(`vd`.`producto` = `pre`.`id`)) join `unidades_medida` `um` on(`pre`.`unidad_medida_id` = `um`.`id`)) join `productos` `p` on(`pre`.`producto_id` = `p`.`id`)) group by `v`.`id`,`v`.`fecha`,`p`.`id` union all select 'COMPRA' AS `tipo`,`c`.`fecha_inter` AS `fecha`,concat(`c`.`tipo_doc`,' ',`c`.`nro_doc_pref`,'-',`c`.`nro_doc_suf`) AS `doc`,`p`.`nombre` AS `producto`,`p`.`id` AS `producto_id`,concat(`c`.`fecha_inter`,' ',`c`.`hora_inter`) AS `created_at`,`c`.`updated_at` AS `updated_at`,`cd`.`cantidad` * `um`.`factor` AS `entrada`,'0' AS `salida`,'0' AS `saldo` from ((((`compras_detalles` `cd` join `compras` `c` on(`cd`.`compra` = `c`.`id`)) join `productos_presentaciones` `pre` on(`cd`.`producto` = `pre`.`id`)) join `unidades_medida` `um` on(`pre`.`unidad_medida_id` = `um`.`id`)) join `productos` `p` on(`pre`.`producto_id` = `p`.`id`)) group by `c`.`id`,`c`.`fecha_inter`,`p`.`id` union all select 'INVENTARIO' AS `tipo`,`i`.`fecha` AS `fecha`,'-' AS `doc`,`p`.`nombre` AS `producto`,`p`.`id` AS `producto_id`,concat(`i`.`fecha`,' ',`i`.`hora`) AS `created_at`,`i`.`updated_at` AS `updated_at`,'0' AS `entrada`,'0' AS `salida`,`id`.`stock` * `um`.`factor` AS `saldo` from ((((`inventarios_detalles` `id` join `inventarios` `i` on(`id`.`inventario` = `i`.`id`)) join `productos_presentaciones` `pre` on(`id`.`producto` = `pre`.`id`)) join `unidades_medida` `um` on(`pre`.`unidad_medida_id` = `um`.`id`)) join `productos` `p` on(`pre`.`producto_id` = `p`.`id`)) group by `i`.`id`,`i`.`fecha`,`p`.`id` union all select 'ASIGNACION' AS `tipo`,`a`.`fecha` AS `fecha`,'-' AS `doc`,`p`.`nombre` AS `producto`,`p`.`id` AS `producto_id`,`a`.`created_at` AS `created_at`,`a`.`updated_at` AS `updated_at`,'0' AS `entrada`,`a`.`cantidad` * `um`.`factor` AS `salida`,'0' AS `saldo` from (((`asignaciones` `a` join `productos_presentaciones` `pre` on(`a`.`producto_id` = `pre`.`id`)) join `unidades_medida` `um` on(`pre`.`unidad_medida_id` = `um`.`id`)) join `productos` `p` on(`pre`.`producto_id` = `p`.`id`)) ;

-- --------------------------------------------------------

--
-- Estructura para la vista `view_servicios_ventas`
--
DROP TABLE IF EXISTS `view_servicios_ventas`;

CREATE ALGORITHM=UNDEFINED DEFINER=`root`@`localhost` SQL SECURITY DEFINER VIEW `view_servicios_ventas`  AS  select `c`.`fecha` AS `fecha`,'SERVICIOS' AS `tipo`,`e`.`id` AS `empleado_id`,concat(`e`.`nombres`,' ',`e`.`ape_paterno`,' ',`e`.`ape_materno`) AS `empleado_nombre`,`e`.`cargo` AS `empleado_cargo`,`cr`.`cantidad` AS `cantidad`,`s`.`id` AS `concepto_id`,`s`.`nombre` AS `concepto_descripcion`,NULL AS `concepto_unidad`,`cr`.`precio` AS `precio`,`p`.`id` AS `promo_id`,`p`.`nombre` AS `promo_nombre`,`cr`.`descuento` AS `descuento`,`cr`.`importe` AS `importe`,`s`.`pago_comision` / 100 AS `comision_barbero`,`cr`.`importe` * (`s`.`pago_comision` / 100) AS `pago_barbero` from ((((`citas` `c` join `citas_detalles` `cr` on(`c`.`id` = `cr`.`cita`)) join `servicios` `s` on(`cr`.`servicio` = `s`.`id`)) left join `promociones` `p` on(`c`.`promocion` = `p`.`id`)) join `empleados` `e` on(`c`.`empleado` = `e`.`id`)) where `c`.`estado` = 'ATENDIDO' union all select `v`.`fecha` AS `fecha`,'VENTAS' AS `tipo`,`e`.`id` AS `empleado_id`,concat(`e`.`nombres`,' ',`e`.`ape_paterno`,' ',`e`.`ape_materno`) AS `empleado_nombre`,`e`.`cargo` AS `empleado_cargo`,`vd`.`cantidad` AS `cantidad`,`prod`.`id` AS `concepto_id`,`prod`.`nombre` AS `concepto_descripcion`,`um`.`unidad` AS `concepto_unidad`,`prod`.`precio` AS `precio`,`prom`.`id` AS `promo_id`,`prom`.`nombre` AS `promo_nombre`,`vd`.`descuento` AS `descuento`,`vd`.`importe` AS `importe`,`pp`.`comision_barbero` / 100 AS `comision_barbero`,`vd`.`importe` * (`pp`.`comision_barbero` / 100) AS `pago_barbero` from (((((((`ventas` `v` join `ventas_detalles` `vd` on(`v`.`id` = `vd`.`venta`)) join `productos_presentaciones` `pp` on(`vd`.`producto` = `pp`.`id`)) join `productos` `prod` on(`pp`.`producto_id` = `prod`.`id`)) join `unidades_medida` `um` on(`pp`.`unidad_medida_id` = `um`.`id`)) left join `promociones` `prom` on(`v`.`promocion` = `prom`.`id`)) join `usuarios` `usu` on(`v`.`created_by` = `usu`.`id`)) left join `empleados` `e` on(`usu`.`empleado` = `e`.`id`)) ;

--
-- Restricciones para tablas volcadas
--

--
-- Filtros para la tabla `asignaciones`
--
ALTER TABLE `asignaciones`
  ADD CONSTRAINT `fk_asignaciones_empleados` FOREIGN KEY (`empleado`) REFERENCES `empleados` (`id`),
  ADD CONSTRAINT `fk_asignaciones_producto` FOREIGN KEY (`producto_id`) REFERENCES `productos_presentaciones` (`id`);

--
-- Filtros para la tabla `caja_aperturas`
--
ALTER TABLE `caja_aperturas`
  ADD CONSTRAINT `fk_caja_aperturas_usuarios` FOREIGN KEY (`created_by`) REFERENCES `usuarios` (`id`);

--
-- Filtros para la tabla `caja_cierres`
--
ALTER TABLE `caja_cierres`
  ADD CONSTRAINT `fk_caja_cierres_usuarios` FOREIGN KEY (`created_by`) REFERENCES `usuarios` (`id`);

--
-- Filtros para la tabla `citas`
--
ALTER TABLE `citas`
  ADD CONSTRAINT `fk_citas_cliente` FOREIGN KEY (`cliente`) REFERENCES `clientes` (`id`),
  ADD CONSTRAINT `fk_citas_empleado` FOREIGN KEY (`empleado`) REFERENCES `empleados` (`id`),
  ADD CONSTRAINT `fk_citas_promocion` FOREIGN KEY (`promocion`) REFERENCES `promociones` (`id`),
  ADD CONSTRAINT `fk_citas_usuarios` FOREIGN KEY (`created_by`) REFERENCES `usuarios` (`id`);

--
-- Filtros para la tabla `citas_detalles`
--
ALTER TABLE `citas_detalles`
  ADD CONSTRAINT `fk_citas_detalles_cita` FOREIGN KEY (`cita`) REFERENCES `citas` (`id`) ON DELETE CASCADE,
  ADD CONSTRAINT `fk_citas_detalles_servicio` FOREIGN KEY (`servicio`) REFERENCES `servicios` (`id`) ON DELETE CASCADE;

--
-- Filtros para la tabla `clientes_recomendados`
--
ALTER TABLE `clientes_recomendados`
  ADD CONSTRAINT `fk_cr_recomendado` FOREIGN KEY (`recomendado`) REFERENCES `clientes` (`id`) ON DELETE CASCADE,
  ADD CONSTRAINT `fk_cr_recomendador` FOREIGN KEY (`recomendador`) REFERENCES `clientes` (`id`) ON DELETE CASCADE;

--
-- Filtros para la tabla `clientes_vip`
--
ALTER TABLE `clientes_vip`
  ADD CONSTRAINT `fk_cli_vip_cliente` FOREIGN KEY (`cliente`) REFERENCES `clientes` (`id`) ON DELETE CASCADE;

--
-- Filtros para la tabla `compras`
--
ALTER TABLE `compras`
  ADD CONSTRAINT `fk_compras_proveedor` FOREIGN KEY (`proveedor`) REFERENCES `proveedores` (`id`);

--
-- Filtros para la tabla `compras_detalles`
--
ALTER TABLE `compras_detalles`
  ADD CONSTRAINT `fk_compras_detalles_producto_pre` FOREIGN KEY (`producto`) REFERENCES `productos_presentaciones` (`id`),
  ADD CONSTRAINT `fk_compras_detalles_venta` FOREIGN KEY (`compra`) REFERENCES `compras` (`id`) ON DELETE CASCADE;

--
-- Filtros para la tabla `consumos_internos`
--
ALTER TABLE `consumos_internos`
  ADD CONSTRAINT `fk_ci_empleados` FOREIGN KEY (`empleado_id`) REFERENCES `empleados` (`id`),
  ADD CONSTRAINT `fk_ci_productos_pre` FOREIGN KEY (`producto_id`) REFERENCES `productos_presentaciones` (`id`);

--
-- Filtros para la tabla `empleados`
--
ALTER TABLE `empleados`
  ADD CONSTRAINT `fk_empleados_cargos` FOREIGN KEY (`cargo`) REFERENCES `cargos` (`id`);

--
-- Filtros para la tabla `gastos`
--
ALTER TABLE `gastos`
  ADD CONSTRAINT `fk_gastos_gastos_tipos` FOREIGN KEY (`tipo_gasto`) REFERENCES `gastos_tipos` (`id`),
  ADD CONSTRAINT `fk_gastos_usuarios` FOREIGN KEY (`created_by`) REFERENCES `usuarios` (`id`);

--
-- Filtros para la tabla `inventarios_detalles`
--
ALTER TABLE `inventarios_detalles`
  ADD CONSTRAINT `fk_id_inventario` FOREIGN KEY (`inventario`) REFERENCES `inventarios` (`id`) ON DELETE CASCADE,
  ADD CONSTRAINT `fk_inventarios_detalles_producto_pre` FOREIGN KEY (`producto`) REFERENCES `productos_presentaciones` (`id`);

--
-- Filtros para la tabla `kardex`
--
ALTER TABLE `kardex`
  ADD CONSTRAINT `fk_kardex_producto` FOREIGN KEY (`producto`) REFERENCES `productos` (`id`) ON DELETE CASCADE;

--
-- Filtros para la tabla `opiniones`
--
ALTER TABLE `opiniones`
  ADD CONSTRAINT `fk_opiniones_cliente` FOREIGN KEY (`cliente`) REFERENCES `clientes` (`id`),
  ADD CONSTRAINT `fk_opiniones_empleado` FOREIGN KEY (`empleado`) REFERENCES `empleados` (`id`);

--
-- Filtros para la tabla `pagos_adicionales`
--
ALTER TABLE `pagos_adicionales`
  ADD CONSTRAINT `fk_pa_ad_patipo` FOREIGN KEY (`tipo`) REFERENCES `pagos_adicionales_tipos` (`id`);

--
-- Filtros para la tabla `pago_personal`
--
ALTER TABLE `pago_personal`
  ADD CONSTRAINT `fk_pago_personal_empleado` FOREIGN KEY (`empleado`) REFERENCES `empleados` (`id`) ON DELETE CASCADE;

--
-- Filtros para la tabla `productos`
--
ALTER TABLE `productos`
  ADD CONSTRAINT `fk_productos_productos_categorias` FOREIGN KEY (`categoria`) REFERENCES `productos_categorias` (`id`),
  ADD CONSTRAINT `fk_productos_unidades_medida` FOREIGN KEY (`unidad_medida`) REFERENCES `unidades_medida` (`id`);

--
-- Filtros para la tabla `productos_codigos`
--
ALTER TABLE `productos_codigos`
  ADD CONSTRAINT `fk_productos_codigos_productos` FOREIGN KEY (`producto_id`) REFERENCES `productos_presentaciones` (`id`) ON DELETE CASCADE;

--
-- Filtros para la tabla `productos_presentaciones`
--
ALTER TABLE `productos_presentaciones`
  ADD CONSTRAINT `pro_pre_producto` FOREIGN KEY (`producto_id`) REFERENCES `productos` (`id`) ON DELETE CASCADE,
  ADD CONSTRAINT `pro_pre_unidad_medida` FOREIGN KEY (`unidad_medida_id`) REFERENCES `unidades_medida` (`id`) ON DELETE CASCADE;

--
-- Filtros para la tabla `promociones_clientes`
--
ALTER TABLE `promociones_clientes`
  ADD CONSTRAINT `fk_promoc_cli_cliente` FOREIGN KEY (`cliente`) REFERENCES `clientes` (`id`) ON DELETE CASCADE,
  ADD CONSTRAINT `fk_promoc_cli_promocion` FOREIGN KEY (`promocion`) REFERENCES `promociones` (`id`) ON DELETE CASCADE;

--
-- Filtros para la tabla `promociones_config`
--
ALTER TABLE `promociones_config`
  ADD CONSTRAINT `fk_promociones_config_promo` FOREIGN KEY (`promocion`) REFERENCES `promociones` (`id`) ON DELETE CASCADE;

--
-- Filtros para la tabla `promociones_servicios`
--
ALTER TABLE `promociones_servicios`
  ADD CONSTRAINT `fk_promociones_promocion` FOREIGN KEY (`promocion`) REFERENCES `promociones` (`id`) ON DELETE CASCADE,
  ADD CONSTRAINT `fk_promociones_servicio` FOREIGN KEY (`servicio`) REFERENCES `servicios` (`id`) ON DELETE CASCADE;

--
-- Filtros para la tabla `usuarios`
--
ALTER TABLE `usuarios`
  ADD CONSTRAINT `fk_usuarios_empleados` FOREIGN KEY (`empleado`) REFERENCES `empleados` (`id`),
  ADD CONSTRAINT `fk_usuarios_rol` FOREIGN KEY (`rol`) REFERENCES `roles` (`id`);

--
-- Filtros para la tabla `usuario_permisos`
--
ALTER TABLE `usuario_permisos`
  ADD CONSTRAINT `fk_up_permiso` FOREIGN KEY (`permiso_id`) REFERENCES `permisos` (`id`) ON DELETE CASCADE ON UPDATE CASCADE,
  ADD CONSTRAINT `fk_up_usuario` FOREIGN KEY (`usuario_id`) REFERENCES `usuarios` (`id`) ON DELETE CASCADE ON UPDATE CASCADE;

--
-- Filtros para la tabla `ventas`
--
ALTER TABLE `ventas`
  ADD CONSTRAINT `fk_ventas_cliente` FOREIGN KEY (`cliente`) REFERENCES `clientes` (`id`),
  ADD CONSTRAINT `fk_ventas_usuarios` FOREIGN KEY (`created_by`) REFERENCES `usuarios` (`id`);

--
-- Filtros para la tabla `ventas_detalles`
--
ALTER TABLE `ventas_detalles`
  ADD CONSTRAINT `fk_ventas_detalles_producto_pre` FOREIGN KEY (`producto`) REFERENCES `productos_presentaciones` (`id`),
  ADD CONSTRAINT `fk_ventas_detalles_venta` FOREIGN KEY (`venta`) REFERENCES `ventas` (`id`) ON DELETE CASCADE;
COMMIT;

/*!40101 SET CHARACTER_SET_CLIENT=@OLD_CHARACTER_SET_CLIENT */;
/*!40101 SET CHARACTER_SET_RESULTS=@OLD_CHARACTER_SET_RESULTS */;
/*!40101 SET COLLATION_CONNECTION=@OLD_COLLATION_CONNECTION */;
